"1111001","AA","code and description","1111001 - Income Tax - Gross income tax withholding"
"1111001","AA","description","Income Tax - Gross income tax withholding"
"1111002","AA","code and description","1111002 - Income Tax - Gross other individuals"
"1111002","AA","description","Income Tax - Gross other individuals"
"1111004","AA","code and description","1111004 - Income Tax - Medicare levy"
"1111004","AA","description","Income Tax - Medicare levy"
"1111006","AA","code and description","1111006 - Income Tax - Individuals' refunds"
"1111006","AA","description","Income Tax - Individuals' refunds"
"1112002","AA","code and description","1112002 - Income Tax - Company tax"
"1112002","AA","description","Income Tax - Company tax"
"1112004","AA","code and description","1112004 - Income Tax - Superannuation Funds"
"1112004","AA","description","Income Tax - Superannuation Funds"
"1112010","AA","code and description","1112010 - Income Tax - Companies' Refunds"
"1112010","AA","description","Income Tax - Companies' Refunds"
"1112012","AA","code and description","1112012 - Income Tax - Petroleum resource rent tax"
"1112012","AA","description","Income Tax - Petroleum resource rent tax"
"1112014","AA","code and description","1112014 - Income Tax - Superannuation Surcharge"
"1112014","AA","description","Income Tax - Superannuation Surcharge"
"1113002","AA","code and description","1113002 - Income Tax - Superannuation Refunds"
"1113002","AA","description","Income Tax - Superannuation Refunds"
"1114002","AA","code and description","1114002 - Income Tax - Surcharge Refunds"
"1114002","AA","description","Income Tax - Surcharge Refunds"
"1115002","AA","code and description","1115002 - Income Tax - PRRT Refunds"
"1115002","AA","description","Income Tax - PRRT Refunds"
"1115003","AA","code and description","1115003 - Income Tax - Minerals resource rent tax"
"1115003","AA","description","Income Tax - Minerals resource rent tax"
"1115102","AA","code and description","1115102 - Other Tax - FBT Refunds"
"1115102","AA","description","Other Tax - FBT Refunds"
"1120002","AA","code and description","1120002 - Sales Tax - Other sales tax"
"1120002","AA","description","Sales Tax - Other sales tax"
"1120003","AA","code and description","1120003 - Sales Tax - GST-related non-GIC penalties"
"1120003","AA","description","Sales Tax - GST-related non-GIC penalties"
"1121002","AA","code and description","1121002 - Sales Tax - GST Refunds"
"1121002","AA","description","Sales Tax - GST Refunds"
"1122001","AA","code and description","1122001 - Sales Tax - Luxury car tax"
"1122001","AA","description","Sales Tax - Luxury car tax"
"1122002","AA","code and description","1122002 - Sales Tax - LCT Refunds"
"1122002","AA","description","Sales Tax - LCT Refunds"
"1123001","AA","code and description","1123001 - Sales Tax - Wine equalisation tax"
"1123001","AA","description","Sales Tax - Wine equalisation tax"
"1123002","AA","code and description","1123002 - Sales Tax - WET Refunds"
"1123002","AA","description","Sales Tax - WET Refunds"
"1124002","AA","code and description","1124002 - Sales Tax - WST refunds"
"1124002","AA","description","Sales Tax - WST refunds"
"1130002","AA","code and description","1130002 - Excise Duty - Crude oil"
"1130002","AA","description","Excise Duty - Crude oil"
"1130003","AA","code and description","1130003 - Excise Duty - Petrol"
"1130003","AA","description","Excise Duty - Petrol"
"1130004","AA","code and description","1130004 - Excise Duty - Beer"
"1130004","AA","description","Excise Duty - Beer"
"1130005","AA","code and description","1130005 - Excise Duty - Tobacco"
"1130005","AA","description","Excise Duty - Tobacco"
"1130006","AA","code and description","1130006 - Excise Duty - Potable spirits"
"1130006","AA","description","Excise Duty - Potable spirits"
"1130007","AA","code and description","1130007 - Excise duty - Ready to drink spirits"
"1130007","AA","description","Excise duty - Ready to drink spirits"
"1130008","AA","code and description","1130008 - Excise Duty - Diesel"
"1130008","AA","description","Excise Duty - Diesel"
"1130009","AA","code and description","1130009 - Excise Duty - Other petroleum products"
"1130009","AA","description","Excise Duty - Other petroleum products"
"1130098","AA","code and description","1130098 - Excise Duty - Refunds"
"1130098","AA","description","Excise Duty - Refunds"
"1140002","AA","code and description","1140002 - Customs Duty - Textiles, clothing and footwear"
"1140002","AA","description","Customs Duty - Textiles, clothing and footwear"
"1140003","AA","code and description","1140003 - Customs Duty - Passenger motor vehicles"
"1140003","AA","description","Customs Duty - Passenger motor vehicles"
"1140004","AA","code and description","1140004 - Customs Duty - Excise-like goods"
"1140004","AA","description","Customs Duty - Excise-like goods"
"1140005","AA","code and description","1140005 - Customs Duty - Other imports"
"1140005","AA","description","Customs Duty - Other imports"
"1140006","AA","code and description","1140006 - Customs Duty - Refunds and drawbacks"
"1140006","AA","description","Customs Duty - Refunds and drawbacks"
"1150010","AA","code and description","1150010 - Wool Tax"
"1150010","AA","description","Wool Tax"
"1150011","AA","code and description","1150011 - Agricultural Production Taxes - Export"
"1150011","AA","description","Agricultural Production Taxes - Export"
"1150012","AA","code and description","1150012 - Agricultural levies"
"1150012","AA","description","Agricultural levies"
"1150013","AA","code and description","1150013 - Other levies"
"1150013","AA","description","Other levies"
"1150014","AA","code and description","1150014 - Super guarantee charges"
"1150014","AA","description","Super guarantee charges"
"1150015","AA","code and description","1150015 - Penalties"
"1150015","AA","description","Penalties"
"1150016","AA","code and description","1150016 - Broadcasting License Fees"
"1150016","AA","description","Broadcasting License Fees"
"1150017","AA","code and description","1150017 - Passenger Movement Charge"
"1150017","AA","description","Passenger Movement Charge"
"1150018","AA","code and description","1150018 - Visa Application Charge"
"1150018","AA","description","Visa Application Charge"
"1150098","AA","code and description","1150098 - Other taxes"
"1150098","AA","description","Other taxes"
"1160002","AA","code and description","1160002 - Fringe benefits tax"
"1160002","AA","description","Fringe benefits tax (1160002)"
"1170002","AA","code and description","1170002 - Sales Tax - Goods and services tax"
"1170002","AA","description","Sales Tax - Goods and services tax"
"1170003","AA","code and description","1170003 - Sales Tax - GST-related Non-GIC Penalties (ATO and Treasury only)"
"1170003","AA","description","Sales Tax - GST-related Non-GIC Penalties (ATO and Treasury only)"
"1180001","AA","code and description","1180001 - Carbon price tax revenue on issued units"
"1180001","AA","description","Carbon price tax revenue on issued units"
"1180002","AA","code and description","1180002 - Carbon price tax revenue on free units"
"1180002","AA","description","Carbon price tax revenue on free units"
"1220002","AA","code and description","1220002 - Sales of goods"
"1220002","AA","description","Sales of goods"
"1220003","AA","code and description","1220003 - Rental income"
"1220003","AA","description","Rental income"
"1220005","AA","code and description","1220005 - License fees (excl broadcasting)"
"1220005","AA","description","License fees (excl broadcasting)"
"1220008","AA","code and description","1220008 - Rendering of services"
"1220008","AA","description","Rendering of services"
"1220009","AA","code and description","1220009 - Immigration fees"
"1220009","AA","description","Immigration fees"
"1220010","AA","code and description","1220010 - Corporation law fees"
"1220010","AA","description","Corporation law fees"
"1220011","AA","code and description","1220011 - Passenger Processing Fees"
"1220011","AA","description","Passenger Processing Fees"
"1220012","AA","code and description","1220012 - Other fees from regulatory services"
"1220012","AA","description","Other fees from regulatory services"
"1220013","AA","code and description","1220013 - GST administration charge"
"1220013","AA","description","GST administration charge"
"1220014","AA","code and description","1220014 - Sublease Income"
"1220014","AA","description","Sublease Income"
"1220015","AA","code and description","1220015 - Gain on Sublease"
"1220015","AA","description","Gain on Sublease"
"1220016","AA","code and description","1220016 - Gain on Finance Sublease"
"1220016","AA","description","Gain on Finance Sublease"
"1220017","AA","code and description","1220017 - Sublease Interest Income Finance Leases"
"1220017","AA","description","Sublease Interest Income Finance Leases"
"1220020","AA","code and description","1220020 - Cost of Sales (Annual only)"
"1220020","AA","description","Cost of Sales (Annual only)"
"1222420","AA","code and description","1222420 - less selling cost of sales of heritage and cultural assets - Gain on sale"
"1222420","AA","description","less selling cost of sales of heritage and cultural assets - Gain on sale"
"1222430","AA","code and description","1222430 - less value of heritage and cultural assets sold - Gain on Sale"
"1222430","AA","description","less value of heritage and cultural assets sold - Gain on Sale"
"1222510","AA","code and description","1222510 - Proceeds from sales of investment property - Gain on sale"
"1222510","AA","description","Proceeds from sales of investment property - Gain on sale"
"1222520","AA","code and description","1222520 - less selling cost of sales of investment property - Gain on sale"
"1222520","AA","description","less selling cost of sales of investment property - Gain on sale"
"1222530","AA","code and description","1222530 - less value of investment property sold - Gain on Sale"
"1222530","AA","description","less value of investment property sold - Gain on Sale"
"1222610","AA","code and description","1222610 - Proceeds from sales of biological assets - Gain on sale"
"1222610","AA","description","Proceeds from sales of biological assets - Gain on sale"
"1222620","AA","code and description","1222620 - less Selling cost of sales of biological assets - Gain on sale"
"1222620","AA","description","less Selling cost of sales of biological assets - Gain on sale"
"1222630","AA","code and description","1222630 - less value of biological assets sold - Gain on Sale"
"1222630","AA","description","less value of biological assets sold - Gain on Sale"
"1231001","AA","code and description","1231001 - Interest from general purpose advances"
"1231001","AA","description","Interest from general purpose advances"
"1231002","AA","code and description","1231002 - Interest from housing agreements"
"1231002","AA","description","Interest from housing agreements"
"1231004","AA","code and description","1231004 - Interest from the Multi-jurisdictional Sector"
"1231004","AA","description","Interest from the Multi-jurisdictional Sector"
"1231098","AA","code and description","1231098 - Other Interest from Other Governments"
"1231098","AA","description","Other Interest from Other Governments"
"1231300","AA","code and description","1231300 - Interest from State and Territory debt"
"1231300","AA","description","Interest from State and Territory debt"
"1231400","AA","code and description","1231400 - Interest from Local Government"
"1231400","AA","description","Interest from Local Government"
"1232001","AA","code and description","1232001 - Interest from Advances"
"1232001","AA","description","Interest from Advances"
"1232002","AA","code and description","1232002 - Interest Bank Deposits"
"1232002","AA","description","Interest Bank Deposits"
"1232003","AA","code and description","1232003 - Interest Bills Receivable"
"1232003","AA","description","Interest Bills Receivable"
"1232004","AA","code and description","1232004 - Interest from deposits"
"1232004","AA","description","Interest from deposits"
"1232005","AA","code and description","1232005 - Interest from loans and advances"
"1232005","AA","description","Interest from loans and advances"
"1232006","AA","code and description","1232006 - Interest from Leases"
"1232006","AA","description","Interest from Leases"
"1232007","AA","code and description","1232007 - Interest from Overdue Debts"
"1232007","AA","description","Interest from Overdue Debts"
"1232008","AA","code and description","1232008 - Interest from derivatives"
"1232008","AA","description","Interest from derivatives"
"1232009","AA","code and description","1232009 - Interest from foreign securities and loans"
"1232009","AA","description","Interest from foreign securities and loans"
"1232010","AA","code and description","1232010 - Interest from securities"
"1232010","AA","description","Interest from securities"
"1232098","AA","code and description","1232098 - Interest from other"
"1232098","AA","description","Interest from other"
"1233002","AA","code and description","1233002 - Dividends - Associated Entities"
"1233002","AA","description","Dividends - Associated Entities"
"1233003","AA","code and description","1233003 - Dividends - International Financial Institutions"
"1233003","AA","description","Dividends - International Financial Institutions"
"1233004","AA","code and description","1233004 - Other dividends"
"1233004","AA","description","Other dividends"
"1233098","AA","code and description","1233098 - Dividends from other public sector entities"
"1233098","AA","description","Dividends from other public sector entities"
"1234001","AA","code and description","1234001 - Unwind concessional loan discount"
"1234001","AA","description","Unwind concessional loan discount"
"1234002","AA","code and description","1234002 - Unwind Concessional Investment Discount"
"1234002","AA","description","Unwind Concessional Investment Discount"
"1240001","AA","code and description","1240001 - Foreign Exchange Gains - Speculative"
"1240001","AA","description","Foreign Exchange Gains - Speculative"
"1240002","AA","code and description","1240002 - Foreign exchange gains - Other"
"1240002","AA","description","Foreign exchange gains - Other"
"1240003","AA","code and description","1240003 - Foreign exchange gains - Suppliers"
"1240003","AA","description","Foreign exchange gains - Suppliers"
"1240004","AA","code and description","1240004 - Foreign exchange gains - Property, plant and equipment"
"1240004","AA","description","Foreign exchange gains - Property, plant and equipment"
"1240005","AA","code and description","1240005 - Foreign exchange gains - Cash"
"1240005","AA","description","Foreign exchange gains - Cash"
"1240006","AA","code and description","1240006 - Foreign exchange gains - Goods and services receivable"
"1240006","AA","description","Foreign exchange gains - Goods and services receivable"
"1240007","AA","code and description","1240007 - Foreign exchange gains - Investments"
"1240007","AA","description","Foreign exchange gains - Investments"
"1240008","AA","code and description","1240008 - Foreign exchange gains - Loans and advances receivable"
"1240008","AA","description","Foreign exchange gains - Loans and advances receivable"
"1240009","AA","code and description","1240009 - Foreign exchange gains - Borrowings"
"1240009","AA","description","Foreign exchange gains - Borrowings"
"1240010","AA","code and description","1240010 - Fair value gains - Biological assets"
"1240010","AA","description","Fair value gains - Biological assets"
"1240011","AA","code and description","1240011 - Foreign exchange gains - Other debt"
"1240011","AA","description","Foreign exchange gains - Other debt"
"1240020","AA","code and description","1240020 - Fair value gains - Investment property"
"1240020","AA","description","Fair value gains - Investment property"
"1251001","AA","code and description","1251001 - Proceeds from sales of investments - Gain on sale"
"1251001","AA","description","Proceeds from sales of investments - Gain on sale"
"1251002","AA","code and description","1251002 - less selling costs of sale of investments - Gain on sale"
"1251002","AA","description","less selling costs of sale of investments - Gain on sale"
"1251003","AA","code and description","1251003 - less value of investments sold - Gain on sale"
"1251003","AA","description","less value of investments sold - Gain on sale"
"1251201","AA","code and description","1251201 - Proceeds from sale of receivables - Gain on Sale"
"1251201","AA","description","Proceeds from sale of receivables - Gain on Sale"
"1251202","AA","code and description","1251202 - less Selling costs of sale of receivables - Gain on Sale"
"1251202","AA","description","less Selling costs of sale of receivables - Gain on Sale"
"1251203","AA","code and description","1251203 - less Value of receivables sold - Gain on Sale"
"1251203","AA","description","less Value of receivables sold - Gain on Sale"
"1252001","AA","code and description","1252001 - Proceeds from sale of land and buildings - Gain on sale"
"1252001","AA","description","Proceeds from sale of land and buildings - Gain on sale"
"1252002","AA","code and description","1252002 - less selling costs of sale of land and buildings - Gain on sale"
"1252002","AA","description","less selling costs of sale of land and buildings - Gain on sale"
"1252003","AA","code and description","1252003 - less value of land and buildings sold- Gain on sale"
"1252003","AA","description","less value of land and buildings sold- Gain on sale"
"1252004","AA","code and description","1252004 - Proceeds from sale of Infrastructure, plant and equipment - Gain on sale"
"1252004","AA","description","Proceeds from sale of Infrastructure, plant and equipment - Gain on sale"
"1252005","AA","code and description","1252005 - less selling cost of sale of Infrastructure, plant and equipment - Gain on sale"
"1252005","AA","description","less selling cost of sale of Infrastructure, plant and equipment - Gain on sale"
"1252006","AA","code and description","1252006 - less value of Infrastructure, plant and equipment sold - Gain on Sale"
"1252006","AA","description","less value of Infrastructure, plant and equipment sold - Gain on Sale"
"1252007","AA","code and description","1252007 - Proceeds from sales of intangibles - Gain on sale"
"1252007","AA","description","Proceeds from sales of intangibles - Gain on sale"
"1252008","AA","code and description","1252008 - less selling cost of sales of intangibles - Gain on sale"
"1252008","AA","description","less selling cost of sales of intangibles - Gain on sale"
"1252009","AA","code and description","1252009 - less value of intangibles sold - Gain on sale"
"1252009","AA","description","less value of intangibles sold - Gain on sale"
"1252010","AA","code and description","1252010 - Proceeds from sales of heritage and cultural assets - Gain on sale"
"1252010","AA","description","Proceeds from sales of heritage and cultural assets - Gain on sale"
"1260001","AA","code and description","1260001 - Proceeds from Asset Sales"
"1260001","AA","description","Proceeds from Asset Sales"
"1260002","AA","code and description","1260002 - Selling costs of asset sales - Gain on Sale"
"1260002","AA","description","Selling costs of asset sales - Gain on Sale"
"1260003","AA","code and description","1260003 - WDV of assets sold - Gain on Sale"
"1260003","AA","description","WDV of assets sold - Gain on Sale"
"1260098","AA","code and description","1260098 - Gain to the Economic Entity (OEI)"
"1260098","AA","description","Gain to the Economic Entity (OEI)"
"1261000","AA","code and description","1261000 - Share of net profit from associates using equity method"
"1261000","AA","description","Share of net profit from associates using equity method"
"1265001","AA","code and description","1265001 - Buildings - Reversal of write down and impairment"
"1265001","AA","description","Buildings - Reversal of write down and impairment"
"1265002","AA","code and description","1265002 - Land - Reversal of write down and impairment"
"1265002","AA","description","Land - Reversal of write down and impairment"
"1265003","AA","code and description","1265003 - Specialist Military Equipment - Reversal of write down and impairment"
"1265003","AA","description","Specialist Military Equipment - Reversal of write down and impairment"
"1265004","AA","code and description","1265004 - Inventories - Reversal of write down and impairment"
"1265004","AA","description","Inventories - Reversal of write down and impairment"
"1265005","AA","code and description","1265005 - Other Infrastructure, Plant and Equipment - Reversal of write down and impairment"
"1265005","AA","description","Other Infrastructure, Plant and Equipment - Reversal of write down and impairment"
"1265006","AA","code and description","1265006 - Intangibles - Reversal of write down and impairment"
"1265006","AA","description","Intangibles - Reversal of write down and impairment"
"1265007","AA","code and description","1265007 - Heritage and Cultural Assets - Reversal of write down and impairment"
"1265007","AA","description","Heritage and Cultural Assets - Reversal of write down and impairment"
"1270001","AA","code and description","1270001 - Fair value gains - Other financial instruments"
"1270001","AA","description","Fair value gains - Other financial instruments"
"1270002","AA","code and description","1270002 - Liabilities assumed by related entities"
"1270002","AA","description","Liabilities assumed by related entities"
"1270003","AA","code and description","1270003 - Assets transferred from related entities"
"1270003","AA","description","Assets transferred from related entities"
"1270004","AA","code and description","1270004 - Resources received free of charge - gains"
"1270004","AA","description","Resources received free of charge - gains"
"1270006","AA","code and description","1270006 - Subsidy revenue"
"1270006","AA","description","Subsidy revenue"
"1270008","AA","code and description","1270008 - Grant revenue"
"1270008","AA","description","Grant revenue"
"1270010","AA","code and description","1270010 - Superannuation contributions"
"1270010","AA","description","Superannuation contributions"
"1270012","AA","code and description","1270012 - Workers compensation received"
"1270012","AA","description","Workers compensation received"
"1270013","AA","code and description","1270013 - Amortised Premiums on Borrowings"
"1270013","AA","description","Amortised Premiums on Borrowings"
"1270014","AA","code and description","1270014 - Industry contributions"
"1270014","AA","description","Industry contributions"
"1270015","AA","code and description","1270015 - IMF Related Revenue"
"1270015","AA","description","IMF Related Revenue"
"1270016","AA","code and description","1270016 - Profit on early redemption of state debt"
"1270016","AA","description","Profit on early redemption of state debt"
"1270017","AA","code and description","1270017 - Seigniorage"
"1270017","AA","description","Seigniorage"
"1270018","AA","code and description","1270018 - Grants received from Portfolio Department"
"1270018","AA","description","Grants received from Portfolio Department"
"1270019","AA","code and description","1270019 - Indexation of student loans"
"1270019","AA","description","Indexation of student loans"
"1270020","AA","code and description","1270020 - Capitalised interest revenue"
"1270020","AA","description","Capitalised interest revenue"
"1270022","AA","code and description","1270022 - Immigration Fines"
"1270022","AA","description","Immigration Fines"
"1270023","AA","code and description","1270023 - Royalties"
"1270023","AA","description","Royalties"
"1270024","AA","code and description","1270024 - Writedown of Debt Liabilities"
"1270024","AA","description","Writedown of Debt Liabilities"
"1270025","AA","code and description","1270025 - Assets now recognised - Property, plant and equipment"
"1270025","AA","description","Assets now recognised - Property, plant and equipment"
"1270026","AA","code and description","1270026 - Assets now recognised - Inventory"
"1270026","AA","description","Assets now recognised - Inventory"
"1270027","AA","code and description","1270027 - Assets now recognised - Other assets"
"1270027","AA","description","Assets now recognised - Other assets"
"1270028","AA","code and description","1270028 - Rental income from investment properties"
"1270028","AA","description","Rental income from investment properties"
"1270029","AA","code and description","1270029 - Fair Value Gains Carbon Price Scheme"
"1270029","AA","description","Fair Value Gains Carbon Price Scheme"
"1270030","AA","code and description","1270030 - Nation Building and COAG transfers - Revenue"
"1270030","AA","description","Nation Building and COAG transfers - Revenue"
"1270032","AA","code and description","1270032 - Child support revenue"
"1270032","AA","description","Child support revenue"
"1270033","AA","code and description","1270033 - Private health insurance risk equalisation levy"
"1270033","AA","description","Private health insurance risk equalisation levy"
"1270034","AA","code and description","1270034 - Resources received free of charge - revenue"
"1270034","AA","description","Resources received free of charge - revenue"
"1270035","AA","code and description","1270035 - Administered receipt of departmental funds to transfer to OPA"
"1270035","AA","description","Administered receipt of departmental funds to transfer to OPA"
"1270036","AA","code and description","1270036 - Competitive neutrality revenue"
"1270036","AA","description","Competitive neutrality revenue"
"1270037","AA","code and description","1270037 - Loan fees on student loans"
"1270037","AA","description","Loan fees on student loans"
"1270040","AA","code and description","1270040 - Fair value gains - Investments"
"1270040","AA","description","Fair value gains - Investments"
"1270041","AA","code and description","1270041 - Fair value gains - loans and advances designated at fair value"
"1270041","AA","description","Fair value gains - loans and advances designated at fair value"
"1270042","AA","code and description","1270042 - Fair value gains - Other receivables designated at fair value"
"1270042","AA","description","Fair value gains - Other receivables designated at fair value"
"1270043","AA","code and description","1270043 - Fair value gains - Borrowings"
"1270043","AA","description","Fair value gains - Borrowings"
"1270044","AA","code and description","1270044 - Fair value gains - Other debt"
"1270044","AA","description","Fair value gains - Other debt"
"1270045","AA","code and description","1270045 - Fair value gains - IDA/ADF subscription"
"1270045","AA","description","Fair value gains - IDA/ADF subscription"
"1270048","AA","code and description","1270048 - Gift / donation of non-financial assets"
"1270048","AA","description","Gift / donation of non-financial assets"
"1270095","AA","code and description","1270095 - Recoveries"
"1270095","AA","description","Recoveries"
"1270096","AA","code and description","1270096 - Fines and penalties"
"1270096","AA","description","Fines and penalties"
"1270098","AA","code and description","1270098 - Other non-taxation revenue"
"1270098","AA","description","Other non-taxation revenue"
"1280003","AA","code and description","1280003 - Price of outputs - Provisional (Dept Only)"
"1280003","AA","description","Price of outputs - Provisional (Dept Only)"
"1280004","AA","code and description","1280004 - Price of Outputs - Agreed (Dept Only)"
"1280004","AA","description","Price of Outputs - Agreed (Dept Only)"
"1290098","AA","code and description","1290098 - Other gains"
"1290098","AA","description","Other gains (1290098)"
"2000001","AA","code and description","2000001 - Income Tax Expense"
"2000001","AA","description","Income Tax Expense"
"2000002","AA","code and description","2000002 - Competitive neutrality - Commonwealth tax equivalent expense"
"2000002","AA","description","Competitive neutrality - Commonwealth tax equivalent expense"
"2220001","AA","code and description","2220001 - Wages and salaries expenses"
"2220001","AA","description","Wages and salaries expenses"
"2220003","AA","code and description","2220003 - Superannuation - Defined contribution plans"
"2220003","AA","description","Superannuation - Defined contribution plans"
"2220004","AA","code and description","2220004 - Superannuation - Defined benefit plans"
"2220004","AA","description","Superannuation - Defined benefit plans"
"2220005","AA","code and description","2220005 - Leave and other entitlements"
"2220005","AA","description","Leave and other entitlements"
"2220006","AA","code and description","2220006 - Superannuation - Military Defined Benefit Plans"
"2220006","AA","description","Superannuation - Military Defined Benefit Plans"
"2220007","AA","code and description","2220007 - Superannuation - External Defined Benefit Plans"
"2220007","AA","description","Superannuation - External Defined Benefit Plans"
"2220008","AA","code and description","2220008 - Workers compensation premiums"
"2220008","AA","description","Workers compensation premiums"
"2220010","AA","code and description","2220010 - Workers compensation claims"
"2220010","AA","description","Workers compensation claims"
"2220011","AA","code and description","2220011 - Fringe benefits tax"
"2220011","AA","description","Fringe benefits tax (2220011)"
"2220012","AA","code and description","2220012 - Separation and redundancy payments"
"2220012","AA","description","Separation and redundancy payments"
"2220013","AA","code and description","2220013 - Superannuation interest"
"2220013","AA","description","Superannuation interest"
"2220014","AA","code and description","2220014 - Superannuation member accruals"
"2220014","AA","description","Superannuation member accruals"
"2220015","AA","code and description","2220015 - Revaluation of Superannuation Liability (Finance and Defence only)"
"2220015","AA","description","Revaluation of Superannuation Liability (Finance and Defence only)"
"2220016","AA","code and description","2220016 - Housing"
"2220016","AA","description","Housing"
"2220097","AA","code and description","2220097 - Employee recoveries"
"2220097","AA","description","Employee recoveries"
"2220098","AA","code and description","2220098 - Other employee expenses"
"2220098","AA","description","Other employee expenses"
"2230002","AA","code and description","2230002 - Supply of goods and services expense"
"2230002","AA","description","Supply of goods and services expense"
"2230004","AA","code and description","2230004 - Short term lease payments"
"2230004","AA","description","Short term lease payments"
"2230005","AA","code and description","2230005 - Leases of low value assets"
"2230005","AA","description","Leases of low value assets"
"2230006","AA","code and description","2230006 - Finance lease contingent rentals"
"2230006","AA","description","Finance lease contingent rentals"
"2230007","AA","code and description","2230007 - Variable Lease payments"
"2230007","AA","description","Variable Lease payments"
"2230008","AA","code and description","2230008 - Loss on Sublease"
"2230008","AA","description","Loss on Sublease"
"2230009","AA","code and description","2230009 - Loss on Finance Sublease"
"2230009","AA","description","Loss on Finance Sublease"
"2230010","AA","code and description","2230010 - Customs Duty expense (Annual Only)"
"2230010","AA","description","Customs Duty expense (Annual Only)"
"2230012","AA","code and description","2230012 - Licence Fee expense"
"2230012","AA","description","Licence Fee expense"
"2230013","AA","code and description","2230013 - Supplier expenses for employment and training assistance"
"2230013","AA","description","Supplier expenses for employment and training assistance"
"2230014","AA","code and description","2230014 - Sublease payments"
"2230014","AA","description","Sublease payments"
"2230015","AA","code and description","2230015 - Supply - inventory"
"2230015","AA","description","Supply - inventory"
"2230097","AA","code and description","2230097 - Supplier recoveries"
"2230097","AA","description","Supplier recoveries"
"2230098","AA","code and description","2230098 - Other supplier expenses"
"2230098","AA","description","Other supplier expenses"
"2241001","AA","code and description","2241001 - Specialist military equipment - Depreciation"
"2241001","AA","description","Specialist military equipment - Depreciation"
"2241002","AA","code and description","2241002 - Buildings - Depreciation"
"2241002","AA","description","Buildings - Depreciation"
"2241003","AA","code and description","2241003 - Other infrastructure, plant and equipment - Depreciation"
"2241003","AA","description","Other infrastructure, plant and equipment - Depreciation"
"2241004","AA","code and description","2241004 - Heritage and cultural assets - Depreciation"
"2241004","AA","description","Heritage and cultural assets - Depreciation"
"2241005","AA","code and description","2241005 - Investment Property at Cost - Depn"
"2241005","AA","description","Investment Property at Cost - Depn"
"2242001","AA","code and description","2242001 - Assets held under finance leases - Amortisation"
"2242001","AA","description","Assets held under finance leases - Amortisation"
"2242002","AA","code and description","2242002 - Computer Software - Amortisation"
"2242002","AA","description","Computer Software - Amortisation"
"2242003","AA","code and description","2242003 - Other intangibles - Amortisation"
"2242003","AA","description","Other intangibles - Amortisation"
"2251002","AA","code and description","2251002 - Goods and services - Bad and doubtful debts"
"2251002","AA","description","Goods and services - Bad and doubtful debts"
"2251003","AA","code and description","2251003 - Income taxes due - Bad and doubtful debts"
"2251003","AA","description","Income taxes due - Bad and doubtful debts"
"2251004","AA","code and description","2251004 - Loans and advances - Bad and doubtful debts"
"2251004","AA","description","Loans and advances - Bad and doubtful debts"
"2251005","AA","code and description","2251005 - Bad and Doubtful Debts - Loans to State and Territory Govts"
"2251005","AA","description","Bad and Doubtful Debts - Loans to State and Territory Govts"
"2251006","AA","code and description","2251006 - Bad and Doubtful Debts - HECS"
"2251006","AA","description","Bad and Doubtful Debts - HECS"
"2251007","AA","code and description","2251007 - Bad and Doubtful Debts - Other Student Loans"
"2251007","AA","description","Bad and Doubtful Debts - Other Student Loans"
"2251008","AA","code and description","2251008 - Appropriation Receivable Write-down"
"2251008","AA","description","Appropriation Receivable Write-down"
"2251009","AA","code and description","2251009 - Sales tax due - Bad and doubtful debts"
"2251009","AA","description","Sales tax due - Bad and doubtful debts"
"2251010","AA","code and description","2251010 - Recoveries of personal benefits - Bad & doubtful debts"
"2251010","AA","description","Recoveries of personal benefits - Bad & doubtful debts"
"2251011","AA","code and description","2251011 - Carbon Price Scheme - Bad and doubtful debts"
"2251011","AA","description","Carbon Price Scheme - Bad and doubtful debts"
"2251012","AA","code and description","2251012 - Child support receivables - Bad and doubtful debts"
"2251012","AA","description","Child support receivables - Bad and doubtful debts"
"2251013","AA","code and description","2251013 - Unfunded university superannuation - Bad and doubtful debts"
"2251013","AA","description","Unfunded university superannuation - Bad and doubtful debts"
"2251014","AA","code and description","2251014 - Excise duty due - Bad and doubtful debts"
"2251014","AA","description","Excise duty due - Bad and doubtful debts"
"2251015","AA","code and description","2251015 - Customs duty due - Bad and doubtful debts"
"2251015","AA","description","Customs duty due - Bad and doubtful debts"
"2251016","AA","code and description","2251016 - Other taxes due - bad and doubtful debts"
"2251016","AA","description","Other taxes due - bad and doubtful debts"
"2251090","AA","code and description","2251090 - Remissions - loans and receivables"
"2251090","AA","description","Remissions - loans and receivables"
"2251091","AA","code and description","2251091 - Remissions - Carbon Price Scheme"
"2251091","AA","description","Remissions - Carbon Price Scheme"
"2251093","AA","code and description","2251093 - Remissions - Other taxes"
"2251093","AA","description","Remissions - Other taxes"
"2251094","AA","code and description","2251094 - Remissions - Customs duty"
"2251094","AA","description","Remissions - Customs duty"
"2251095","AA","code and description","2251095 - Remissions - Excise duty"
"2251095","AA","description","Remissions - Excise duty"
"2251096","AA","code and description","2251096 - Remissions - Sales taxes"
"2251096","AA","description","Remissions - Sales taxes"
"2251097","AA","code and description","2251097 - Remissions - Income taxes"
"2251097","AA","description","Remissions - Income taxes"
"2251098","AA","code and description","2251098 - Other Receivables - Bad and doubtful debts"
"2251098","AA","description","Other Receivables - Bad and doubtful debts"
"2252002","AA","code and description","2252002 - Fair value losses - Other financial Instruments"
"2252002","AA","description","Fair value losses - Other financial Instruments"
"2252003","AA","code and description","2252003 - Fair value losses - Investments"
"2252003","AA","description","Fair value losses - Investments"
"2252004","AA","code and description","2252004 - Fair value losses - loans and advances designated at fair value"
"2252004","AA","description","Fair value losses - loans and advances designated at fair value"
"2252005","AA","code and description","2252005 - Fair value losses - Other receivables designated at fair value"
"2252005","AA","description","Fair value losses - Other receivables designated at fair value"
"2252006","AA","code and description","2252006 - Fair value losses - Borrowings"
"2252006","AA","description","Fair value losses - Borrowings"
"2252007","AA","code and description","2252007 - Fair value losses - Other debt"
"2252007","AA","description","Fair value losses - Other debt"
"2252008","AA","code and description","2252008 - Fair value losses - IDA/ADF subscription"
"2252008","AA","description","Fair value losses - IDA/ADF subscription"
"2253140","AA","code and description","2253140 - Fair value losses - Biological assets"
"2253140","AA","description","Fair value losses - Biological assets"
"2253145","AA","code and description","2253145 - Fair value losses - Investment property"
"2253145","AA","description","Fair value losses - Investment property"
"2254001","AA","code and description","2254001 - Buildings - Write down and impairment"
"2254001","AA","description","Buildings - Write down and impairment"
"2254002","AA","code and description","2254002 - Land - Write down and impairment"
"2254002","AA","description","Land - Write down and impairment"
"2254003","AA","code and description","2254003 - Specialist military equipment - Write down and impairment"
"2254003","AA","description","Specialist military equipment - Write down and impairment"
"2254004","AA","code and description","2254004 - Inventories - Write down and impairment"
"2254004","AA","description","Inventories - Write down and impairment"
"2254005","AA","code and description","2254005 - Other infrastructure, plant and equipment - Write down and impairment"
"2254005","AA","description","Other infrastructure, plant and equipment - Write down and impairment"
"2254006","AA","code and description","2254006 - Intangibles - Write down and impairment"
"2254006","AA","description","Intangibles - Write down and impairment"
"2254007","AA","code and description","2254007 - Heritage and cultural assets - Write down and impairment"
"2254007","AA","description","Heritage and cultural assets - Write down and impairment"
"2254098","AA","code and description","2254098 - Other Non-financial Assets - Write Down from Revaluation"
"2254098","AA","description","Other Non-financial Assets - Write Down from Revaluation"
"2255001","AA","code and description","2255001 - Buildings - Reversal of Write Down"
"2255001","AA","description","Buildings - Reversal of Write Down"
"2255002","AA","code and description","2255002 - Land - Reversal of Write Down"
"2255002","AA","description","Land - Reversal of Write Down"
"2255003","AA","code and description","2255003 - Specialist Military Equipment - Reversal of Write Down"
"2255003","AA","description","Specialist Military Equipment - Reversal of Write Down"
"2255004","AA","code and description","2255004 - Inventories - Reversal of Write Down"
"2255004","AA","description","Inventories - Reversal of Write Down"
"2255005","AA","code and description","2255005 - Other Infrastructure, Plant and Equipment - Reversal of Write Down"
"2255005","AA","description","Other Infrastructure, Plant and Equipment - Reversal of Write Down"
"2255006","AA","code and description","2255006 - Intangibles - Reversal of Write Down"
"2255006","AA","description","Intangibles - Reversal of Write Down"
"2255007","AA","code and description","2255007 - Heritage and Cultural Assets - Reversal of Write Down"
"2255007","AA","description","Heritage and Cultural Assets - Reversal of Write Down"
"2255098","AA","code and description","2255098 - Other Non-financial assets - Reversal of Write Down"
"2255098","AA","description","Other Non-financial assets - Reversal of Write Down"
"2256001","AA","code and description","2256001 - Fair value losses - Carbon Price Scheme"
"2256001","AA","description","Fair value losses - Carbon Price Scheme"
"2260001","AA","code and description","2260001 - Foreign Exchange loss - Speculative"
"2260001","AA","description","Foreign Exchange loss - Speculative"
"2260002","AA","code and description","2260002 - Foreign Exchange loss - Other"
"2260002","AA","description","Foreign Exchange loss - Other"
"2260003","AA","code and description","2260003 - Foreign exchange losses - Suppliers"
"2260003","AA","description","Foreign exchange losses - Suppliers"
"2260004","AA","code and description","2260004 - Foreign exchange losses - Property, plant and equipment"
"2260004","AA","description","Foreign exchange losses - Property, plant and equipment"
"2260005","AA","code and description","2260005 - Foreign exchange losses - Cash"
"2260005","AA","description","Foreign exchange losses - Cash"
"2260006","AA","code and description","2260006 - Foreign exchange losses - Goods and services receivable"
"2260006","AA","description","Foreign exchange losses - Goods and services receivable"
"2260007","AA","code and description","2260007 - Foreign exchange losses - Investments"
"2260007","AA","description","Foreign exchange losses - Investments"
"2260008","AA","code and description","2260008 - Foreign exchange losses - Loans and advances receivable"
"2260008","AA","description","Foreign exchange losses - Loans and advances receivable"
"2260009","AA","code and description","2260009 - Foreign exchange losses - Borrowings"
"2260009","AA","description","Foreign exchange losses - Borrowings"
"2260011","AA","code and description","2260011 - Foreign exchange losses - Other debt"
"2260011","AA","description","Foreign exchange losses - Other debt"
"2271001","AA","code and description","2271001 - Proceeds from sale of investments - Loss on sale"
"2271001","AA","description","Proceeds from sale of investments - Loss on sale"
"2271002","AA","code and description","2271002 - Selling costs of sale of investments - Loss on sale"
"2271002","AA","description","Selling costs of sale of investments - Loss on sale"
"2271003","AA","code and description","2271003 - Value of investments sold - Loss on sale"
"2271003","AA","description","Value of investments sold - Loss on sale"
"2271201","AA","code and description","2271201 - Proceeds from Sale of Receivables - Loss on Sale"
"2271201","AA","description","Proceeds from Sale of Receivables - Loss on Sale"
"2271202","AA","code and description","2271202 - Selling Costs of Sale of Receivables - Loss on Sale"
"2271202","AA","description","Selling Costs of Sale of Receivables - Loss on Sale"
"2271203","AA","code and description","2271203 - Value of Receivables sold - Loss on Sale"
"2271203","AA","description","Value of Receivables sold - Loss on Sale"
"2272001","AA","code and description","2272001 - Proceeds from sale of land and buildings - Loss on sale"
"2272001","AA","description","Proceeds from sale of land and buildings - Loss on sale"
"2272002","AA","code and description","2272002 - Selling costs of sale of land and buildings - Loss on sale"
"2272002","AA","description","Selling costs of sale of land and buildings - Loss on sale"
"2272003","AA","code and description","2272003 - Value of Land and Buildings sold - Loss on sale"
"2272003","AA","description","Value of Land and Buildings sold - Loss on sale"
"2272004","AA","code and description","2272004 - Proceeds from sale of infrastructure, plant and equipment - Loss on sale"
"2272004","AA","description","Proceeds from sale of infrastructure, plant and equipment - Loss on sale"
"2272005","AA","code and description","2272005 - Selling costs of sale of infrastructure, plant and equipment - Loss on sale"
"2272005","AA","description","Selling costs of sale of infrastructure, plant and equipment - Loss on sale"
"2272006","AA","code and description","2272006 - Value of infrastructure, plant and equipment sold - Loss on sale"
"2272006","AA","description","Value of infrastructure, plant and equipment sold - Loss on sale"
"2272007","AA","code and description","2272007 - Proceeds from sales of intangibles - Loss on sale"
"2272007","AA","description","Proceeds from sales of intangibles - Loss on sale"
"2272008","AA","code and description","2272008 - Selling cost of sales of intangibles - Loss on sale"
"2272008","AA","description","Selling cost of sales of intangibles - Loss on sale"
"2272009","AA","code and description","2272009 - Value of intangibles sold - Loss on sale"
"2272009","AA","description","Value of intangibles sold - Loss on sale"
"2272011","AA","code and description","2272011 - Selling cost of sale of heritage and cultural assets - Loss on sale"
"2272011","AA","description","Selling cost of sale of heritage and cultural assets - Loss on sale"
"2272012","AA","code and description","2272012 - Value of heritage and cultural assets sold - Loss on sale"
"2272012","AA","description","Value of heritage and cultural assets sold - Loss on sale"
"2272410","AA","code and description","2272410 - Proceeds from sale of heritage and cultural assets - Loss on sale"
"2272410","AA","description","Proceeds from sale of heritage and cultural assets - Loss on sale"
"2272510","AA","code and description","2272510 - Proceeds from Sale of Investment Property - Loss on Sale"
"2272510","AA","description","Proceeds from Sale of Investment Property - Loss on Sale"
"2272520","AA","code and description","2272520 - Selling Cost of Sales of Investment Property - Loss on Sale"
"2272520","AA","description","Selling Cost of Sales of Investment Property - Loss on Sale"
"2272530","AA","code and description","2272530 - Value of Investment Property Sold - Loss on Sale"
"2272530","AA","description","Value of Investment Property Sold - Loss on Sale"
"2272610","AA","code and description","2272610 - Proceeds from sale of biological assets - Loss on sale"
"2272610","AA","description","Proceeds from sale of biological assets - Loss on sale"
"2272620","AA","code and description","2272620 - Selling cost of sale of biological assets - Loss on sale"
"2272620","AA","description","Selling cost of sale of biological assets - Loss on sale"
"2272630","AA","code and description","2272630 - Value of biological assets sold - Loss on sale"
"2272630","AA","description","Value of biological assets sold - Loss on sale"
"2280001","AA","code and description","2280001 - FBT"
"2280001","AA","description","FBT"
"2280003","AA","code and description","2280003 - Claims"
"2280003","AA","description","Claims"
"2280004","AA","code and description","2280004 - Assets Transferred to Related Entities"
"2280004","AA","description","Assets Transferred to Related Entities"
"2280005","AA","code and description","2280005 - Liabilities Transferred from Related Entities"
"2280005","AA","description","Liabilities Transferred from Related Entities"
"2280006","AA","code and description","2280006 - Competitive neutrality - levies and charges equivalents"
"2280006","AA","description","Competitive neutrality - levies and charges equivalents"
"2280007","AA","code and description","2280007 - Health Care Payments"
"2280007","AA","description","Health Care Payments"
"2280008","AA","code and description","2280008 - Development cooperation program"
"2280008","AA","description","Development cooperation program"
"2280009","AA","code and description","2280009 - Operating costs for investment properties generating rental income"
"2280009","AA","description","Operating costs for investment properties generating rental income"
"2280010","AA","code and description","2280010 - Operating costs for investment properties not generating rental income"
"2280010","AA","description","Operating costs for investment properties not generating rental income"
"2280011","AA","code and description","2280011 - Revaluation of claim provisions"
"2280011","AA","description","Revaluation of claim provisions"
"2280012","AA","code and description","2280012 - Child support expenses"
"2280012","AA","description","Child support expenses"
"2280013","AA","code and description","2280013 - Superannuation guarantee charge"
"2280013","AA","description","Superannuation guarantee charge"
"2280014","AA","code and description","2280014 - Departmental transfers to OPA as administered receipts"
"2280014","AA","description","Departmental transfers to OPA as administered receipts"
"2280097","AA","code and description","2280097 - Claims recoveries"
"2280097","AA","description","Claims recoveries"
"2280098","AA","code and description","2280098 - Other Goods & Services Expense"
"2280098","AA","description","Other Goods & Services Expense"
"2300001","AA","code and description","2300001 - Personal benefits - Direct"
"2300001","AA","description","Personal benefits - Direct"
"2300002","AA","code and description","2300002 - Personal benefits - Indirect"
"2300002","AA","description","Personal benefits - Indirect"
"2300003","AA","code and description","2300003 - Personal benefits - discounts"
"2300003","AA","description","Personal benefits - discounts"
"2300004","AA","code and description","2300004 - Revaluation of direct personal benefit provisions"
"2300004","AA","description","Revaluation of direct personal benefit provisions"
"2300005","AA","code and description","2300005 - Revaluation of indirect personal benefit provisions"
"2300005","AA","description","Revaluation of indirect personal benefit provisions"
"2300006","AA","code and description","2300006 - Personal benefit recoveries - Direct"
"2300006","AA","description","Personal benefit recoveries - Direct"
"2300007","AA","code and description","2300007 - Personal benefit recoveries - Indirect"
"2300007","AA","description","Personal benefit recoveries - Indirect"
"2320002","AA","code and description","2320002 - Childcare"
"2320002","AA","description","Childcare"
"2320003","AA","code and description","2320003 - Customs"
"2320003","AA","description","Customs"
"2320004","AA","code and description","2320004 - Tax credits and tax offset subsidies"
"2320004","AA","description","Tax credits and tax offset subsidies"
"2320005","AA","code and description","2320005 - Bounty and Subsidy assistance"
"2320005","AA","description","Bounty and Subsidy assistance"
"2320006","AA","code and description","2320006 - Regional and Urban Development"
"2320006","AA","description","Regional and Urban Development"
"2320007","AA","code and description","2320007 - Tasmanian Freight Equalisation Scheme"
"2320007","AA","description","Tasmanian Freight Equalisation Scheme"
"2320008","AA","code and description","2320008 - Carbon Price Scheme free permits"
"2320008","AA","description","Carbon Price Scheme free permits"
"2320010","AA","code and description","2320010 - Aged care subsidies"
"2320010","AA","description","Aged care subsidies"
"2320097","AA","code and description","2320097 - Subsidy recoveries"
"2320097","AA","description","Subsidy recoveries"
"2320098","AA","code and description","2320098 - Other subsidies"
"2320098","AA","description","Other subsidies"
"2331002","AA","code and description","2331002 - Current grants to non-profit organisations"
"2331002","AA","description","Current grants to non-profit organisations"
"2331003","AA","code and description","2331003 - Current grants to the multi-jurisdictional sector"
"2331003","AA","description","Current grants to the multi-jurisdictional sector"
"2331005","AA","code and description","2331005 - Grants to Overseas Non-profit Organisations"
"2331005","AA","description","Grants to Overseas Non-profit Organisations"
"2331006","AA","code and description","2331006 - Current grants to private sector"
"2331006","AA","description","Current grants to private sector"
"2331007","AA","code and description","2331007 - Grants to Overseas Commercial Organisations"
"2331007","AA","description","Grants to Overseas Commercial Organisations"
"2331008","AA","code and description","2331008 - Other Grants to overseas organisations"
"2331008","AA","description","Other Grants to overseas organisations"
"2331009","AA","code and description","2331009 - Grants to Commercial Entities"
"2331009","AA","description","Grants to Commercial Entities"
"2331010","AA","code and description","2331010 - Current grants to overseas"
"2331010","AA","description","Current grants to overseas"
"2331011","AA","code and description","2331011 - IDA/ADF Grants"
"2331011","AA","description","IDA/ADF Grants"
"2331012","AA","code and description","2331012 - Grant Payments to Corporate entities"
"2331012","AA","description","Grant Payments to Corporate entities"
"2331013","AA","code and description","2331013 - Nation Building and COAG transfers - Expense"
"2331013","AA","description","Nation Building and COAG transfers - Expense"
"2331097","AA","code and description","2331097 - Current grant recoveries"
"2331097","AA","description","Current grant recoveries"
"2331098","AA","code and description","2331098 - Other current grants"
"2331098","AA","description","Other current grants (2331098)"
"2331100","AA","code and description","2331100 - Grants to Local Government"
"2331100","AA","description","Grants to Local Government"
"2332601","AA","code and description","2332601 - Revaluation of grant provisions"
"2332601","AA","description","Revaluation of grant provisions"
"2333000","AA","code and description","2333000 - Grants to State and Territory Governments"
"2333000","AA","description","Grants to State and Territory Governments"
"2334000","AA","code and description","2334000 - Grants through State and Territory Governments"
"2334000","AA","description","Grants through State and Territory Governments"
"2335001","AA","code and description","2335001 - Capital grants to non-profit organisations"
"2335001","AA","description","Capital grants to non-profit organisations"
"2335002","AA","code and description","2335002 - Capital grants to private sector"
"2335002","AA","description","Capital grants to private sector"
"2335003","AA","code and description","2335003 - Capital grants to the multi-jurisdictional sector"
"2335003","AA","description","Capital grants to the multi-jurisdictional sector"
"2335004","AA","code and description","2335004 - Capital grants to overseas"
"2335004","AA","description","Capital grants to overseas"
"2335005","AA","code and description","2335005 - Other capital grants"
"2335005","AA","description","Other capital grants (2335005)"
"2335006","AA","code and description","2335006 - Capital grant recoveries"
"2335006","AA","description","Capital grant recoveries"
"2335007","AA","code and description","2335007 - Capital Grants to Local Government"
"2335007","AA","description","Capital Grants to Local Government"
"2335008","AA","code and description","2335008 - Capital Grants to State and Territory Governments"
"2335008","AA","description","Capital Grants to State and Territory Governments"
"2335009","AA","code and description","2335009 - Capital Grants through State and Territory Governments"
"2335009","AA","description","Capital Grants through State and Territory Governments"
"2421002","AA","code and description","2421002 - Interest on government securities"
"2421002","AA","description","Interest on government securities"
"2421003","AA","code and description","2421003 - Interest on loans and advances"
"2421003","AA","description","Interest on loans and advances"
"2421004","AA","code and description","2421004 - Interest on deposits"
"2421004","AA","description","Interest on deposits"
"2421005","AA","code and description","2421005 - Interest on Overdrafts"
"2421005","AA","description","Interest on Overdrafts"
"2421006","AA","code and description","2421006 - Interest on derivatives"
"2421006","AA","description","Interest on derivatives"
"2421007","AA","code and description","2421007 - Interest on taxation overpayments"
"2421007","AA","description","Interest on taxation overpayments"
"2421008","AA","code and description","2421008 - Interest on exchange settlement funds"
"2421008","AA","description","Interest on exchange settlement funds"
"2421009","AA","code and description","2421009 - Interest on other debt"
"2421009","AA","description","Interest on other debt"
"2421011","AA","code and description","2421011 - Net Repurchase Premia"
"2421011","AA","description","Net Repurchase Premia"
"2421012","AA","code and description","2421012 - Taxation Overpayments - GST"
"2421012","AA","description","Taxation Overpayments - GST"
"2421013","AA","code and description","2421013 - Interest on repurchase agreements"
"2421013","AA","description","Interest on repurchase agreements"
"2422001","AA","code and description","2422001 - Losses from Derivative Financial Instruments"
"2422001","AA","description","Losses from Derivative Financial Instruments"
"2422002","AA","code and description","2422002 - Guarantees, Undertakings and Indemnities met"
"2422002","AA","description","Guarantees, Undertakings and Indemnities met"
"2422003","AA","code and description","2422003 - Finance Charges for Finance Leases"
"2422003","AA","description","Finance Charges for Finance Leases"
"2422004","AA","code and description","2422004 - Amortisation of Discount/(premium) on Borrowings"
"2422004","AA","description","Amortisation of Discount/(premium) on Borrowings"
"2422005","AA","code and description","2422005 - Unwinding of discount on grant provisions"
"2422005","AA","description","Unwinding of discount on grant provisions"
"2422006","AA","code and description","2422006 - Unwinding of discount on other provisions"
"2422006","AA","description","Unwinding of discount on other provisions"
"2422007","AA","code and description","2422007 - Unwinding of discount on direct personal benefit provisions"
"2422007","AA","description","Unwinding of discount on direct personal benefit provisions"
"2422008","AA","code and description","2422008 - Unwinding of discount on restoration and decommissioning provision"
"2422008","AA","description","Unwinding of discount on restoration and decommissioning provision"
"2422009","AA","code and description","2422009 - Unwinding of discount on free permits - Carbon Price Scheme"
"2422009","AA","description","Unwinding of discount on free permits - Carbon Price Scheme"
"2422010","AA","code and description","2422010 - Unwinding of discount on indirect personal benefit provisions"
"2422010","AA","description","Unwinding of discount on indirect personal benefit provisions"
"2422011","AA","code and description","2422011 - Unwinding of discount on subsidy provisions"
"2422011","AA","description","Unwinding of discount on subsidy provisions"
"2422020","AA","code and description","2422020 - Interest on Right of Use"
"2422020","AA","description","Interest on Right of Use"
"2422098","AA","code and description","2422098 - Other financing costs"
"2422098","AA","description","Other financing costs (2422098)"
"2423001","AA","code and description","2423001 - Concessional loan discount"
"2423001","AA","description","Concessional loan discount"
"2423002","AA","code and description","2423002 - Concessional investment discount"
"2423002","AA","description","Concessional investment discount"
"2423003","AA","code and description","2423003 - Concession lo - DNER"
"2423003","AA","description","Concession lo - DNER"
"2430001","AA","code and description","2430001 - Proceeds from asset sales - Loss on Sales"
"2430001","AA","description","Proceeds from asset sales - Loss on Sales"
"2430002","AA","code and description","2430002 - Selling Costs of Asset Sales"
"2430002","AA","description","Selling Costs of Asset Sales"
"2430003","AA","code and description","2430003 - WDV of Assets Sold"
"2430003","AA","description","WDV of Assets Sold"
"2440000","AA","code and description","2440000 - Share of net loss from associates using equity method"
"2440000","AA","description","Share of net loss from associates using equity method"
"3220001","AA","code and description","3220001 - Treasury bonds"
"3220001","AA","description","Treasury bonds"
"3220002","AA","code and description","3220002 - Treasury indexed bonds"
"3220002","AA","description","Treasury indexed bonds"
"3220003","AA","code and description","3220003 - Treasury notes"
"3220003","AA","description","Treasury notes"
"3220004","AA","code and description","3220004 - Foreign Currency Loans"
"3220004","AA","description","Foreign Currency Loans"
"3220005","AA","code and description","3220005 - Unamortised Net Premiums on Borrowings"
"3220005","AA","description","Unamortised Net Premiums on Borrowings"
"3220007","AA","code and description","3220007 - LCIR Holdings"
"3220007","AA","description","LCIR Holdings"
"3220098","AA","code and description","3220098 - Other government securities"
"3220098","AA","description","Other government securities"
"3230002","AA","code and description","3230002 - Outstanding loan appropriation"
"3230002","AA","description","Outstanding loan appropriation"
"3230003","AA","code and description","3230003 - Loans"
"3230003","AA","description","Loans (3230003)"
"3230005","AA","code and description","3230005 - Debentures"
"3230005","AA","description","Debentures"
"3230007","AA","code and description","3230007 - Bank Loans"
"3230007","AA","description","Bank Loans"
"3230009","AA","code and description","3230009 - Bonds (Non-Treasury)"
"3230009","AA","description","Bonds (Non-Treasury)"
"3230010","AA","code and description","3230010 - Bills of exchange and promissory notes"
"3230010","AA","description","Bills of exchange and promissory notes"
"3230011","AA","code and description","3230011 - Student Supplement Scheme Loan"
"3230011","AA","description","Student Supplement Scheme Loan"
"3230012","AA","code and description","3230012 - GST annotation loans"
"3230012","AA","description","GST annotation loans"
"3230013","AA","code and description","3230013 - Investment Amounts Payable"
"3230013","AA","description","Investment Amounts Payable"
"3230098","AA","code and description","3230098 - Other borrowings"
"3230098","AA","description","Other borrowings"
"3231001","AA","code and description","3231001 - Within one year - Loans"
"3231001","AA","description","Within one year - Loans"
"3231002","AA","code and description","3231002 - Loans > 1 year < 2 years (Annual Only)"
"3231002","AA","description","Loans > 1 year < 2 years (Annual Only)"
"3231003","AA","code and description","3231003 - In one to five years - Loans"
"3231003","AA","description","In one to five years - Loans"
"3231004","AA","code and description","3231004 - In more than five years - Loans"
"3231004","AA","description","In more than five years - Loans"
"3240001","AA","code and description","3240001 - Minimum lease payments - Within one year"
"3240001","AA","description","Minimum lease payments - Within one year"
"3240002","AA","code and description","3240002 - Minimum lease payments - In one to five years"
"3240002","AA","description","Minimum lease payments - In one to five years"
"3240004","AA","code and description","3240004 - Minimum lease payments - In more than five years"
"3240004","AA","description","Minimum lease payments - In more than five years"
"3240005","AA","code and description","3240005 - Future finance charges - In more than five years"
"3240005","AA","description","Future finance charges - In more than five years"
"3240006","AA","code and description","3240006 - Future finance charges - Within one year"
"3240006","AA","description","Future finance charges - Within one year"
"3240007","AA","code and description","3240007 - Future finance charges - In one to five years"
"3240007","AA","description","Future finance charges - In one to five years"
"3240099","AA","code and description","3240099 - Lease Liability (Monthly Only)"
"3240099","AA","description","Lease Liability (Monthly Only)"
"3240100","AA","code and description","3240100 - Lease liabilities - Movement table - Closing balance"
"3240100","AA","description","Lease liabilities - Movement table - Closing balance"
"3240101","AA","code and description","3240101 - Lease liabilities - Opening Balance"
"3240101","AA","description","Lease liabilities - Opening Balance"
"3240102","AA","code and description","3240102 - Lease liabilities - Adjustments"
"3240102","AA","description","Lease liabilities - Adjustments"
"3240106","AA","code and description","3240106 - Lease liabilities - Principal payments"
"3240106","AA","description","Lease liabilities - Principal payments"
"3241001","AA","code and description","3241001 - Current (Annual Only)"
"3241001","AA","description","Current (Annual Only)"
"3241002","AA","code and description","3241002 - Non-current (Annual Only)"
"3241002","AA","description","Non-current (Annual Only)"
"3250002","AA","code and description","3250002 - Deposits - Banks - non cancellable dep"
"3250002","AA","description","Deposits - Banks - non cancellable dep"
"3250003","AA","code and description","3250003 - Deposits held by foreign governments"
"3250003","AA","description","Deposits held by foreign governments"
"3250004","AA","code and description","3250004 - Deposits - Primary producers IED Scheme"
"3250004","AA","description","Deposits - Primary producers IED Scheme"
"3250005","AA","code and description","3250005 - Deposits held by state governments"
"3250005","AA","description","Deposits held by state governments"
"3250007","AA","code and description","3250007 - Exchange settlement funds"
"3250007","AA","description","Exchange settlement funds"
"3250008","AA","code and description","3250008 - Monies held in trust"
"3250008","AA","description","Monies held in trust"
"3250009","AA","code and description","3250009 - Drawing accounts held with the Reserve Bank of Australia"
"3250009","AA","description","Drawing accounts held with the Reserve Bank of Australia"
"3250098","AA","code and description","3250098 - Other deposits"
"3250098","AA","description","Other deposits"
"3260002","AA","code and description","3260002 - Overdrafts"
"3260002","AA","description","Overdrafts (3260002)"
"3270002","AA","code and description","3270002 - Other debt - Inscribed stock - face value"
"3270002","AA","description","Other debt - Inscribed stock - face value"
"3270003","AA","code and description","3270003 - Special reserve - International Monetary Fund special drawing rights"
"3270003","AA","description","Special reserve - International Monetary Fund special drawing rights"
"3270005","AA","code and description","3270005 - Derivative liabilities"
"3270005","AA","description","Derivative liabilities"
"3270006","AA","code and description","3270006 - Finance Lease Incentives"
"3270006","AA","description","Finance Lease Incentives"
"3270007","AA","code and description","3270007 - Amounts outstanding under repurchase agreements"
"3270007","AA","description","Amounts outstanding under repurchase agreements"
"3270098","AA","code and description","3270098 - Other debt"
"3270098","AA","description","Other debt"
"3320002","AA","code and description","3320002 - Leave and other entitlements"
"3320002","AA","description","Leave and other entitlements (3320002)"
"3320003","AA","code and description","3320003 - Salaries and wages"
"3320003","AA","description","Salaries and wages"
"3320004","AA","code and description","3320004 - Superannuation payable"
"3320004","AA","description","Superannuation payable"
"3320005","AA","code and description","3320005 - Unfunded superannuation provision"
"3320005","AA","description","Unfunded superannuation provision"
"3320006","AA","code and description","3320006 - Separations and redundancies"
"3320006","AA","description","Separations and redundancies"
"3320007","AA","code and description","3320007 - Workers compensation premiums payable"
"3320007","AA","description","Workers compensation premiums payable"
"3320008","AA","code and description","3320008 - Workers compensation claims"
"3320008","AA","description","Workers compensation claims (3320008)"
"3320009","AA","code and description","3320009 - Military compensation"
"3320009","AA","description","Military compensation"
"3320010","AA","code and description","3320010 - Judges pension"
"3320010","AA","description","Judges pension"
"3320097","AA","code and description","3320097 - Other employee payables"
"3320097","AA","description","Other employee payables"
"3320098","AA","code and description","3320098 - Other employee provisions"
"3320098","AA","description","Other employee provisions"
"3330002","AA","code and description","3330002 - Trade creditors and accruals"
"3330002","AA","description","Trade creditors and accruals"
"3330004","AA","code and description","3330004 - Leases payable"
"3330004","AA","description","Leases payable"
"3330005","AA","code and description","3330005 - Unsettled investment purchases"
"3330005","AA","description","Unsettled investment purchases"
"3330098","AA","code and description","3330098 - Other creditors"
"3330098","AA","description","Other creditors"
"3340095","AA","code and description","3340095 - Personal benefits payable - indirect"
"3340095","AA","description","Personal benefits payable - indirect"
"3340096","AA","code and description","3340096 - Personal benefits payable - direct"
"3340096","AA","description","Personal benefits payable - direct"
"3345001","AA","code and description","3345001 - Provision for outstanding personal benefits - direct"
"3345001","AA","description","Provision for outstanding personal benefits - direct"
"3345002","AA","code and description","3345002 - Provision for outstanding personal benefits - indirect"
"3345002","AA","description","Provision for outstanding personal benefits - indirect"
"3345101","AA","code and description","3345101 - Personal benefit provisions - Opening Balance (Annual Only)"
"3345101","AA","description","Personal benefit provisions - Opening Balance (Annual Only)"
"3345102","AA","code and description","3345102 - Personal benefit provisions - Provisions made during reporting period (Annual Only)"
"3345102","AA","description","Personal benefit provisions - Provisions made during reporting period (Annual Only)"
"3345103","AA","code and description","3345103 - Personal benefit provisions - Provisions used/paid during reporting period (Annual Only)"
"3345103","AA","description","Personal benefit provisions - Provisions used/paid during reporting period (Annual Only)"
"3345104","AA","code and description","3345104 - Personal benefit provisions - Provisions remeasured during reporting period (Annual Only)"
"3345104","AA","description","Personal benefit provisions - Provisions remeasured during reporting period (Annual Only)"
"3345105","AA","code and description","3345105 - Personal benefit provisions - Provisions reversed during reporting period (Annual Only)"
"3345105","AA","description","Personal benefit provisions - Provisions reversed during reporting period (Annual Only)"
"3345106","AA","code and description","3345106 - Personal benefit provisions - Unwinding of discount (Annual Only)"
"3345106","AA","description","Personal benefit provisions - Unwinding of discount (Annual Only)"
"3350002","AA","code and description","3350002 - Subsidies payable"
"3350002","AA","description","Subsidies payable (3350002)"
"3350003","AA","code and description","3350003 - Carbon price payable on free permits"
"3350003","AA","description","Carbon price payable on free permits"
"3355001","AA","code and description","3355001 - Provisions for subsidies"
"3355001","AA","description","Provisions for subsidies"
"3360002","AA","code and description","3360002 - Grants to non-profit organisations"
"3360002","AA","description","Grants to non-profit organisations"
"3360004","AA","code and description","3360004 - Grants payable to the multi-jurisdictional sector"
"3360004","AA","description","Grants payable to the multi-jurisdictional sector"
"3360005","AA","code and description","3360005 - Grants Payable to overseas non-profit organisations"
"3360005","AA","description","Grants Payable to overseas non-profit organisations"
"3360006","AA","code and description","3360006 - Grants payable to private sector"
"3360006","AA","description","Grants payable to private sector"
"3360007","AA","code and description","3360007 - Grants Payable to overseas commercial entities"
"3360007","AA","description","Grants Payable to overseas commercial entities"
"3360008","AA","code and description","3360008 - Multilateral contributions payable"
"3360008","AA","description","Multilateral contributions payable"
"3360010","AA","code and description","3360010 - Development cooperation program payable"
"3360010","AA","description","Development cooperation program payable"
"3360011","AA","code and description","3360011 - Grants payable to overseas"
"3360011","AA","description","Grants payable to overseas"
"3360098","AA","code and description","3360098 - Other grants payable"
"3360098","AA","description","Other grants payable"
"3361000","AA","code and description","3361000 - Grants payable to state and territory governments"
"3361000","AA","description","Grants payable to state and territory governments"
"3362000","AA","code and description","3362000 - Grants payable to local government"
"3362000","AA","description","Grants payable to local government"
"3363000","AA","code and description","3363000 - Grants payable through the state and territory governments"
"3363000","AA","description","Grants payable through the state and territory governments"
"3365001","AA","code and description","3365001 - Other provisions for grants"
"3365001","AA","description","Other provisions for grants"
"3365002","AA","code and description","3365002 - Unfunded university superannuation provision"
"3365002","AA","description","Unfunded university superannuation provision"
"3365003","AA","code and description","3365003 - NDRRA provision"
"3365003","AA","description","NDRRA provision"
"3365101","AA","code and description","3365101 - Grant provisions - Opening Balance"
"3365101","AA","description","Grant provisions - Opening Balance"
"3365102","AA","code and description","3365102 - Grant provisions - Provisions made during reporting period"
"3365102","AA","description","Grant provisions - Provisions made during reporting period"
"3365103","AA","code and description","3365103 - Grant provisions - Provisions used/paid during reporting period"
"3365103","AA","description","Grant provisions - Provisions used/paid during reporting period"
"3365104","AA","code and description","3365104 - Grant provisions - Provisions remeasured during reporting period"
"3365104","AA","description","Grant provisions - Provisions remeasured during reporting period"
"3365105","AA","code and description","3365105 - Grant provisions - Provisions reversed during reporting period"
"3365105","AA","description","Grant provisions - Provisions reversed during reporting period"
"3365106","AA","code and description","3365106 - Grant provisions - Unwinding of discount (Annual Only)"
"3365106","AA","description","Grant provisions - Unwinding of discount (Annual Only)"
"3370001","AA","code and description","3370001 - Australian currency on Issue"
"3370001","AA","description","Australian currency on Issue (3370001)"
"3380001","AA","code and description","3380001 - Provision for income tax refunds"
"3380001","AA","description","Provision for income tax refunds"
"3380002","AA","code and description","3380002 - Provision for sales tax refunds"
"3380002","AA","description","Provision for sales tax refunds"
"3380003","AA","code and description","3380003 - Provision for excise duty refunds"
"3380003","AA","description","Provision for excise duty refunds"
"3380004","AA","code and description","3380004 - Provision for customs duty refunds"
"3380004","AA","description","Provision for customs duty refunds"
"3380005","AA","code and description","3380005 - Provision for other tax and levy refunds"
"3380005","AA","description","Provision for other tax and levy refunds"
"3380101","AA","code and description","3380101 - Other provisions - Opening Balance (Annual Only)"
"3380101","AA","description","Other provisions - Opening Balance (Annual Only)"
"3380102","AA","code and description","3380102 - Other provisions - Provisions made during reporting period (Annual Only)"
"3380102","AA","description","Other provisions - Provisions made during reporting period (Annual Only)"
"3380103","AA","code and description","3380103 - Other provisions - Provisions used/paid during reporting period (Annual Only)"
"3380103","AA","description","Other provisions - Provisions used/paid during reporting period (Annual Only)"
"3380104","AA","code and description","3380104 - Other provisions - Provisions remeasured during reporting period (Annual Only)"
"3380104","AA","description","Other provisions - Provisions remeasured during reporting period (Annual Only)"
"3380105","AA","code and description","3380105 - Other provisions - Provisions reversed during reporting period (Annual Only)"
"3380105","AA","description","Other provisions - Provisions reversed during reporting period (Annual Only)"
"3380106","AA","code and description","3380106 - Other provisions - Unwinding of discount (Annual Only)"
"3380106","AA","description","Other provisions - Unwinding of discount (Annual Only)"
"3381008","AA","code and description","3381008 - Provisions for restoration, decommissioning and makegood"
"3381008","AA","description","Provisions for restoration, decommissioning and makegood"
"3381009","AA","code and description","3381009 - Child support provision"
"3381009","AA","description","Child support provision"
"3390001","AA","code and description","3390001 - Interest payable - Lease"
"3390001","AA","description","Interest payable - Lease"
"3390003","AA","code and description","3390003 - Dividends payable"
"3390003","AA","description","Dividends payable"
"3390007","AA","code and description","3390007 - Interest payable - Other"
"3390007","AA","description","Interest payable - Other"
"3390008","AA","code and description","3390008 - Current tax liabilities"
"3390008","AA","description","Current tax liabilities"
"3390009","AA","code and description","3390009 - Deferred tax liabilities"
"3390009","AA","description","Deferred tax liabilities"
"3390011","AA","code and description","3390011 - Guarantees likely to be called"
"3390011","AA","description","Guarantees likely to be called"
"3390014","AA","code and description","3390014 - Provision for claims"
"3390014","AA","description","Provision for claims"
"3390015","AA","code and description","3390015 - Provision for superannuation guarantee amounts"
"3390015","AA","description","Provision for superannuation guarantee amounts"
"3390019","AA","code and description","3390019 - Accrued Expenses"
"3390019","AA","description","Accrued Expenses"
"3390021","AA","code and description","3390021 - Provision for restructuring"
"3390021","AA","description","Provision for restructuring"
"3390022","AA","code and description","3390022 - Provision for interest on overpayment of taxes"
"3390022","AA","description","Provision for interest on overpayment of taxes"
"3390023","AA","code and description","3390023 - Customs Rebates"
"3390023","AA","description","Customs Rebates"
"3390033","AA","code and description","3390033 - GST payable"
"3390033","AA","description","GST payable"
"3390036","AA","code and description","3390036 - Unearned Appropriation / Approp Payable - Special Accounts"
"3390036","AA","description","Unearned Appropriation / Approp Payable - Special Accounts"
"3390037","AA","code and description","3390037 - Unearned Appropriation / Approp Payable - Other"
"3390037","AA","description","Unearned Appropriation / Approp Payable - Other"
"3390038","AA","code and description","3390038 - Competitive neutrality payable - levies and charges equivalents"
"3390038","AA","description","Competitive neutrality payable - levies and charges equivalents"
"3390039","AA","code and description","3390039 - Competitive neutrality payable - income tax equivalents"
"3390039","AA","description","Competitive neutrality payable - income tax equivalents"
"3390040","AA","code and description","3390040 - Appropriation Payable to Agencies (Finance only)"
"3390040","AA","description","Appropriation Payable to Agencies (Finance only)"
"3390041","AA","code and description","3390041 - Operating lease incentives"
"3390041","AA","description","Operating lease incentives"
"3390042","AA","code and description","3390042 - IMF maintenance of value payable"
"3390042","AA","description","IMF maintenance of value payable"
"3390045","AA","code and description","3390045 - Capital creditors and accruals"
"3390045","AA","description","Capital creditors and accruals"
"3390046","AA","code and description","3390046 - Purchase of Specialist Military Equipment Payable"
"3390046","AA","description","Purchase of Specialist Military Equipment Payable"
"3390098","AA","code and description","3390098 - Other Payables"
"3390098","AA","description","Other Payables (3390098)"
"3390105","AA","code and description","3390105 - Unearned tax income"
"3390105","AA","description","Unearned tax income"
"3390106","AA","code and description","3390106 - Unearned Carbon Price Scheme taxes"
"3390106","AA","description","Unearned Carbon Price Scheme taxes"
"3390205","AA","code and description","3390205 - Unearned sales of goods and services income"
"3390205","AA","description","Unearned sales of goods and services income"
"3390305","AA","code and description","3390305 - Prepayment rec / Unearned Inc - Loans and Advances"
"3390305","AA","description","Prepayment rec / Unearned Inc - Loans and Advances"
"3390405","AA","code and description","3390405 - Other unearned income"
"3390405","AA","description","Other unearned income"
"3395098","AA","code and description","3395098 - Other provisions"
"3395098","AA","description","Other provisions (3395098)"
"3400001","AA","code and description","3400001 - Current Liabilities (Annual Only)"
"3400001","AA","description","Current Liabilities (Annual Only)"
"3400002","AA","code and description","3400002 - Non-Current Liabilities (Annual Only)"
"3400002","AA","description","Non-Current Liabilities (Annual Only)"
"3510000","AA","code and description","3510000 - Liabilities associated with assets held for sale - Interest bearing liabilities"
"3510000","AA","description","Liabilities associated with assets held for sale - Interest bearing liabilities"
"3520000","AA","code and description","3520000 - Liabilities associated with assets held for sale - Provisions and payables"
"3520000","AA","description","Liabilities associated with assets held for sale - Provisions and payables"
"4100001","AA","code and description","4100001 - Accumulated results"
"4100001","AA","description","Accumulated results"
"4100003","AA","code and description","4100003 - Contributed equity"
"4100003","AA","description","Contributed equity"
"4100011","AA","code and description","4100011 - Asset revaluation reserve"
"4100011","AA","description","Asset revaluation reserve"
"4100012","AA","code and description","4100012 - Foreign currency translation reserve"
"4100012","AA","description","Foreign currency translation reserve"
"4100013","AA","code and description","4100013 - Administered investments reserve"
"4100013","AA","description","Administered investments reserve"
"4100015","AA","code and description","4100015 - Statutory funds"
"4100015","AA","description","Statutory funds"
"4100016","AA","code and description","4100016 - Other reserves"
"4100016","AA","description","Other reserves"
"5220002","AA","code and description","5220002 - Cash at bank"
"5220002","AA","description","Cash at bank"
"5220003","AA","code and description","5220003 - Cash on hand"
"5220003","AA","description","Cash on hand"
"5220004","AA","code and description","5220004 - Special accounts"
"5220004","AA","description","Special accounts"
"5231002","AA","code and description","5231002 - Tax Receivable - Gross income tax withholding"
"5231002","AA","description","Tax Receivable - Gross income tax withholding"
"5231003","AA","code and description","5231003 - Tax Receivable - Companies"
"5231003","AA","description","Tax Receivable - Companies"
"5231004","AA","code and description","5231004 - Tax Receivable - Fringe benefits tax"
"5231004","AA","description","Tax Receivable - Fringe benefits tax"
"5231005","AA","code and description","5231005 - Tax Receivable - Petroleum resource rent tax"
"5231005","AA","description","Tax Receivable - Petroleum resource rent tax"
"5231006","AA","code and description","5231006 - Tax Receivable - Superannuation funds"
"5231006","AA","description","Tax Receivable - Superannuation funds"
"5231008","AA","code and description","5231008 - Tax Receivable - Wholesale Sales Tax"
"5231008","AA","description","Tax Receivable - Wholesale Sales Tax"
"5231009","AA","code and description","5231009 - Tax Receivable - Excise duty"
"5231009","AA","description","Tax Receivable - Excise duty"
"5231010","AA","code and description","5231010 - Tax Receivable - Customs duty"
"5231010","AA","description","Tax Receivable - Customs duty"
"5231011","AA","code and description","5231011 - Tax Receivable - Gross other individuals"
"5231011","AA","description","Tax Receivable - Gross other individuals"
"5231013","AA","code and description","5231013 - Tax Receivable - Goods and services tax"
"5231013","AA","description","Tax Receivable - Goods and services tax"
"5231023","AA","code and description","5231023 - Provision for Doubtful Debts - Income tax"
"5231023","AA","description","Provision for Doubtful Debts - Income tax"
"5231024","AA","code and description","5231024 - Provision for credit amendment to tax - Income tax"
"5231024","AA","description","Provision for credit amendment to tax - Income tax"
"5231025","AA","code and description","5231025 - Provision for Doubtful Debts - Sales tax"
"5231025","AA","description","Provision for Doubtful Debts - Sales tax"
"5231026","AA","code and description","5231026 - Provision for credit amendment to tax - Sales tax"
"5231026","AA","description","Provision for credit amendment to tax - Sales tax"
"5231027","AA","code and description","5231027 - Provision for Doubtful Debts - Excise duty"
"5231027","AA","description","Provision for Doubtful Debts - Excise duty"
"5231029","AA","code and description","5231029 - Provision for Doubtful Debts - Customs duty"
"5231029","AA","description","Provision for Doubtful Debts - Customs duty"
"5231030","AA","code and description","5231030 - Provision for credit amendment to tax - Customs duty"
"5231030","AA","description","Provision for credit amendment to tax - Customs duty"
"5231031","AA","code and description","5231031 - Provision for Doubtful Debts - Other taxes"
"5231031","AA","description","Provision for Doubtful Debts - Other taxes"
"5231032","AA","code and description","5231032 - Provision for credit amendment to tax - Other taxes"
"5231032","AA","description","Provision for credit amendment to tax - Other taxes"
"5231098","AA","code and description","5231098 - Tax Receivable - Other taxes"
"5231098","AA","description","Tax Receivable - Other taxes"
"5231105","AA","code and description","5231105 - Tax Receivable - Superannuation surcharge"
"5231105","AA","description","Tax Receivable - Superannuation surcharge"
"5231202","AA","code and description","5231202 - Tax Receivable - GST-related non-GIC penalties (ATO and Treasury only)"
"5231202","AA","description","Tax Receivable - GST-related non-GIC penalties (ATO and Treasury only)"
"5231301","AA","code and description","5231301 - Tax Receivable - Wine Equalisation Tax"
"5231301","AA","description","Tax Receivable - Wine Equalisation Tax"
"5231302","AA","code and description","5231302 - Tax Receivable - GST-related non-GIC penalties (Treasury only)"
"5231302","AA","description","Tax Receivable - GST-related non-GIC penalties (Treasury only)"
"5231304","AA","code and description","5231304 - Tax Receivable - Luxury Car Tax"
"5231304","AA","description","Tax Receivable - Luxury Car Tax"
"5231501","AA","code and description","5231501 - Provision for credit amendment to tax - Gross other individuals"
"5231501","AA","description","Provision for credit amendment to tax - Gross other individuals"
"5231502","AA","code and description","5231502 - Provision for credit amendment to tax - Companies"
"5231502","AA","description","Provision for credit amendment to tax - Companies"
"5231503","AA","code and description","5231503 - Provision for credit amendment to tax - Petroleum resource rent tax"
"5231503","AA","description","Provision for credit amendment to tax - Petroleum resource rent tax"
"5231504","AA","code and description","5231504 - Provision for credit amendment to tax - Excise"
"5231504","AA","description","Provision for credit amendment to tax - Excise"
"5231505","AA","code and description","5231505 - Provision for credit amendment to tax - Fringe benefits tax"
"5231505","AA","description","Provision for credit amendment to tax - Fringe benefits tax"
"5231701","AA","code and description","5231701 - Carbon Price Scheme Tax Receivable"
"5231701","AA","description","Carbon Price Scheme Tax Receivable"
"5232002","AA","code and description","5232002 - Loans to the multi-jurisdictional sector"
"5232002","AA","description","Loans to the multi-jurisdictional sector"
"5232004","AA","code and description","5232004 - Loans Receivable (Excl State & Territory Govts)"
"5232004","AA","description","Loans Receivable (Excl State & Territory Govts)"
"5232005","AA","code and description","5232005 - Receivables - Advances"
"5232005","AA","description","Receivables - Advances"
"5232006","AA","code and description","5232006 - Loans to Agencies (Finance only)"
"5232006","AA","description","Loans to Agencies (Finance only)"
"5232009","AA","code and description","5232009 - HECS Receivable - Total"
"5232009","AA","description","HECS Receivable - Total"
"5232010","AA","code and description","5232010 - Student Supplement Scheme Loan Receivable"
"5232010","AA","description","Student Supplement Scheme Loan Receivable"
"5232011","AA","code and description","5232011 - IDA-ADF Receivables"
"5232011","AA","description","IDA-ADF Receivables"
"5232023","AA","code and description","5232023 - Provn for Doubtful Debts - Advances and Loans Receivable"
"5232023","AA","description","Provn for Doubtful Debts - Advances and Loans Receivable"
"5232102","AA","code and description","5232102 - Other loans and advances - Advances and loans made"
"5232102","AA","description","Other loans and advances - Advances and loans made"
"5232103","AA","code and description","5232103 - Other loans and advances - Repayments"
"5232103","AA","description","Other loans and advances - Repayments"
"5232104","AA","code and description","5232104 - Other loans and advances - Non-cash movements"
"5232104","AA","description","Other loans and advances - Non-cash movements"
"5232105","AA","code and description","5232105 - Other loans and advances - capitalised interest payments"
"5232105","AA","description","Other loans and advances - capitalised interest payments"
"5232302","AA","code and description","5232302 - Student loans - Advances and loans made"
"5232302","AA","description","Student loans - Advances and loans made"
"5232303","AA","code and description","5232303 - Student loans - Repayments"
"5232303","AA","description","Student loans - Repayments"
"5232304","AA","code and description","5232304 - Student loans - Non-cash movements"
"5232304","AA","description","Student loans - Non-cash movements"
"5232305","AA","code and description","5232305 - Student loans - Repayments classified as interest"
"5232305","AA","description","Student loans - Repayments classified as interest"
"5232502","AA","code and description","5232502 - Loans to other government agencies - Advances and loans made"
"5232502","AA","description","Loans to other government agencies - Advances and loans made"
"5232503","AA","code and description","5232503 - Loans to other government agencies - Repayments"
"5232503","AA","description","Loans to other government agencies - Repayments"
"5232504","AA","code and description","5232504 - Loans to other government agencies - Non-cash movements"
"5232504","AA","description","Loans to other government agencies - Non-cash movements"
"5233002","AA","code and description","5233002 - Goods and services receivable"
"5233002","AA","description","Goods and services receivable"
"5233003","AA","code and description","5233003 - Sublease receivable"
"5233003","AA","description","Sublease receivable"
"5233004","AA","code and description","5233004 - Bills of exchange and promissory notes"
"5233004","AA","description","Bills of exchange and promissory notes (5233004)"
"5233006","AA","code and description","5233006 - Interest receivable"
"5233006","AA","description","Interest receivable"
"5233008","AA","code and description","5233008 - Dividends receivable"
"5233008","AA","description","Dividends receivable"
"5233009","AA","code and description","5233009 - Recoveries of benefit payments - direct"
"5233009","AA","description","Recoveries of benefit payments - direct"
"5233010","AA","code and description","5233010 - Recoveries of benefit payments - indirect"
"5233010","AA","description","Recoveries of benefit payments - indirect"
"5233011","AA","code and description","5233011 - Subsidies receivable"
"5233011","AA","description","Subsidies receivable"
"5233013","AA","code and description","5233013 - Grants receivable"
"5233013","AA","description","Grants receivable"
"5233014","AA","code and description","5233014 - Swap principle owing"
"5233014","AA","description","Swap principle owing"
"5233015","AA","code and description","5233015 - IMF maintenance of value receivable"
"5233015","AA","description","IMF maintenance of value receivable"
"5233022","AA","code and description","5233022 - Asset Sales Program Receivable"
"5233022","AA","description","Asset Sales Program Receivable"
"5233023","AA","code and description","5233023 - Provision for doubtful debts - Other"
"5233023","AA","description","Provision for doubtful debts - Other"
"5233024","AA","code and description","5233024 - Investment in Sublease"
"5233024","AA","description","Investment in Sublease"
"5233026","AA","code and description","5233026 - Finance Lease Incentive Receivable"
"5233026","AA","description","Finance Lease Incentive Receivable"
"5233027","AA","code and description","5233027 - Finance lease receivable"
"5233027","AA","description","Finance lease receivable"
"5233028","AA","code and description","5233028 - Appropriations Receivable - Special Accounts"
"5233028","AA","description","Appropriations Receivable - Special Accounts"
"5233029","AA","code and description","5233029 - Appropriations Receivable - Cash held in OPA"
"5233029","AA","description","Appropriations Receivable - Cash held in OPA"
"5233030","AA","code and description","5233030 - Appropriations Receivable - Contributed equity"
"5233030","AA","description","Appropriations Receivable - Contributed equity"
"5233031","AA","code and description","5233031 - Worker's compensation receivable"
"5233031","AA","description","Worker's compensation receivable"
"5233032","AA","code and description","5233032 - Super contributions receivable"
"5233032","AA","description","Super contributions receivable"
"5233033","AA","code and description","5233033 - GST receivable"
"5233033","AA","description","GST receivable"
"5233034","AA","code and description","5233034 - Sales of property, plant & equipment receivable"
"5233034","AA","description","Sales of property, plant & equipment receivable"
"5233035","AA","code and description","5233035 - Sales of Specialist Military Equipment Receivable"
"5233035","AA","description","Sales of Specialist Military Equipment Receivable"
"5233036","AA","code and description","5233036 - Monies held in the Official Public Account"
"5233036","AA","description","Monies held in the Official Public Account"
"5233037","AA","code and description","5233037 - Unsettled investment sales"
"5233037","AA","description","Unsettled investment sales"
"5233038","AA","code and description","5233038 - Child support receivables"
"5233038","AA","description","Child support receivables"
"5233039","AA","code and description","5233039 - Unfunded university superannuation receivable"
"5233039","AA","description","Unfunded university superannuation receivable"
"5233040","AA","code and description","5233040 - Employee expense reimbursement receivable"
"5233040","AA","description","Employee expense reimbursement receivable"
"5233041","AA","code and description","5233041 - Competitive neutrality receivable"
"5233041","AA","description","Competitive neutrality receivable"
"5233098","AA","code and description","5233098 - Other receivables"
"5233098","AA","description","Other receivables (5233098)"
"5233123","AA","code and description","5233123 - Provn for doubtful debts - Goods and services"
"5233123","AA","description","Provn for doubtful debts - Goods and services"
"5233124","AA","code and description","5233124 - Provn for doubtful debts - Recoveries of direct personal benefits"
"5233124","AA","description","Provn for doubtful debts - Recoveries of direct personal benefits"
"5233125","AA","code and description","5233125 - Provn for doubtful debts - Recoveries of indirect personal benefits"
"5233125","AA","description","Provn for doubtful debts - Recoveries of indirect personal benefits"
"5233126","AA","code and description","5233126 - Provn for doubtful debts - Unfunded university superannuation"
"5233126","AA","description","Provn for doubtful debts - Unfunded university superannuation"
"5233127","AA","code and description","5233127 - Provn for doubtful debts - Child support receivables"
"5233127","AA","description","Provn for doubtful debts - Child support receivables"
"5234101","AA","code and description","5234101 - Loans to state and territory governments - Opening balance"
"5234101","AA","description","Loans to state and territory governments - Opening balance"
"5234201","AA","code and description","5234201 - Loans to state and territory governments - Advances and loans made"
"5234201","AA","description","Loans to state and territory governments - Advances and loans made"
"5234301","AA","code and description","5234301 - Loans to state and territory governments - Repayments"
"5234301","AA","description","Loans to state and territory governments - Repayments"
"5234501","AA","code and description","5234501 - Loans to state and territory governments - Non-cash movements"
"5234501","AA","description","Loans to state and territory governments - Non-cash movements"
"5235501","AA","code and description","5235501 - No more than 12 months - Receivables"
"5235501","AA","description","No more than 12 months - Receivables"
"5235502","AA","code and description","5235502 - More than 12 months - Receivables"
"5235502","AA","description","More than 12 months - Receivables"
"5235503","AA","code and description","5235503 - Later than 2yrs less than 5yrs (Annual Only)"
"5235503","AA","description","Later than 2yrs less than 5yrs (Annual Only)"
"5235504","AA","code and description","5235504 - Later than 5yrs (Annual Only)"
"5235504","AA","description","Later than 5yrs (Annual Only)"
"5240001","AA","code and description","5240001 - Gold"
"5240001","AA","description","Gold"
"5240002","AA","code and description","5240002 - Investments in deposits"
"5240002","AA","description","Investments in deposits"
"5240004","AA","code and description","5240004 - Investments in government securities"
"5240004","AA","description","Investments in government securities"
"5240006","AA","code and description","5240006 - Investments in other interest bearing securities"
"5240006","AA","description","Investments in other interest bearing securities"
"5240007","AA","code and description","5240007 - Invest in Assoc Corp shares - Listed"
"5240007","AA","description","Invest in Assoc Corp shares - Listed"
"5240008","AA","code and description","5240008 - Invest in Assoc Corp shares - Unlisted"
"5240008","AA","description","Invest in Assoc Corp shares - Unlisted"
"5240009","AA","code and description","5240009 - Shares in subsidiary companies"
"5240009","AA","description","Shares in subsidiary companies"
"5240010","AA","code and description","5240010 - Investment in shares"
"5240010","AA","description","Investment in shares"
"5240011","AA","code and description","5240011 - Shares - other companies - Unlisted"
"5240011","AA","description","Shares - other companies - Unlisted"
"5240012","AA","code and description","5240012 - Shares in International financial institutions"
"5240012","AA","description","Shares in International financial institutions"
"5240013","AA","code and description","5240013 - International Monetary Fund quota"
"5240013","AA","description","International Monetary Fund quota"
"5240014","AA","code and description","5240014 - International Monetary Fund SDRs"
"5240014","AA","description","International Monetary Fund SDRs"
"5240015","AA","code and description","5240015 - Administered Investments in external entities"
"5240015","AA","description","Administered Investments in external entities"
"5240017","AA","code and description","5240017 - Administered Investments in portfolio entities"
"5240017","AA","description","Administered Investments in portfolio entities"
"5240018","AA","code and description","5240018 - Defined benefit plan assets"
"5240018","AA","description","Defined benefit plan assets"
"5240019","AA","code and description","5240019 - IDA/ADF Investment"
"5240019","AA","description","IDA/ADF Investment"
"5240020","AA","code and description","5240020 - Collective investment vehicles"
"5240020","AA","description","Collective investment vehicles"
"5240021","AA","code and description","5240021 - Investment in derivative financial instruments"
"5240021","AA","description","Investment in derivative financial instruments"
"5240022","AA","code and description","5240022 - Residential mortgage backed securities"
"5240022","AA","description","Residential mortgage backed securities"
"5240098","AA","code and description","5240098 - Other investments"
"5240098","AA","description","Other investments"
"5243001","AA","code and description","5243001 - No more than 12 months - Investments"
"5243001","AA","description","No more than 12 months - Investments"
"5243002","AA","code and description","5243002 - More than 12 months - Investments"
"5243002","AA","description","More than 12 months - Investments"
"5243003","AA","code and description","5243003 - Investments Later than 2yrs and not later than 5yrs (Annual Only)"
"5243003","AA","description","Investments Later than 2yrs and not later than 5yrs (Annual Only)"
"5243004","AA","code and description","5243004 - Investments Later than 5yrs (Annual Only)"
"5243004","AA","description","Investments Later than 5yrs (Annual Only)"
"5245001","AA","code and description","5245001 - Investment in associated and joint ventures"
"5245001","AA","description","Investment in associated and joint ventures"
"5250002","AA","code and description","5250002 - Accrued income taxation revenue"
"5250002","AA","description","Accrued income taxation revenue"
"5250004","AA","code and description","5250004 - Accrued interest revenue"
"5250004","AA","description","Accrued interest revenue"
"5250005","AA","code and description","5250005 - Accrued appropriation revenue"
"5250005","AA","description","Accrued appropriation revenue"
"5250006","AA","code and description","5250006 - Accrued sales taxation revenue"
"5250006","AA","description","Accrued sales taxation revenue"
"5250007","AA","code and description","5250007 - Accrued excise duty revenue"
"5250007","AA","description","Accrued excise duty revenue"
"5250008","AA","code and description","5250008 - Accrued customs duty revenue"
"5250008","AA","description","Accrued customs duty revenue"
"5250009","AA","code and description","5250009 - Accrued other taxation revenue"
"5250009","AA","description","Accrued other taxation revenue"
"5250010","AA","code and description","5250010 - Accrued sales of goods and services revenue"
"5250010","AA","description","Accrued sales of goods and services revenue"
"5250098","AA","code and description","5250098 - Other accrued revenue"
"5250098","AA","description","Other accrued revenue"
"5260002","AA","code and description","5260002 - Other Financial Assets (5260002)"
"5260002","AA","description","Other Financial Assets (5260002)"
"5270001","AA","code and description","5270001 - Receivables held for sale"
"5270001","AA","description","Receivables held for sale"
"5270002","AA","code and description","5270002 - Investments held for sale"
"5270002","AA","description","Investments held for sale"
"5311001","AA","code and description","5311001 - Land"
"5311001","AA","description","Land"
"5311002","AA","code and description","5311002 - Buildings"
"5311002","AA","description","Buildings"
"5312001","AA","code and description","5312001 - Specialist military equipment"
"5312001","AA","description","Specialist military equipment"
"5312002","AA","code and description","5312002 - Other infrastructure, plant and equipment"
"5312002","AA","description","Other infrastructure, plant and equipment"
"5313001","AA","code and description","5313001 - Computer software"
"5313001","AA","description","Computer software"
"5313002","AA","code and description","5313002 - Other intangibles"
"5313002","AA","description","Other intangibles"
"5314000","AA","code and description","5314000 - Heritage and cultural assets"
"5314000","AA","description","Heritage and cultural assets"
"5315000","AA","code and description","5315000 - Investment property"
"5315000","AA","description","Investment property"
"5316000","AA","code and description","5316000 - Biological assets"
"5316000","AA","description","Biological assets"
"5351001","AA","code and description","5351001 - Total raw materials &stores"
"5351001","AA","description","Total raw materials &stores"
"5351002","AA","code and description","5351002 - Total work in progress"
"5351002","AA","description","Total work in progress"
"5351003","AA","code and description","5351003 - Total finished goods"
"5351003","AA","description","Total finished goods"
"5351104","AA","code and description","5351104 - Remaining cost of acquisition"
"5351104","AA","description","Remaining cost of acquisition"
"5351204","AA","code and description","5351204 - Development exp capitalised"
"5351204","AA","description","Development exp capitalised"
"5351304","AA","code and description","5351304 - Rates, interest or other amounts capitalised"
"5351304","AA","description","Rates, interest or other amounts capitalised"
"5352001","AA","code and description","5352001 - Consumable stores"
"5352001","AA","description","Consumable stores"
"5352002","AA","code and description","5352002 - Inventories held for distribution"
"5352002","AA","description","Inventories held for distribution"
"5355001","AA","code and description","5355001 - Current tax assets"
"5355001","AA","description","Current tax assets"
"5355003","AA","code and description","5355003 - Recoveries from Tax Losses"
"5355003","AA","description","Recoveries from Tax Losses"
"5356010","AA","code and description","5356010 - Non-financial assets held for sale"
"5356010","AA","description","Non-financial assets held for sale"
"5356020","AA","code and description","5356020 - Infrastructure, Plant and Equipment Held for Sale"
"5356020","AA","description","Infrastructure, Plant and Equipment Held for Sale"
"5356030","AA","code and description","5356030 - Non-financial assets held for sale - other"
"5356030","AA","description","Non-financial assets held for sale - other"
"5360003","AA","code and description","5360003 - Deferred tax assets"
"5360003","AA","description","Deferred tax assets"
"5360004","AA","code and description","5360004 - Deferred acquisition costs"
"5360004","AA","description","Deferred acquisition costs"
"5360005","AA","code and description","5360005 - Work in progress (excluding inventory)"
"5360005","AA","description","Work in progress (excluding inventory)"
"5360006","AA","code and description","5360006 - Work in progress Asset Sales Program"
"5360006","AA","description","Work in progress Asset Sales Program"
"5360007","AA","code and description","5360007 - Deferred R&D costs"
"5360007","AA","description","Deferred R&D costs"
"5360008","AA","code and description","5360008 - Deferred Expenditure"
"5360008","AA","description","Deferred Expenditure"
"5360098","AA","code and description","5360098 - Non Financial Assets - Other"
"5360098","AA","description","Non Financial Assets - Other"
"5360102","AA","code and description","5360102 - Prepaid supplier costs"
"5360102","AA","description","Prepaid supplier costs"
"5360202","AA","code and description","5360202 - Prepayments - Loans and advances"
"5360202","AA","description","Prepayments - Loans and advances"
"5360302","AA","code and description","5360302 - Capital prepayments"
"5360302","AA","description","Capital prepayments"
"5360402","AA","code and description","5360402 - Other prepayments"
"5360402","AA","description","Other prepayments"
"5360502","AA","code and description","5360502 - Prepaid grants"
"5360502","AA","description","Prepaid grants"
"5360602","AA","code and description","5360602 - Prepaid subsidies"
"5360602","AA","description","Prepaid subsidies"
"5360702","AA","code and description","5360702 - Prepaid personal benefits"
"5360702","AA","description","Prepaid personal benefits"
"5400001","AA","code and description","5400001 - Current assets (Annual Only)"
"5400001","AA","description","Current assets (Annual Only)"
"5400002","AA","code and description","5400002 - Non-current assets (Annual Only)"
"5400002","AA","description","Non-current assets (Annual Only)"
"9000111","AA","code and description","9000111 - Operating result and gain on discontinued operation"
"9000111","AA","description","Operating result and gain on discontinued operation"
"9000120","AA","code and description","9000120 - Minority Interests (Annual Only)"
"9000120","AA","description","Minority Interests (Annual Only)"
"3390006","AA","code and description","3390006 - Tax refund payable"
"3390006","AA","description","Tax refund payable"
"2257001","AA","code and description","2257001 - Other Losses"
"2257001","AA","description","Other Losses"
"1290091","AA","code and description","1290091 - Make good - Reversal of write down and impairment"
"1290091","AA","description","Make good - Reversal of write down and impairment"
"2280015","AA","code and description","2280015 - Make good - Write down and impairment"
"2280015","AA","description","Make good - Write down and impairment"
