"-","AA","description","-"
"-","AA","code and description","-"
"-","AA","CBMS","appropriation item unallocated"
"001","AA","description","Ordinary Annual Services of the Government"
"001","AA","code and description","001 - Ordinary Annual Services of the Government"
"00001","AA","description","Appropriation Act (No. 1)"
"00001","AA","code and description","00001 - Appropriation Act (No. 1)"
"A001-00001-05000","AA","description","Ordinary Annual Services of the Government - Appropriation Act (No. 1) - Operating"
"A001-00001-05000","AA","code and description","A001-00001-05000 - Ordinary Annual Services of the Government - Appropriation Act (No. 1) - Operating"
"A001-00001-05001","AA","description","Appropriation Act (No. 1) - Departmental Capital Budget"
"A001-00001-05001","AA","code and description","A001-00001-05001 - Appropriation Act (No. 1) - Departmental Capital Budget"
"00002","AA","description","Appropriation Act (No. 3)"
"00002","AA","code and description","00002 - Appropriation Act (No. 3)"
"A001-00002-05000","AA","description","Ordinary Annual Services of the Government - Appropriation Act (No. 3) - Operating"
"A001-00002-05000","AA","code and description","A001-00002-05000 - Ordinary Annual Services of the Government - Appropriation Act (No. 3) - Operating"
"A001-00002-05001","AA","description","Appropriation Act (No. 3) - Departmental Capital Budget"
"A001-00002-05001","AA","code and description","A001-00002-05001 - Appropriation Act (No. 3) - Departmental Capital Budget"
"00003","AA","description","Appropriation Act (No. 5)"
"00003","AA","code and description","00003 - Appropriation Act (No. 5)"
"A001-00003-05000","AA","description","Appropriation Act (No. 5) - Operating"
"A001-00003-05000","AA","code and description","A001-00003-05000 - Appropriation Act (No. 5) - Operating"
"A001-00003-05001","AA","description","Appropriation Act (No. 5) - Departmental Capital Budget"
"A001-00003-05001","AA","code and description","A001-00003-05001 - Appropriation Act (No. 5) - Departmental Capital Budget"
"00004","AA","description","Appropriation Act (No. 7)"
"00004","AA","code and description","00004 - Appropriation Act (No. 7)"
"A001-00004-05000","AA","description","Appropriation Act (No. 7) - Operating"
"A001-00004-05000","AA","code and description","A001-00004-05000 - Appropriation Act (No. 7) - Operating"
"A001-00004-05001","AA","description","Appropriation Act (No. 7) - Departmental Capital Budget"
"A001-00004-05001","AA","code and description","A001-00004-05001 - Appropriation Act (No. 7) - Departmental Capital Budget"
"00016","AA","description","Supply Act (No. 1)"
"00016","AA","code and description","00016 - Supply Act (No. 1)"
"A001-00016-05000","AA","description","Ordinary Annual Services of the Government - Supply Act (No. 1) - Operating"
"A001-00016-05000","AA","code and description","A001-00016-05000 - Ordinary Annual Services of the Government - Supply Act (No. 1) - Operating"
"A001-00016-05001","AA","description","Supply Act (No. 1) - Departmental Capital Budget"
"A001-00016-05001","AA","code and description","A001-00016-05001 - Supply Act (No. 1) - Departmental Capital Budget"
"00026","AA","description","Supply Act (No. 3)"
"00026","AA","code and description","00026 - Supply Act (No. 3)"
"A001-00026-05000","AA","description","Ordinary Annual Services of the Government - Supply Act (No. 3) - Operating"
"A001-00026-05000","AA","code and description","A001-00026-05000 - Ordinary Annual Services of the Government - Supply Act (No. 3) - Operating"
"A001-00026-05001","AA","description","Ordinary Annual Services of the Government - Supply Act (No. 3) - Departmental Capital Budget (DCB)"
"A001-00026-05001","AA","code and description","A001-00026-05001 - Ordinary Annual Services of the Government - Supply Act (No. 3) - Departmental Capital Budget (DCB)"
"002","AA","description","Other than Ordinary Annual Services of the Government"
"002","AA","code and description","002 - Other than Ordinary Annual Services of the Government"
"00005","AA","description","Appropriation Act (No. 2)"
"00005","AA","code and description","00005 - Appropriation Act (No. 2)"
"A002-00005-05002","AA","description","Appropriation Act (No. 2) - SPP"
"A002-00005-05002","AA","code and description","A002-00005-05002 - Appropriation Act (No. 2) - SPP"
"A002-00005-05003","AA","description","Appropriation Act (No. 2) - New Administered Outcomes"
"A002-00005-05003","AA","code and description","A002-00005-05003 - Appropriation Act (No. 2) - New Administered Outcomes"
"A002-00005-05004","AA","description","Appropriation Act (No. 2) - Equity Injections"
"A002-00005-05004","AA","code and description","A002-00005-05004 - Appropriation Act (No. 2) - Equity Injections"
"A002-00005-05005","AA","description","Other than Ordinary Annual Services of the Government - Appropriation Act (No. 2) - Administered Assets and Liabilities"
"A002-00005-05005","AA","code and description","A002-00005-05005 - Other than Ordinary Annual Services of the Government - Appropriation Act (No. 2) - Administered Assets and Liabilities"
"A002-00005-05007","AA","description","Appropriation Act (No. 2) - Loan"
"A002-00005-05007","AA","code and description","A002-00005-05007 - Appropriation Act (No. 2) - Loan"
"00006","AA","description","Appropriation Act (No. 4)"
"00006","AA","code and description","00006 - Appropriation Act (No. 4)"
"A002-00006-05002","AA","description","Appropriation Act (No. 4) - SPP"
"A002-00006-05002","AA","code and description","A002-00006-05002 - Appropriation Act (No. 4) - SPP"
"A002-00006-05003","AA","description","Appropriation Act (No. 4) - New Administered Outcomes"
"A002-00006-05003","AA","code and description","A002-00006-05003 - Appropriation Act (No. 4) - New Administered Outcomes"
"A002-00006-05004","AA","description","Appropriation Act (No. 4) - Equity Injections"
"A002-00006-05004","AA","code and description","A002-00006-05004 - Appropriation Act (No. 4) - Equity Injections"
"A002-00006-05005","AA","description","Appropriation Act (No. 4) - Admin Assets and Liabilities"
"A002-00006-05005","AA","code and description","A002-00006-05005 - Appropriation Act (No. 4) - Admin Assets and Liabilities"
"A002-00006-05007","AA","description","Appropriation Act (No. 4) - Loan"
"A002-00006-05007","AA","code and description","A002-00006-05007 - Appropriation Act (No. 4) - Loan"
"00007","AA","description","Appropriation Act (No. 6)"
"00007","AA","code and description","00007 - Appropriation Act (No. 6)"
"A002-00007-05002","AA","description","Appropriation Act (No. 6) - SPP"
"A002-00007-05002","AA","code and description","A002-00007-05002 - Appropriation Act (No. 6) - SPP"
"A002-00007-05003","AA","description","Appropriation Act (No. 6) - New Administered Outcomes"
"A002-00007-05003","AA","code and description","A002-00007-05003 - Appropriation Act (No. 6) - New Administered Outcomes"
"A002-00007-05004","AA","description","Appropriation Act (No. 6) - Equity Injections"
"A002-00007-05004","AA","code and description","A002-00007-05004 - Appropriation Act (No. 6) - Equity Injections"
"A002-00007-05005","AA","description","Appropriation Act (No. 6) - Admin Assets and Liabilities"
"A002-00007-05005","AA","code and description","A002-00007-05005 - Appropriation Act (No. 6) - Admin Assets and Liabilities"
"A002-00007-05007","AA","description","Appropriation Act (No. 6) - Loan"
"A002-00007-05007","AA","code and description","A002-00007-05007 - Appropriation Act (No. 6) - Loan"
"00008","AA","description","Appropriation Act (No. 8)"
"00008","AA","code and description","00008 - Appropriation Act (No. 8)"
"A002-00008-05002","AA","description","Appropriation Act (No. 8) - SPP"
"A002-00008-05002","AA","code and description","A002-00008-05002 - Appropriation Act (No. 8) - SPP"
"A002-00008-05003","AA","description","Appropriation Act (No. 8) - New Administered Outcomes"
"A002-00008-05003","AA","code and description","A002-00008-05003 - Appropriation Act (No. 8) - New Administered Outcomes"
"A002-00008-05004","AA","description","Appropriation Act (No. 8) - Equity Injections"
"A002-00008-05004","AA","code and description","A002-00008-05004 - Appropriation Act (No. 8) - Equity Injections"
"A002-00008-05005","AA","description","Appropriation Act (No. 8) - Admin Assets and Liabilities"
"A002-00008-05005","AA","code and description","A002-00008-05005 - Appropriation Act (No. 8) - Admin Assets and Liabilities"
"A002-00008-05007","AA","description","Appropriation Act (No. 8) - Loan"
"A002-00008-05007","AA","code and description","A002-00008-05007 - Appropriation Act (No. 8) - Loan"
"00017","AA","description","Supply Act (No. 2)"
"00017","AA","code and description","00017 - Supply Act (No. 2)"
"A002-00017-05002","AA","description","Supply Act (No. 2) - SPP"
"A002-00017-05002","AA","code and description","A002-00017-05002 - Supply Act (No. 2) - SPP"
"A002-00017-05003","AA","description","Supply Act (No. 2) - New Administered Outcomes"
"A002-00017-05003","AA","code and description","A002-00017-05003 - Supply Act (No. 2) - New Administered Outcomes"
"A002-00017-05004","AA","description","Supply Act (No. 2) - Equity Injections"
"A002-00017-05004","AA","code and description","A002-00017-05004 - Supply Act (No. 2) - Equity Injections"
"A002-00017-05005","AA","description","Other than Ordinary Annual Services of the Government - Supply Act (No. 2) - Administered Assets and Liabilities"
"A002-00017-05005","AA","code and description","A002-00017-05005 - Other than Ordinary Annual Services of the Government - Supply Act (No. 2) - Administered Assets and Liabilities"
"A002-00017-05007","AA","description","Supply Act (No. 2) - Loan"
"A002-00017-05007","AA","code and description","A002-00017-05007 - Supply Act (No. 2) - Loan"
"00027","AA","description","Supply Act (No. 4)"
"00027","AA","code and description","00027 - Supply Act (No. 4)"
"A002-00027-05004","AA","description","Other than Ordinary Annual Services of the Government - Supply Act (No. 4) - Equity Injections"
"A002-00027-05004","AA","code and description","A002-00027-05004 - Other than Ordinary Annual Services of the Government - Supply Act (No. 4) - Equity Injections"
"A002-00027-05005","AA","description","Other than Ordinary Annual Services of the Government - Supply Act (No. 4) - Administered Assets and Liabilities"
"A002-00027-05005","AA","code and description","A002-00027-05005 - Other than Ordinary Annual Services of the Government - Supply Act (No. 4) - Administered Assets and Liabilities"
"006","AA","description","Ordinary Annual Services of the Government - Ad-hoc"
"006","AA","code and description","006 - Ordinary Annual Services of the Government - Ad-hoc"
"A006-00022-05000","AA","description","Ordinary Annual Services of the Government - Ad-hoc - Appropriation (Coronavirus Economic Response Package) Act (No. 1)2019-2020 - Operating"
"A006-00022-05000","AA","code and description","A006-00022-05000 - Ordinary Annual Services of the Government - Ad-hoc - Appropriation (Coronavirus Economic Response Package) Act (No. 1)2019-2020 - Operating"
"007","AA","description","Other than Ordinary Annual Services of the Government - Ad-hoc"
"007","AA","code and description","007 - Other than Ordinary Annual Services of the Government - Ad-hoc"
"009","AA","description","GST Increase to Appropriations"
"009","AA","code and description","009 - GST Increase to Appropriations"
"00013","AA","description","00013 - GST Increase to Appropriations"
"A009-00013-05006","AA","description","A009-00013-05006 - GST Increase to Appropriations"
"A009-00013-05006","AA","code and description","A009-00013-05006 - GST Increase to Appropriations"
"010","AA","description","Nil Appropriation Impact"
"010","AA","code and description","010 - Nil Appropriation Impact"
"00014","AA","description","00014 - Nil Appropriation Impact"
"A010-00014-01436","AA","description","Nil Appropriation Impact - Nil Appropriation Impact - Nil Appropriation Impact"
"A010-00014-01436","AA","code and description","A010-00014-01436 - Nil Appropriation Impact - Nil Appropriation Impact - Nil Appropriation Impact"
"100","AA","description","Special Appropriation"
"100","AA","code and description","100 - Special Appropriation"
"A100-10237-04204","AA","description","Water Act 2007"
"A100-10237-04204","AA","code and description","A100-10237-04204 - Water Act 2007"
"A100-10246-04141","AA","description","PGPA Act s77 Repayments ENVIRO"
"A100-10246-04141","AA","code and description","A100-10246-04141 - PGPA Act s77 Repayments ENVIRO"
"A100-10246-05109","AA","description","A100-1024 6-05109Special Appropriation - Public Governance, Performance and Accountability Act 2013 - s77 Repayments DCCEEW"
"A100-10246-05109","AA","code and description","A100-1024-05109 s77 repayments"
"A100-10274-05045","AA","description","Assistance for Severely Affected Regions (Special Appropriation) (Coronavirus Economic Response Package) Act 2020"
"A100-10274-05045","AA","code and description","A100-10274-05045 - Assistance for Severely Affected Regions (Special Appropriation) (Coronavirus Economic Response Package) Act 2020"
"A100-10285-05080","AA","description","NOPSEMA Offshore Electricity Infrastructure Act 2021"
"A100-10285-05080","AA","code and description","10285 - NOPSEMA Offshore Electricity Infrastructure Act 2021"
"A100-10285-05093","AA","description","s186 Payments to NOPSEMA Offshore Electricity Infrastructure Act 2021 - AAO 010722 DISR to DCCEEW"
"A100-10285-05093","AA","code and description","A100-10285-05093 - OEI Act 2021 DCCEEW"
"10032","AA","code and description","Australian Renewable Energy Agency Act 2011"
"A100-10032-04193","AA","description","Australian Renewable Energy Agency Act 2011 - s66 Payments to ARENA AAO 2015 Industry to ENVIRO"
"A100-10032-04193","AA","code and description","A100-10032-04193 - Australian Renewable Energy Agency Act 2011 - s66 Payments to ARENA AAO 2015 Industry to ENVIRO"
"A100-10032-05087","AA","description","Australian Renewable Energy Agency Act 2011 - s66 Payments to ARENA - AAO 010722 INDUSTRY to DCCEEW"
"A100-10032-05087","AA","code and description","A100-10032-05087 - Australian Renewable Energy Agency Act 2011 - s66 Payments to ARENA - AAO 010722 INDUSTRY to DCCEEW"
"10191","AA","code and description","Clean Energy Finance Corporation Act 2012"
"A100-10191-04192","AA","description","Clean Energy Finance Corporation Act 2012 - s46 statutory credits to Clean Energy Finance Corporation Special Account - AAO 2015 Treasury to ENVIRO"
"A100-10191-04192","AA","code and description","A100-10191-04192 - Clean Energy Finance Corporation Act 2012 - s46 statutory credits to Clean Energy Finance Corporation Special Account - AAO 2015 Treasury to ENVIRO"
"10282","AA","code and description","Fuel Security Act 2021"
"A100-10282-05073","AA","description","s58 fuel security services payment Fuel Security Act 2021"
"A100-10282-05073","AA","code and description","A100-10282-05073 - s58 fuel security services payment Fuel Security Act 2021"
"A100-10282-05092","AA","description","Fuel Security Act 2021Industry to DCCEEW"
"A100-10282-05092","AA","code and description","A100-10282-05092 - Fuel Security Act 2021Industry to DCCEEW"
"200","AA","description","Special Account by Determination"
"200","AA","code and description","200 - Special Account by Determination"
"20074","AA","code and description","Services for Other Entities and Trust Moneys - Environment Special Account"
"A200-20074-03781","AA","description","Services for Other Entities and Trust Moneys - Department of the Environment, Water,Heritage and the Arts Special Account - s78 PGPA Act"
"A200-20074-03781","AA","code and description","A200-20074-03781 - Services for Other Entities and Trust Moneys - Department of the Environment, Water,Heritage and the Arts Special Account - s78 PGPA Act"
"20134","AA","code and description","Reef Trust Special Account 2014"
"A200-20134-04100","AA","description","Reef Trust Special Account 2014 - s78 PGPA Act"
"A200-20134-04100","AA","code and description","A200-20134-04100 - Reef Trust Special Account 2014 - s78 PGPA Act"
"A200-20134-05094","AS","disabled","Y"
"A200-20134-05094","AA","description","ReefTrust SpAcct2014"
"A200-20134-05094","AA","code and description","ReefTrust SpAcct2014"
"A200-20139-04232","AS","disabled","Y"
"A200-20139-04232","AA","description","Water Resources Special Account 2016"
"A200-20139-04232","AA","code and description","A200-20139-04232 - Water Resources Special Account 2016"
"A200-20139-05095","AA","description","WaterRes SpAcct2016"
"A200-20139-05095","AA","code and description","A200-20139-05095 - WaterRes SpAcct2016"
"A200-20192-05058","AA","description","Climate Change, Energy, the Environment and Water SOETM special account 2020"
"A200-20192-05058","AA","code and description","A200-2192-05058 - Climate Change, Energy, the Environment and Water SOETM special account 2020"
"A200-20192-05096","AA","description","A200-20139-05096 - Environment SOETM"
"A200-20192-05096","AA","code and description","A200-20139-05096 - Environment SOETM"
"20021","AA","code and description","Energy Special Account 2015"
"A200-20021-04226","AA","description","Energy Special Account 2015 - s78 PGPA Act"
"A200-20021-04226","AA","code and description","A200-20021-04226 - Energy Special Account 2015 - s78 PGPA Act"
"A200-20021-04180","AA","description","EnergySpAcct2015 Ind"
"A200-20021-04180","AA","code and description","A200-20021-04180 - EnergySpAcct2015 Ind"
"A200-20021-05088","AS","disabled","Y"
"A200-20021-05088","AA","description","Energy Special Account 2015 DCCEEW"
"A200-20021-05088","AA","code and description","A200-20021-05088 - Energy Special Account 2015"
"20212","AA","description","Rewiring the Nation Special Account 2023"
"20212","AA","code and description","20212 - Rewiring the Nation Special Account 2023"
"A200-20212-05120","AA","description","Rewiring the Nation Special Account 2023 - s78 PGPA Act"
"A200-20212-05120","AA","code and description","A200-20212-05120 - Rewiring the Nation Special Account 2023 - s78 PGPA Act"
"20213","AA","description","Energy and Climate Change Special Account 2023"
"20213","AA","code and description","20213 - Energy and Climate Change Special Account 2023"
"A200-20213-05121","AA","description","Energy and Climate Change Special Account 2023 - s78 PGPA Act"
"A200-20213-05121","AA","code and description","A200-20213-05121 - Energy and Climate Change Special Account 2023 - s78 PGPA Act"
"A200-20218-05136","AA","description","Reef Trust Special Account 2024"
"A200-20218-05136","AA","code and description","A200-20218-05136 - Reef Trust Special Account 2024"
"300","AA","description","Special Account by Act"
"300","AA","code and description","300 - Special Account by Act"
"30033","AA","code and description","Environmental Water Holdings Special Account"
"A300-30033-03260","AA","description","Environmental Water Holdings Special Account - old"
"A300-30033-03260","AA","code and description","A300-30033-03260 - Environmental Water Holdings Special Account - old"
"A300-30033-05098","AA","description","Environmental Water Holdings Special Account - s111 Water Act 2007"
"A300-30033-05098","AA","code and description","A300-30033-05098 - Environmental Water Holdings Special Account - s111 Water Act 2007"
"30053","AA","code and description","Natural Heritage Trust of Australia Account"
"A300-30053-02284","AS","disabled","Y"
"A300-30053-02284","AA","description","Natural Heritage Trust of Australia Account - s4 Natural Heritage Trust of Australia Act 1997"
"A300-30053-02284","AA","code and description","A300-30053-02284 - Natural Heritage Trust of Australia Account - s4 Natural Heritage Trust of Australia Act 1997 - old"
"A300-30053-05099","AA","description","Natural Heritage Trust of Australia Account DCCEEW"
"A300-30053-05099","AA","code and description","A300-30053-05099 - Natural Heritage Trust Account"
"30057","AA","code and description","Ozone Protection and SGG Account"
"A300-30057-03936","AS","disabled","Y"
"A300-30057-03936","AA","description","Ozone Protection and SGG Account -s65A Ozone Protection and Synthetic Greenhouse Gas Management Act 1989"
"A300-30057-03936","AA","code and description","A300-30057-03936 - Ozone Protection and SGG Account -s65A Ozone Protection and Synthetic Greenhouse Gas Management Act 1989"
"A300-30057-05100","AA","description","Ozone Protection and SGG Account DCCEEW"
"A300-30057-05100","AA","code and description","A300-30053-05100 - Ozone"
"A300-30066-04205","AS","disabled","Y"
"A300-30066-04205","AA","description","s86AB Water Act 2007 - AAO 21/9/2015 Environment to Agriculture"
"A300-30066-04205","AA","code and description","A300-30066-04205s86AB Water Act 2007 - AAO 21/9/2015 Environment to Agriculture"
"A300-30066-05101","AA","description","WaterforEnv SpAcct"
"A300-30066-05101","AA","code and description","A300-30066-05101 - WaterforEnv SpAcct"
"A300-30067-04206","AS","disabled","Y"
"A300-30067-04206","AA","description","s64(1) Water Efficiency Labelling and Standards Act 2005 - AAO 21/9/2015 Environment to Agriculture"
"A300-30067-04206","AA","code and description","A300-30067-04206 - s64(1) Water Efficiency Labelling and Standards Act 2005 - AAO 21/9/2015 Environment to Agriculture"
"A300-30067-05102","AA","description","WELS Acct"
"A300-30067-05102","AA","code and description","A300-30067-05102 - WELS Acct"
"A300-30072-04094","AS","disabled","Y"
"A300-30072-04094","AA","description","s53 National Environment Protection Council Act 1994"
"A300-30072-04094","AA","code and description","A300-30072-04094 - s53 National Environment Protection Council Act 1994"
"A300-30072-05103","AA","description","National Environment Protection Council Special Account"
"A300-30072-05103","AA","code and description","A300-30072-05103 - NEPC"
"A300-30116-05081","AA","description","Offshore Infrastructure Registrar Special Account - s171 Offshore Electricity Infrastructure Act"
"A300-30116-05081","AA","code and description","A300-30116-05081 - Offshore Infrastructure Registrar Special Account - s171 Offshore Electricity Infrastructure Act"
"A300-30116-05104","AA","description","Offshore Infrastructure Registrar Special Account"
"A300-30116-05104","AA","code and description","A300-30116-05104 - Offshore Infrastructure Registrar Special Account"
"A300-30018-04191","AS","disabled","Y"
"A300-30018-04191","AA","description","Clean Energy Finance Corporation Special Account - s45 Clean Energy Finance Corporation Act 2012 - AAO 2015 Treasury to ENVIRO"
"A300-30018-04191","AA","code and description","A300-30018-04191 - Clean Energy Finance Corporation Special Account - s45 Clean Energy Finance Corporation Act 2012 - AAO 2015 Treasury to ENVIRO"
"A300-30018-05097","AS","disabled","y"
"A300-30018-05097","AA","description","Clean Energy Finance Corporation Special Account - s45 Clean Energy Finance Corporation Act 2012 - AAO 010722 DISER to DCCEEW"
"A300-30018-05097","AA","code and description","A300-300018-05097 - Clean Energy Finance Corporation Special Account - s45 Clean Energy Finance Corporation Act 2012 - AAO 010722 DISER to DCCEEW"
"1038","AS","disabled","Y"
"1038","AA","description","Coal Mining Industry (Long Service Leave) Payroll Levy Act 1992"
"1038","AA","code and description","1038 - Coal Mining Industry (Long Service Leave) Payroll Levy Act 1992"
"1039","AS","disabled","Y"
"1070","AS","disabled","Y"
"1070","AA","description","Australian International Education Foundation International Marketing Account"
"1070","AA","code and description","1070 - Australian International Education Foundation International Marketing Account"
"1078","AS","CBMS-R Approp Type Mapping","A300"
"1078","AS","CBMS-R Approp Item Mapping","A300-30006-01078"
"1078","AS","disabled","Y"
"1078","AA","description","ARC Research Endowment Account - - s21 FMA Act [s62 Australian Research Council Act 2001]"
"1078","AA","code and description","1078 - ARC Research Endowment Account - - s21 FMA Act [s62 Australian Research Council Act 2001]"
"1085","AS","disabled","Y"
"1085","AA","description","Book Industry - Education Textbook Subsidy Scheme"
"1085","AA","code and description","1085 - Book Industry - Education Textbook Subsidy Scheme"
"1097","AS","disabled","Y"
"1097","AA","description","COMCARE special public money"
"1097","AA","code and description","1097 - COMCARE special public money"
"1128","AS","disabled","Y"
"1128","AA","description","Federation Fund Account - DEST"
"1128","AA","code and description","1128 - Federation Fund Account - DEST"
"1139","AS","disabled","Y"
"1139","AA","description","Higher Education (HECS) Account"
"1139","AA","code and description","1139 - Higher Education (HECS) Account"
"1171","AS","disabled","Y"
"1171","AA","description","National Science and Technology Centre Account - - s20 FMA Act - - Questacon"
"1171","AA","code and description","1171 - National Science and Technology Centre Account - - s20 FMA Act - - Questacon"
"1173","AS","disabled","Y"
"1173","AA","description","National Youth Affairs Research Scheme Account - DEST"
"1173","AA","code and description","1173 - National Youth Affairs Research Scheme Account - DEST"
"1208","AS","disabled","Y"
"1208","AA","description","Other Trust Moneys Account - DEST"
"1208","AA","code and description","1208 - Other Trust Moneys Account - DEST"
"1296","AS","disabled","Y"
"1296","AA","description","Services for Other Governments and Non-Agency Bodies - DEST"
"1296","AA","code and description","1296 - Services for Other Governments and Non-Agency Bodies - DEST"
"1313","AS","disabled","Y"
"1313","AA","description","Special Acc - Super Paymts for Aboriginal Tutor Assistance Sch Tutors"
"1313","AA","code and description","1313 - Special Acc - Super Paymts for Aboriginal Tutor Assistance Sch Tutors"
"1314","AS","disabled","Y"
"1314","AA","description","Special Public Monies"
"1314","AA","code and description","1314 - Special Public Monies"
"1319","AS","disabled","Y"
"1319","AA","description","Students (Financial Supplement) Account"
"1319","AA","code and description","1319 - Students (Financial Supplement) Account"
"1322","AS","disabled","Y"
"1322","AA","description","Superannuation Productivity Benefits ATAS Tutors Account"
"1322","AA","code and description","1322 - Superannuation Productivity Benefits ATAS Tutors Account"
"1331","AS","disabled","Y"
"1331","AA","description","Unallocated - Special Account"
"1331","AA","code and description","1331 - Unallocated - Special Account"
"1350","AS","disabled","Y"
"1350","AA","description","ABSTUDY - Secondary"
"1350","AA","code and description","1350 - ABSTUDY - Secondary"
"1351","AS","disabled","Y"
"1351","AA","description","ABSTUDY - Tertiary"
"1351","AA","code and description","1351 - ABSTUDY - Tertiary"
"1352","AS","disabled","Y"
"1352","AA","description","ABSTUDY Student Financial Supplement Loans"
"1352","AA","code and description","1352 - ABSTUDY Student Financial Supplement Loans"
"1355","AS","disabled","Y"
"1355","AA","description","Assistance for Isolated Children"
"1355","AA","code and description","1355 - Assistance for Isolated Children"
"1365","AS","disabled","Y"
"1365","AA","description","Coal Mining Industry (long service leave Funding (Act) 1992"
"1365","AA","code and description","1365 - Coal Mining Industry (long service leave Funding (Act) 1992"
"1373","AS","disabled","Y"
"1373","AA","description","Framework for Open Learning"
"1373","AA","code and description","1373 - Framework for Open Learning"
"1376","AS","disabled","Y"
"1376","AA","description","Grants to foster Literacy and Numeracy - Government"
"1376","AA","code and description","1376 - Grants to foster Literacy and Numeracy - Government"
"1379","AS","disabled","Y"
"1379","AA","description","Higher Ed Fund Act - Australian Education International"
"1379","AA","code and description","1379 - Higher Ed Fund Act - Australian Education International"
"1380","AS","disabled","Y"
"1380","AA","description","Higher Ed Fund Act - Inst Grants Scheme (research quantum)"
"1380","AA","code and description","1380 - Higher Ed Fund Act - Inst Grants Scheme (research quantum)"
"1381","AS","disabled","Y"
"1381","AA","description","Higher Ed Fund Act - Systemic Infrastructure Initiative"
"1381","AA","code and description","1381 - Higher Ed Fund Act - Systemic Infrastructure Initiative"
"1382","AS","disabled","Y"
"1382","AA","description","Higher Education Funding Act - Regional Protection Fund"
"1382","AA","code and description","1382 - Higher Education Funding Act - Regional Protection Fund"
"1383","AS","disabled","Y"
"1383","AA","description","Higher Education Funding Act 1988 and Higher Education Support Act 2003"
"1383","AA","code and description","1383 - Higher Education Funding Act 1988 and Higher Education Support Act 2003"
"1385","AS","disabled","Y"
"1385","AA","description","Indigenous Education (Targeted Assistance) Act 2000"
"1385","AA","code and description","1385 - Indigenous Education (Targeted Assistance) Act 2000"
"1386","AS","disabled","Y"
"1386","AA","description","Indigenous Education Strategic Initiatives"
"1386","AA","code and description","1386 - Indigenous Education Strategic Initiatives"
"1413","AS","CBMS-R Approp Type Mapping","A100"
"1413","AS","CBMS-R Approp Item Mapping","A100-10203-01413"
"1413","AS","disabled","Y"
"1413","AA","description","1413 - Social Security (Administration) Act 1999"
"1413","AA","code and description","1413 - Social Security (Administration) Act 1999"
"1415","AS","disabled","Y"
"1415","AA","description","States Grants -  SAISO - Government"
"1415","AA","code and description","1415 - States Grants -  SAISO - Government"
"1416","AS","disabled","Y"
"1416","AA","description","States Grants - Capital - Government"
"1416","AA","code and description","1416 - States Grants - Capital - Government"
"1417","AS","disabled","Y"
"1417","AA","description","States Grants - Capital - Non-Government"
"1417","AA","code and description","1417 - States Grants - Capital - Non-Government"
"1418","AS","disabled","Y"
"1418","AA","description","States Grants - Country Areas - Government"
"1418","AA","code and description","1418 - States Grants - Country Areas - Government"
"1419","AS","disabled","Y"
"1419","AA","description","States Grants - Country Areas - Non-Government"
"1419","AA","code and description","1419 - States Grants - Country Areas - Non-Government"
"1420","AS","disabled","Y"
"1420","AA","description","States Grants - ESL New Arrivals - Government"
"1420","AA","code and description","1420 - States Grants - ESL New Arrivals - Government"
"1421","AS","disabled","Y"
"1421","AA","description","States Grants - ESL New Arrivals - Non-Government"
"1421","AA","code and description","1421 - States Grants - ESL New Arrivals - Non-Government"
"1422","AS","disabled","Y"
"1422","AA","description","States Grants - Languages other than English - Government"
"1422","AA","code and description","1422 - States Grants - Languages other than English - Government"
"1423","AS","disabled","Y"
"1423","AA","description","States Grants - Languages other than English - Non-Government"
"1423","AA","code and description","1423 - States Grants - Languages other than English - Non-Government"
"1424","AS","disabled","Y"
"1424","AA","description","States Grants - Recurrent - Government"
"1424","AA","code and description","1424 - States Grants - Recurrent - Government"
"1425","AS","disabled","Y"
"1425","AA","description","States Grants - Recurrent - Non-Government"
"1425","AA","code and description","1425 - States Grants - Recurrent - Non-Government"
"1426","AS","disabled","Y"
"1426","AA","description","States Grants - SAISO - Non-Government"
"1426","AA","code and description","1426 - States Grants - SAISO - Non-Government"
"1427","AS","disabled","Y"
"1427","AA","description","States Grants - Special Education for Non-Gov Grants"
"1427","AA","code and description","1427 - States Grants - Special Education for Non-Gov Grants"
"1431","AS","disabled","Y"
"1431","AA","description","Superannuation Payments for former Commissioners"
"1431","AA","code and description","1431 - Superannuation Payments for former Commissioners"
"1436","AS","disabled","Y"
"1436","AA","description","Unallocated - Special Appropriation"
"1436","AA","code and description","1436 - Unallocated - Special Appropriation"
"1438","AS","disabled","Y"
"1438","AA","description","Vocational Education and Training - Funding"
"1438","AA","code and description","1438 - Vocational Education and Training - Funding"
"1439","AS","disabled","Y"
"1439","AA","description","Vocational Education and Training - National Programmes"
"1439","AA","code and description","1439 - Vocational Education and Training - National Programmes"
"1468","AS","disabled","Y"
"1468","AA","description","Remuneration and Allowances Act 1990"
"1468","AA","code and description","1468 - Remuneration and Allowances Act 1990"
"1470","AS","CBMS-R Approp Type Mapping","A100"
"1470","AS","CBMS-R Approp Item Mapping","A100-10188-01470"
"1470","AS","disabled","Y"
"1470","AA","description","Remuneration Tribunal Act 1973 - - s7(13) Remuneration (including salary) or allowances"
"1470","AA","code and description","1470 - Remuneration Tribunal Act 1973 - - s7(13) Remuneration (including salary) or allowances"
"1629","AS","disabled","Y"
"1629","AA","description","Judicial and Statutory Officers (Remuneration and Allowances) Act 1984"
"1629","AA","code and description","1629 - Judicial and Statutory Officers (Remuneration and Allowances) Act 1984"
"1633","AS","disabled","Y"
"1633","AA","description","States Grants (Advanced Education) Act 1976"
"1633","AA","code and description","1633 - States Grants (Advanced Education) Act 1976"
"1725","AS","disabled","Y"
"1725","AA","description","Social Security (Administration) Act 1999 - - Utilities Allowance"
"1725","AA","code and description","1725 - Air Passenger Ticket Levy (Collection) Act 2001 - - s22(5) payments relating to the Special Employee Entitlements Scheme for Ansett Group Employees"
"1843","AS","disabled","Y"
"1843","AA","description","Higher Education Funding Act 1988 and Higher Education Support Act 2003 -- unallocated--LrnSch_HE"
"1843","AA","code and description","1843 - Higher Education Funding Act 1988 and Higher Education Support Act 2003 -- unallocated--LrnSch_HE"
"1844","AS","disabled","Y"
"1844","AA","description","Higher Education Support Act 2003 -- Learning Scholarships (Higher Ed)"
"1844","AA","code and description","1844 - Higher Education Support Act 2003 -- Learning Scholarships (Higher Ed)"
"1845","AS","disabled","Y"
"1845","AA","description","Higher Education Funding Act 1988 -- Learning Scholarships (Higher Ed)"
"1845","AA","code and description","1845 - Higher Education Funding Act 1988 -- Learning Scholarships (Higher Ed)"
"1846","AS","disabled","Y"
"1846","AA","description","Higher Education Funding Act 1988 and Higher Education Support Act 2003 -- unallocated--ResTrn_HE"
"1846","AA","code and description","1846 - Higher Education Funding Act 1988 and Higher Education Support Act 2003 -- unallocated--ResTrn_HE"
"1847","AS","disabled","Y"
"1847","AA","description","Higher Education Support Act 2003 -- Research Training (Higher Ed)"
"1847","AA","code and description","1847 - Higher Education Support Act 2003 -- Research Training (Higher Ed)"
"1848","AS","disabled","Y"
"1848","AA","description","Higher Education Funding Act 1988 -- Research Training (Higher Ed)"
"1848","AA","code and description","1848 - Higher Education Funding Act 1988 -- Research Training (Higher Ed)"
"1849","AS","disabled","Y"
"1849","AA","description","Higher Education Funding Act 1988 and Higher Education Support Act 2003 -- unallocated--TrnsFund_HE"
"1849","AA","code and description","1849 - Higher Education Funding Act 1988 and Higher Education Support Act 2003 -- unallocated--TrnsFund_HE"
"1850","AS","disabled","Y"
"1850","AA","description","Higher Education Support Act 2003 -- Transition Fund (Higher Ed)"
"1850","AA","code and description","1850 - Higher Education Support Act 2003 -- Transition Fund (Higher Ed)"
"1851","AS","disabled","Y"
"1851","AA","description","Higher Education Funding Act 1988 -- Transition Fund (Higher Ed)"
"1851","AA","code and description","1851 - Higher Education Funding Act 1988 -- Transition Fund (Higher Ed)"
"1852","AS","disabled","Y"
"1852","AA","description","Higher Education Funding Act 1988 and Higher Education Support Act 2003 -- unallocated--Enbl_Ldng_HE"
"1852","AA","code and description","1852 - Higher Education Funding Act 1988 and Higher Education Support Act 2003 -- unallocated--Enbl_Ldng_HE"
"1853","AS","disabled","Y"
"1853","AA","description","Higher Education Support Act 2003 -- Enabling Loading (Higher Ed)"
"1853","AA","code and description","1853 - Higher Education Support Act 2003 -- Enabling Loading (Higher Ed)"
"1854","AS","disabled","Y"
"1854","AA","description","Higher Education Funding Act 1988 -- Enabling Loading (Higher Ed)"
"1854","AA","code and description","1854 - Higher Education Funding Act 1988 -- Enabling Loading (Higher Ed)"
"1855","AS","disabled","Y"
"1855","AA","description","Higher Education Funding Act 1988 and Higher Education Support Act 2003 -- unallocated--IndSprtFndHE"
"1855","AA","code and description","1855 - Higher Education Funding Act 1988 and Higher Education Support Act 2003 -- unallocated--IndSprtFndHE"
"1856","AS","disabled","Y"
"1856","AA","description","Higher Education Support Act 2003 -- Indigenous Support Fund (Higher Ed)"
"1856","AA","code and description","1856 - Higher Education Support Act 2003 -- Indigenous Support Fund (Higher Ed)"
"1857","AS","disabled","Y"
"1857","AA","description","Higher Education Funding Act 1988 -- Indigenous Support Fund (Higher Ed)"
"1857","AA","code and description","1857 - Higher Education Funding Act 1988 -- Indigenous Support Fund (Higher Ed)"
"1858","AS","disabled","Y"
"1858","AA","description","Higher Education Funding Act 1988 and Higher Education Support Act 2003 -- unallocated--Nat_Inst_HE"
"1858","AA","code and description","1858 - Higher Education Funding Act 1988 and Higher Education Support Act 2003 -- unallocated--Nat_Inst_HE"
"1859","AS","disabled","Y"
"1859","AA","description","Higher Education Support Act 2003 -- National Institutes (Higher Ed)"
"1859","AA","code and description","1859 - Higher Education Support Act 2003 -- National Institutes (Higher Ed)"
"1860","AS","disabled","Y"
"1860","AA","description","Higher Education Funding Act 1988 -- National Institutes (Higher Ed)"
"1860","AA","code and description","1860 - Higher Education Funding Act 1988 -- National Institutes (Higher Ed)"
"1861","AS","disabled","Y"
"1861","AA","description","Higher Education Funding Act 1988 and Higher Education Support Act 2003 -- unallocated--Qua_Init_HE"
"1861","AA","code and description","1861 - Higher Education Funding Act 1988 and Higher Education Support Act 2003 -- unallocated--Qua_Init_HE"
"1862","AS","disabled","Y"
"1862","AA","description","Higher Education Support Act 2003 -- Quality Initiatives (Higher Ed)"
"1862","AA","code and description","1862 - Higher Education Support Act 2003 -- Quality Initiatives (Higher Ed)"
"1863","AS","disabled","Y"
"1863","AA","description","Higher Education Funding Act 1988 -- Quality Initiatives (Higher Ed)"
"1863","AA","code and description","1863 - Higher Education Funding Act 1988 -- Quality Initiatives (Higher Ed)"
"1864","AS","disabled","Y"
"1864","AA","description","Higher Education Funding Act 1988 and Higher Education Support Act 2003 -- unallocated -- RegLoad_HE"
"1864","AA","code and description","1864 - Higher Education Funding Act 1988 and Higher Education Support Act 2003 -- unallocated -- RegLoad_HE"
"1865","AS","disabled","Y"
"1865","AA","description","Higher Education Support Act 2003 -- Regional Loading (Higher Ed)"
"1865","AA","code and description","1865 - Higher Education Support Act 2003 -- Regional Loading (Higher Ed)"
"1866","AS","disabled","Y"
"1866","AA","description","Higher Education Funding Act 1988 -- Regional Loading (Higher Ed)"
"1866","AA","code and description","1866 - Higher Education Funding Act 1988 -- Regional Loading (Higher Ed)"
"1867","AS","disabled","Y"
"1867","AA","description","Higher Education Funding Act 1988 and Higher Education Support Act 2003 -- unallocated -- CGS_HE"
"1867","AA","code and description","1867 - Higher Education Funding Act 1988 and Higher Education Support Act 2003 -- unallocated -- CGS_HE"
"1868","AS","disabled","Y"
"1868","AA","description","Higher Education Support Act 2003 -- Commonwealth Grants Scheme (CGS) (Higher Ed)"
"1868","AA","code and description","1868 - Higher Education Support Act 2003 -- Commonwealth Grants Scheme (CGS) (Higher Ed)"
"1869","AS","disabled","Y"
"1869","AA","description","Higher Education Funding Act 1988 -- Commonwealth Grants Scheme (CGS) (Higher Ed)"
"1869","AA","code and description","1869 - Higher Education Funding Act 1988 -- Commonwealth Grants Scheme (CGS) (Higher Ed)"
"1870","AS","disabled","Y"
"1870","AA","description","Schools Assistance (Learning Together Achievement Through Choice and Opportunity) Act 2004 --TrmHost"
"1870","AA","code and description","1870 - Schools Assistance (Learning Together Achievement Through Choice and Opportunity) Act 2004 --TrmHost"
"1871","AS","disabled","Y"
"1871","AA","description","States Grants (Primary and Secondary Education Assistance) Act 2000 -- School Term Hostels"
"1871","AA","code and description","1871 - States Grants (Primary and Secondary Education Assistance) Act 2000 -- School Term Hostels"
"1873","AS","disabled","Y"
"1873","AA","description","Social Security (Administration) Act 1999-- Youth Allowance - Secondary"
"1873","AA","code and description","1873 - Social Security (Administration) Act 1999-- Youth Allowance - Secondary"
"1874","AS","disabled","Y"
"1874","AA","description","Social Security Act 1991 -- Youth Allowance - Secondary"
"1874","AA","code and description","1874 - Social Security Act 1991 -- Youth Allowance - Secondary"
"1875","AS","disabled","Y"
"1875","AA","description","Schools Assistance (Learning Together Achievement Through Choice and Opportunity) Act 2004 -- Infrs"
"1875","AA","code and description","1875 - Schools Assistance (Learning Together Achievement Through Choice and Opportunity) Act 2004 -- Infrs"
"1876","AS","disabled","Y"
"1876","AA","description","States Grants (Primary and Secondary Education Assistance) Act 2000 -- Schools Infrastructure"
"1876","AA","code and description","1876 - States Grants (Primary and Secondary Education Assistance) Act 2000 -- Schools Infrastructure"
"1878","AS","disabled","Y"
"1878","AA","description","Social Security (Administration) Act 1991-- Fares Allowance (DEST)"
"1878","AA","code and description","1878 - Social Security (Administration) Act 1991-- Fares Allowance (DEST)"
"1879","AS","disabled","Y"
"1879","AA","description","Social Security Act 1991 -- Fares Allowance (DEST)"
"1879","AA","code and description","1879 - Social Security Act 1991 -- Fares Allowance (DEST)"
"1880","AS","disabled","Y"
"1880","AA","description","Social Security (Administration) Act 1991-- Austudy Payment (DEST)"
"1880","AA","code and description","1880 - Social Security (Administration) Act 1991-- Austudy Payment (DEST)"
"1881","AS","disabled","Y"
"1881","AA","description","Social Security Act 1991 -- Austudy Payment (DEST)"
"1881","AA","code and description","1881 - Social Security Act 1991 -- Austudy Payment (DEST)"
"1882","AS","disabled","Y"
"1882","AA","description","Social Security (Administration) Act 1991-- DEST - Youth Allowance"
"1882","AA","code and description","1882 - Social Security (Administration) Act 1991-- DEST - Youth Allowance"
"1883","AS","disabled","Y"
"1883","AA","description","Social Security Act 1991 -- DEST - Youth Allowance"
"1883","AA","code and description","1883 - Social Security Act 1991 -- DEST - Youth Allowance"
"1884","AS","disabled","Y"
"1884","AA","description","Social Security (Administration) Act 1991 -- Student Financial Supplement Scheme"
"1884","AA","code and description","1884 - Social Security (Administration) Act 1991 -- Student Financial Supplement Scheme"
"1885","AS","disabled","Y"
"1885","AA","description","Social Security Act 1991 -- Student Financial Supplement Scheme"
"1885","AA","code and description","1885 - Social Security Act 1991 -- Student Financial Supplement Scheme"
"1886","AS","disabled","Y"
"1886","AA","description","Higher Education Funding Act 1988 and Higher Education Support Act 2003 -- unallocated --HE_RsrchPrm"
"1886","AA","code and description","1886 - Higher Education Funding Act 1988 and Higher Education Support Act 2003 -- unallocated --HE_RsrchPrm"
"1887","AS","disabled","Y"
"1887","AA","description","Higher Education Support Act 2003 -- Higher Education Research Promotion"
"1887","AA","code and description","1887 - Higher Education Support Act 2003 -- Higher Education Research Promotion"
"1888","AS","disabled","Y"
"1888","AA","description","Higher Education Funding Act 1988 -- Higher Education Research Promotion"
"1888","AA","code and description","1888 - Higher Education Funding Act 1988 -- Higher Education Research Promotion"
"1889","AS","disabled","Y"
"1889","AA","description","Higher Education Funding Act 1988 and Higher Education Support Act 2003 -- unallocated--RegProtSchHE"
"1889","AA","code and description","1889 - Higher Education Funding Act 1988 and Higher Education Support Act 2003 -- unallocated--RegProtSchHE"
"1890","AS","disabled","Y"
"1890","AA","description","Higher Education Support Act 2003 -- Regional Protection Scheme (Higher Ed)"
"1890","AA","code and description","1890 - Higher Education Support Act 2003 -- Regional Protection Scheme (Higher Ed)"
"1891","AS","disabled","Y"
"1891","AA","description","Higher Education Funding Act 1988 -- Regional Protection Scheme (Higher Ed)"
"1891","AA","code and description","1891 - Higher Education Funding Act 1988 -- Regional Protection Scheme (Higher Ed)"
"1892","AS","disabled","Y"
"1892","AA","description","Higher Education Funding Act 1988 and Higher Education Support Act 2003 -- unallocated--IntPgrdRSchl"
"1892","AA","code and description","1892 - Higher Education Funding Act 1988 and Higher Education Support Act 2003 -- unallocated--IntPgrdRSchl"
"1893","AS","disabled","Y"
"1893","AA","description","Higher Education Support Act 2003 -- International Postgraduate Research Scholarship Scheme"
"1893","AA","code and description","1893 - Higher Education Support Act 2003 -- International Postgraduate Research Scholarship Scheme"
"1894","AS","disabled","Y"
"1894","AA","description","Higher Education Funding Act 1988 -- International Postgraduate Research Scholarship Scheme"
"1894","AA","code and description","1894 - Higher Education Funding Act 1988 -- International Postgraduate Research Scholarship Scheme"
"1895","AS","disabled","Y"
"1895","AA","description","Higher Education Funding Act 1988 and Higher Education Support Act 2003 -- unallocated--PstgrdAwrdSc"
"1895","AA","code and description","1895 - Higher Education Funding Act 1988 and Higher Education Support Act 2003 -- unallocated--PstgrdAwrdSc"
"1896","AS","disabled","Y"
"1896","AA","description","Higher Education Support Act 2003 -- Australian Postgraduate Awards Scheme"
"1896","AA","code and description","1896 - Higher Education Support Act 2003 -- Australian Postgraduate Awards Scheme"
"1897","AS","disabled","Y"
"1897","AA","description","Higher Education Funding Act 1988 -- Australian Postgraduate Awards Scheme"
"1897","AA","code and description","1897 - Higher Education Funding Act 1988 -- Australian Postgraduate Awards Scheme"
"1898","AS","disabled","Y"
"1898","AA","description","Higher Education Funding Act 1988 and Higher Education Support Act 2003 -- unallocated--RsInfBlockGr"
"1898","AA","code and description","1898 - Higher Education Funding Act 1988 and Higher Education Support Act 2003 -- unallocated--RsInfBlockGr"
"1899","AS","disabled","Y"
"1899","AA","description","Higher Education Support Act 2003 -- Research Infrastructure Block Grants"
"1899","AA","code and description","1899 - Higher Education Support Act 2003 -- Research Infrastructure Block Grants"
"1900","AS","disabled","Y"
"1900","AA","description","Higher Education Funding Act 1988 -- Research Infrastructure Block Grants"
"1900","AA","code and description","1900 - Higher Education Funding Act 1988 -- Research Infrastructure Block Grants"
"1901","AS","disabled","Y"
"1901","AA","description","Higher Education Funding Act 1988 and Higher Education Support Act 2003 -- unallocated -- HELP"
"1901","AA","code and description","1901 - Higher Education Funding Act 1988 and Higher Education Support Act 2003 -- unallocated -- HELP"
"1902","AS","disabled","Y"
"1902","AA","description","Higher Education Support Act 2003 -- Higher Education Loan Programmes - HELP"
"1902","AA","code and description","1902 - Higher Education Support Act 2003 -- Higher Education Loan Programmes - HELP"
"1903","AS","disabled","Y"
"1903","AA","description","Higher Education Funding Act 1988 -- Higher Education Loan Programmes - HELP"
"1903","AA","code and description","1903 - Higher Education Funding Act 1988 -- Higher Education Loan Programmes - HELP"
"1904","AS","disabled","Y"
"1904","AA","description","Higher Education Funding Act 1988 and Higher Education Support Act 2003 -- unallocated--Col&StrcRfHE"
"1904","AA","code and description","1904 - Higher Education Funding Act 1988 and Higher Education Support Act 2003 -- unallocated--Col&StrcRfHE"
"1905","AS","disabled","Y"
"1905","AA","description","Higher Education Support Act 2003 -- Collaboration and Structural Reform Programme (Higher Ed)"
"1905","AA","code and description","1905 - Higher Education Support Act 2003 -- Collaboration and Structural Reform Programme (Higher Ed)"
"1906","AS","disabled","Y"
"1906","AA","description","Higher Education Funding Act 1988 -- Collaboration and Structural Reform Programme (Higher Ed)"
"1906","AA","code and description","1906 - Higher Education Funding Act 1988 -- Collaboration and Structural Reform Programme (Higher Ed)"
"1907","AS","disabled","Y"
"1907","AA","description","Higher Education Funding Act 1988 and Higher Education Support Act 2003 -- unallocated--WorkProd_HE"
"1907","AA","code and description","1907 - Higher Education Funding Act 1988 and Higher Education Support Act 2003 -- unallocated--WorkProd_HE"
"1908","AS","disabled","Y"
"1908","AA","description","Higher Education Support Act 2003 -- Workplace Productivity Programme (Higher Ed)"
"1908","AA","code and description","1908 - Higher Education Support Act 2003 -- Workplace Productivity Programme (Higher Ed)"
"1909","AS","disabled","Y"
"1909","AA","description","Higher Education Funding Act 1988 -- Workplace Productivity Programme (Higher Ed)"
"1909","AA","code and description","1909 - Higher Education Funding Act 1988 -- Workplace Productivity Programme (Higher Ed)"
"1910","AS","disabled","Y"
"1910","AA","description","Higher Education Funding Act 1988 and Higher Education Support Act 2003 -- unallocated--LrnTchPrf_HE"
"1910","AA","code and description","1910 - Higher Education Funding Act 1988 and Higher Education Support Act 2003 -- unallocated--LrnTchPrf_HE"
"1911","AS","disabled","Y"
"1911","AA","description","Higher Education Support Act 2003 -- Learning and Teaching Performance Fund (Higher Ed)"
"1911","AA","code and description","1911 - Higher Education Support Act 2003 -- Learning and Teaching Performance Fund (Higher Ed)"
"1912","AS","disabled","Y"
"1912","AA","description","Higher Education Funding Act 1988 -- Learning and Teaching Performance Fund (Higher Ed)"
"1912","AA","code and description","1912 - Higher Education Funding Act 1988 -- Learning and Teaching Performance Fund (Higher Ed)"
"1913","AS","disabled","Y"
"1913","AA","description","Higher Education Funding Act 1988 and Higher Education Support Act 2003 -- unallocated--SystmcInf_In"
"1913","AA","code and description","1913 - Higher Education Funding Act 1988 and Higher Education Support Act 2003 -- unallocated--SystmcInf_In"
"1914","AS","disabled","Y"
"1914","AA","description","Higher Education Support Act 2003 -- Systemic Infrastructure Initiative"
"1914","AA","code and description","1914 - Higher Education Support Act 2003 -- Systemic Infrastructure Initiative"
"1915","AS","disabled","Y"
"1915","AA","description","Higher Education Funding Act 1988 -- Systemic Infrastructure Initiative"
"1915","AA","code and description","1915 - Higher Education Funding Act 1988 -- Systemic Infrastructure Initiative"
"1916","AS","disabled","Y"
"1916","AA","description","Higher Education Funding Act 1988 and Higher Education Support Act 2003 -- unallocated--InstGrnts_HE"
"1916","AA","code and description","1916 - Higher Education Funding Act 1988 and Higher Education Support Act 2003 -- unallocated--InstGrnts_HE"
"1917","AS","disabled","Y"
"1917","AA","description","Higher Education Support Act 2003 -- Institutional Grants Scheme (Higher Ed)"
"1917","AA","code and description","1917 - Higher Education Support Act 2003 -- Institutional Grants Scheme (Higher Ed)"
"1918","AS","disabled","Y"
"1918","AA","description","Higher Education Funding Act 1988 -- Institutional Grants Scheme (Higher Ed)"
"1918","AA","code and description","1918 - Higher Education Funding Act 1988 -- Institutional Grants Scheme (Higher Ed)"
"1919","AS","disabled","Y"
"1919","AA","description","Higher Education Funding Act 1988 and Higher Education Support Act 2003 -- unallocated--ResTrnSch_HE"
"1919","AA","code and description","1919 - Higher Education Funding Act 1988 and Higher Education Support Act 2003 -- unallocated--ResTrnSch_HE"
"1920","AS","disabled","Y"
"1920","AA","description","Higher Education Support Act 2003 -- Research Training Scheme (Higher Ed)"
"1920","AA","code and description","1920 - Higher Education Support Act 2003 -- Research Training Scheme (Higher Ed)"
"1921","AS","disabled","Y"
"1921","AA","description","Higher Education Funding Act 1988 -- Research Training Scheme (Higher Ed)"
"1921","AA","code and description","1921 - Higher Education Funding Act 1988 -- Research Training Scheme (Higher Ed)"
"1922","AS","disabled","Y"
"1922","AA","description","Higher Education Funding Act 1988 and Higher Education Support Act 2003 -- unallocated--OLrnInit_HE"
"1922","AA","code and description","1922 - Higher Education Funding Act 1988 and Higher Education Support Act 2003 -- unallocated--OLrnInit_HE"
"1923","AS","disabled","Y"
"1923","AA","description","Higher Education Support Act 2003 -- Open Learning Initiative (Higher Ed)"
"1923","AA","code and description","1923 - Higher Education Support Act 2003 -- Open Learning Initiative (Higher Ed)"
"1924","AS","disabled","Y"
"1924","AA","description","Higher Education Funding Act 1988 -- Open Learning Initiative (Higher Ed)"
"1924","AA","code and description","1924 - Higher Education Funding Act 1988 -- Open Learning Initiative (Higher Ed)"
"1925","AS","disabled","Y"
"1925","AA","description","Higher Education Funding Act 1988 and Higher Education Support Act 2003 -- unallocated--OLrnDfPyS_HE"
"1925","AA","code and description","1925 - Higher Education Funding Act 1988 and Higher Education Support Act 2003 -- unallocated--OLrnDfPyS_HE"
"1926","AS","disabled","Y"
"1926","AA","description","Higher Education Support Act 2003 -- Open Learning Deferred Payments Scheme (Higher Ed)"
"1926","AA","code and description","1926 - Higher Education Support Act 2003 -- Open Learning Deferred Payments Scheme (Higher Ed)"
"1927","AS","disabled","Y"
"1927","AA","description","Higher Education Funding Act 1988 -- Open Learning Deferred Payments Scheme (Higher Ed)"
"1927","AA","code and description","1927 - Higher Education Funding Act 1988 -- Open Learning Deferred Payments Scheme (Higher Ed)"
"1928","AS","disabled","Y"
"1928","AA","description","Higher Education Funding Act 1988 and Higher Education Support Act 2003 -- unallocated--contr_AEdInt"
"1928","AA","code and description","1928 - Higher Education Funding Act 1988 and Higher Education Support Act 2003 -- unallocated--contr_AEdInt"
"1929","AS","disabled","Y"
"1929","AA","description","Higher Education Support Act 2003 -- contrib to Australian Education International"
"1929","AA","code and description","1929 - Higher Education Support Act 2003 -- contrib to Australian Education International"
"1930","AS","disabled","Y"
"1930","AA","description","Higher Education Funding Act 1988 -- contrib to Australian Education International"
"1930","AA","code and description","1930 - Higher Education Funding Act 1988 -- contrib to Australian Education International"
"1931","AS","disabled","Y"
"1931","AA","description","Higher Education Funding Act 1988 and Higher Education Support Act 2003 -- unallocated--TchHsp_HE"
"1931","AA","code and description","1931 - Higher Education Funding Act 1988 and Higher Education Support Act 2003 -- unallocated--TchHsp_HE"
"1932","AS","disabled","Y"
"1932","AA","description","Higher Education Support Act 2003 -- Teaching Hospitals (Higher Ed)"
"1932","AA","code and description","1932 - Higher Education Support Act 2003 -- Teaching Hospitals (Higher Ed)"
"1933","AS","disabled","Y"
"1933","AA","description","Higher Education Funding Act 1988 -- Teaching Hospitals (Higher Ed)"
"1933","AA","code and description","1933 - Higher Education Funding Act 1988 -- Teaching Hospitals (Higher Ed)"
"1934","AS","disabled","Y"
"1934","AA","description","Higher Education Funding Act 1988 and Higher Education Support Act 2003 -- unallocated--EquityPrg_HE"
"1934","AA","code and description","1934 - Higher Education Funding Act 1988 and Higher Education Support Act 2003 -- unallocated--EquityPrg_HE"
"1935","AS","disabled","Y"
"1935","AA","description","Higher Education Support Act 2003 -- Equity Programmes (Higher Ed)"
"1935","AA","code and description","1935 - Higher Education Support Act 2003 -- Equity Programmes (Higher Ed)"
"1936","AS","disabled","Y"
"1936","AA","description","Higher Education Funding Act 1988 -- Equity Programmes (Higher Ed)"
"1936","AA","code and description","1936 - Higher Education Funding Act 1988 -- Equity Programmes (Higher Ed)"
"1937","AS","disabled","Y"
"1937","AA","description","Higher Education Funding Act 1988 and Higher Education Support Act 2003 -- unallocated--Mlti-MdCenHE"
"1937","AA","code and description","1937 - Higher Education Funding Act 1988 and Higher Education Support Act 2003 -- unallocated--Mlti-MdCenHE"
"1938","AS","disabled","Y"
"1938","AA","description","Higher Education Support Act 2003 -- Cooperative Multi-Media Centres (Higher Ed)"
"1938","AA","code and description","1938 - Higher Education Support Act 2003 -- Cooperative Multi-Media Centres (Higher Ed)"
"1939","AS","disabled","Y"
"1939","AA","description","Higher Education Funding Act 1988 -- Cooperative Multi-Media Centres (Higher Ed)"
"1939","AA","code and description","1939 - Higher Education Funding Act 1988 -- Cooperative Multi-Media Centres (Higher Ed)"
"1940","AS","disabled","Y"
"1940","AA","description","Higher Education Funding Act 1988 and Higher Education Support Act 2003 -- unallocated -- HE_InnvPrg"
"1940","AA","code and description","1940 - Higher Education Funding Act 1988 and Higher Education Support Act 2003 -- unallocated -- HE_InnvPrg"
"1941","AS","disabled","Y"
"1941","AA","description","Higher Education Support Act 2003 -- Higher Education Innovation Programme"
"1941","AA","code and description","1941 - Higher Education Support Act 2003 -- Higher Education Innovation Programme"
"1942","AS","disabled","Y"
"1942","AA","description","Higher Education Funding Act 1988 -- Higher Education Innovation Programme"
"1942","AA","code and description","1942 - Higher Education Funding Act 1988 -- Higher Education Innovation Programme"
"1943","AS","disabled","Y"
"1943","AA","description","Higher Education Funding Act 1988 and Higher Education Support Act 2003 -- unallocated--CapDevPoolHE"
"1943","AA","code and description","1943 - Higher Education Funding Act 1988 and Higher Education Support Act 2003 -- unallocated--CapDevPoolHE"
"1944","AS","disabled","Y"
"1944","AA","description","Higher Education Support Act 2003 -- Capital Development Pool (Higher Ed)"
"1944","AA","code and description","1944 - Higher Education Support Act 2003 -- Capital Development Pool (Higher Ed)"
"1945","AS","disabled","Y"
"1945","AA","description","Higher Education Funding Act 1988 -- Capital Development Pool (Higher Ed)"
"1945","AA","code and description","1945 - Higher Education Funding Act 1988 -- Capital Development Pool (Higher Ed)"
"1946","AS","disabled","Y"
"1946","AA","description","Higher Education Funding Act 1988 and Higher Education Support Act 2003 -- unallocated--SuperGrntsHE"
"1946","AA","code and description","1946 - Higher Education Funding Act 1988 and Higher Education Support Act 2003 -- unallocated--SuperGrntsHE"
"1947","AS","disabled","Y"
"1947","AA","description","Higher Education Support Act 2003 -- Superannuation Grants (Higher Ed)"
"1947","AA","code and description","1947 - Higher Education Support Act 2003 -- Superannuation Grants (Higher Ed)"
"1948","AS","disabled","Y"
"1948","AA","description","Higher Education Funding Act 1988 -- Superannuation Grants (Higher Ed)"
"1948","AA","code and description","1948 - Higher Education Funding Act 1988 -- Superannuation Grants (Higher Ed)"
"1949","AS","disabled","Y"
"1949","AA","description","Higher Education Funding Act 1988 and Higher Education Support Act 2003 -- unallocated--WrkRefPrg_HE"
"1949","AA","code and description","1949 - Higher Education Funding Act 1988 and Higher Education Support Act 2003 -- unallocated--WrkRefPrg_HE"
"1950","AS","disabled","Y"
"1950","AA","description","Higher Education Support Act 2003 -- Workplace Reform Programme Funds (Higher Ed)"
"1950","AA","code and description","1950 - Higher Education Support Act 2003 -- Workplace Reform Programme Funds (Higher Ed)"
"1951","AS","disabled","Y"
"1951","AA","description","Higher Education Funding Act 1988 -- Workplace Reform Programme Funds (Higher Ed)"
"1951","AA","code and description","1951 - Higher Education Funding Act 1988 -- Workplace Reform Programme Funds (Higher Ed)"
"1952","AS","disabled","Y"
"1952","AA","description","Higher Education Funding Act 1988 and Higher Education Support Act 2003 -- unallocated--BseOpGrntsHE"
"1952","AA","code and description","1952 - Higher Education Funding Act 1988 and Higher Education Support Act 2003 -- unallocated--BseOpGrntsHE"
"1953","AS","disabled","Y"
"1953","AA","description","Higher Education Support Act 2003 -- Base Operating Grants (Higher Ed)"
"1953","AA","code and description","1953 - Higher Education Support Act 2003 -- Base Operating Grants (Higher Ed)"
"1954","AS","disabled","Y"
"1954","AA","description","Higher Education Funding Act 1988 -- Base Operating Grants (Higher Ed)"
"1954","AA","code and description","1954 - Higher Education Funding Act 1988 -- Base Operating Grants (Higher Ed)"
"1956","AS","disabled","Y"
"1956","AA","description","Vocational Education and Training Funding Act 1992"
"1956","AA","code and description","1956 - Vocational Education and Training Funding Act 1992"
"1957","AS","disabled","Y"
"1957","AA","description","Schools Assistance (Learning Together Achievement Through Choice and Opportunity) Act 2004 --LOTE_NG"
"1957","AA","code and description","1957 - Schools Assistance (Learning Together Achievement Through Choice and Opportunity) Act 2004 --LOTE_NG"
"1958","AS","disabled","Y"
"1958","AA","description","States Grants (Primary and Secondary Education Assistance) Act 2000 -- LOTE - NG"
"1958","AA","code and description","1958 - States Grants (Primary and Secondary Education Assistance) Act 2000 -- LOTE - NG"
"1960","AS","disabled","Y"
"1960","AA","description","Schools Assistance (Learning Together Achievement Through Choice and Opportunity) Act 2004 --LOTE_Gv"
"1960","AA","code and description","1960 - Schools Assistance (Learning Together Achievement Through Choice and Opportunity) Act 2004 --LOTE_Gv"
"1961","AS","disabled","Y"
"1961","AA","description","States Grants (Primary and Secondary Education Assistance) Act 2000 -- LOTE - Gv"
"1961","AA","code and description","1961 - States Grants (Primary and Secondary Education Assistance) Act 2000 -- LOTE - Gv"
"1963","AS","disabled","Y"
"1963","AA","description","Appropriation (Supplementary Measures) Act (No. 1) 1999 -- Book Subsidy - Schools"
"1963","AA","code and description","1963 - Appropriation (Supplementary Measures) Act (No. 1) 1999 -- Book Subsidy - Schools"
"1964","AS","disabled","Y"
"1964","AA","description","Appropriation (Supplementary Measures) Act (No. 1) 1999 - - Book Industry-Grants to School Libraries"
"1964","AA","code and description","1964 - Appropriation (Supplementary Measures) Act (No. 1) 1999 - - Book Industry-Grants to School Libraries"
"1965","AS","disabled","Y"
"1965","AA","description","Indigenous Education (Targeted Assistance) Act 2000 -- Indigenous Education Direct Assistance"
"1965","AA","code and description","1965 - Indigenous Education (Targeted Assistance) Act 2000 -- Indigenous Education Direct Assistance"
"1967","AS","CBMS-R Approp Type Mapping","A100"
"1967","AS","CBMS-R Approp Item Mapping","A100-10195-01967"
"1967","AS","disabled","Y"
"1967","AA","description","Schools Assistance (Learning Together Achievement Through Choice and Opportunity) Act 2004 - - Special Education for Non-Gov Grants"
"1967","AA","code and description","1967 - Schools Assistance (Learning Together Achievement Through Choice and Opportunity) Act 2004 - - Special Education for Non-Gov Grants"
"1969","AS","disabled","Y"
"1969","AA","description","States Grants (Primary and Secondary Education Assistance) Act 2000 -- Spec_Ed for NG Grants"
"1969","AA","code and description","1969 - States Grants (Primary and Secondary Education Assistance) Act 2000 -- Spec_Ed for NG Grants"
"1970","AS","disabled","Y"
"1970","AA","description","Schools Assistance (Learning Together Achievement Through Choice and Opportunity) Act 2004 -- ESL-NG"
"1970","AA","code and description","1970 - Schools Assistance (Learning Together Achievement Through Choice and Opportunity) Act 2004 -- ESL-NG"
"1972","AS","disabled","Y"
"1972","AA","description","States Grants (Primary and Secondary Education Assistance) Act 2000 -- ESL New Arrivals - NG"
"1972","AA","code and description","1972 - States Grants (Primary and Secondary Education Assistance) Act 2000 -- ESL New Arrivals - NG"
"1973","AS","disabled","Y"
"1973","AA","description","Schools Assistance (Learning Together Achievement Through Choice and Opportunity) Act 2004 --Ctry_NG"
"1973","AA","code and description","1973 - Schools Assistance (Learning Together Achievement Through Choice and Opportunity) Act 2004 --Ctry_NG"
"1975","AS","disabled","Y"
"1975","AA","description","States Grants (Primary and Secondary Education Assistance) Act 2000 -- Country Areas - NG"
"1975","AA","code and description","1975 - States Grants (Primary and Secondary Education Assistance) Act 2000 -- Country Areas - NG"
"1976","AS","disabled","Y"
"1976","AA","description","Schools Assistance (Learning Together Achievement Through Choice and Opportunity) Act 2004 --SAIS-NG"
"1976","AA","code and description","1976 - Schools Assistance (Learning Together Achievement Through Choice and Opportunity) Act 2004 --SAIS-NG"
"1977","AS","disabled","Y"
"1977","AA","description","States Grants (Primary and Secondary Education Assistance) Act 2000 -- SAISO - Non-Government"
"1977","AA","code and description","1977 - States Grants (Primary and Secondary Education Assistance) Act 2000 -- SAISO - Non-Government"
"1979","AS","disabled","Y"
"1979","AA","description","Schools Assistance (Learning Together Achievement Through Choice and Opportunity) Act 2004 --LitNmGv"
"1979","AA","code and description","1979 - Schools Assistance (Learning Together Achievement Through Choice and Opportunity) Act 2004 --LitNmGv"
"1980","AS","disabled","Y"
"1980","AA","description","States Grants (Primary and Secondary Education Assistance) Act 2000 -- Grants to foster Lit&Num - Gv"
"1980","AA","code and description","1980 - States Grants (Primary and Secondary Education Assistance) Act 2000 -- Grants to foster Lit&Num - Gv"
"1982","AS","disabled","Y"
"1982","AA","description","States Grants (Primary and Secondary Education Assistance) Act 2000 -- ESL New Arrivals - Government"
"1982","AA","code and description","1982 - States Grants (Primary and Secondary Education Assistance) Act 2000 -- ESL New Arrivals - Government"
"1983","AS","disabled","Y"
"1983","AA","description","Schools Assistance (Learning Together Achievement Through Choice and Opportunity) Act 2004 -- ESL-G"
"1983","AA","code and description","1983 - Schools Assistance (Learning Together Achievement Through Choice and Opportunity) Act 2004 -- ESL-G"
"1985","AS","disabled","Y"
"1985","AA","description","Schools Assistance (Learning Together Achievement Through Choice and Opportunity) Act 2004 - -CtryGv"
"1985","AA","code and description","1985 - Schools Assistance (Learning Together Achievement Through Choice and Opportunity) Act 2004 - -CtryGv"
"1986","AS","disabled","Y"
"1986","AA","description","States Grants (Primary and Secondary Education Assistance) Act 2000 -- Country Areas - Government"
"1986","AA","code and description","1986 - States Grants (Primary and Secondary Education Assistance) Act 2000 -- Country Areas - Government"
"1988","AS","disabled","Y"
"1988","AA","description","Schools Assistance (Learning Together Achievement Through Choice and Opportunity) Act 2004- -SAIS_Gv"
"1988","AA","code and description","1988 - Schools Assistance (Learning Together Achievement Through Choice and Opportunity) Act 2004- -SAIS_Gv"
"1989","AS","disabled","Y"
"1989","AA","description","States Grants (Primary and Secondary Education Assistance) Act 2000 --  SAISO - Government"
"1989","AA","code and description","1989 - States Grants (Primary and Secondary Education Assistance) Act 2000 --  SAISO - Government"
"1991","AS","disabled","Y"
"1991","AA","description","Schools Assistance (Learning Together Achievement Through Choice and Opportunity) Act 2004 - -Cp_NG"
"1991","AA","code and description","1991 - Schools Assistance (Learning Together Achievement Through Choice and Opportunity) Act 2004 - -Cp_NG"
"1992","AS","disabled","Y"
"1992","AA","description","States Grants (Primary and Secondary Education Assistance) Act 2000 -- Capital - Non-Government"
"1992","AA","code and description","1992 - States Grants (Primary and Secondary Education Assistance) Act 2000 -- Capital - Non-Government"
"1994","AS","disabled","Y"
"1994","AA","description","Schools Assistance (Learning Together Achievement Through Choice and Opportunity) Act 2004 - -Cp-Gv"
"1994","AA","code and description","1994 - Schools Assistance (Learning Together Achievement Through Choice and Opportunity) Act 2004 - -Cp-Gv"
"1995","AS","disabled","Y"
"1995","AA","description","States Grants (Primary and Secondary Education Assistance) Act 2000 -- Capital - Government"
"1995","AA","code and description","1995 - States Grants (Primary and Secondary Education Assistance) Act 2000 -- Capital - Government"
"1997","AS","disabled","Y"
"1997","AA","description","Schools Assistance (Learning Together Achievement Through Choice and Opportunity) Act 2004 --Recr_NG"
"1997","AA","code and description","1997 - Schools Assistance (Learning Together Achievement Through Choice and Opportunity) Act 2004 --Recr_NG"
"1998","AS","disabled","Y"
"1998","AA","description","States Grants (Primary and Secondary Education Assistance) Act 2000 -- Recurrent - Non-Government"
"1998","AA","code and description","1998 - States Grants (Primary and Secondary Education Assistance) Act 2000 -- Recurrent - Non-Government"
"2107","AS","disabled","Y"
"2107","AA","description","Indigenous Education (Targeted Assistance) Act 2000 -- Indigenous Education Strategic Initiatives"
"2107","AA","code and description","2107 - Indigenous Education (Targeted Assistance) Act 2000 -- Indigenous Education Strategic Initiatives"
"2108","AS","disabled","Y"
"2108","AA","description","Appropriation (Supplementary Measures) Act (No. 1) 1999 -- Book Industry-EducTextbook Subsidy Scheme"
"2108","AA","code and description","2108 - Appropriation (Supplementary Measures) Act (No. 1) 1999 -- Book Industry-EducTextbook Subsidy Scheme"
"2109","AS","disabled","Y"
"2109","AA","description","Student Assistance Act 1973 -- ABSTUDY - Tertiary"
"2109","AA","code and description","2109 - Student Assistance Act 1973 -- ABSTUDY - Tertiary"
"2110","AS","disabled","Y"
"2110","AA","description","Student Assistance Act 1973 -- ABSTUDY Student Financial Supplement Loans"
"2110","AA","code and description","2110 - Student Assistance Act 1973 -- ABSTUDY Student Financial Supplement Loans"
"2111","AS","disabled","Y"
"2111","AA","description","Vocational Education and Training Funding Act 1992 -- Vocational Education and Training - Funding"
"2111","AA","code and description","2111 - Vocational Education and Training Funding Act 1992 -- Vocational Education and Training - Funding"
"2254","AS","disabled","Y"
"2254","AA","description","Safety, Rehabilitation and Compensation Act 1988 - - s90D"
"2254","AA","code and description","2254 - Safety, Rehabilitation and Compensation Act 1988 - - s90D"
"2272","AS","disabled","Y"
"2277","AS","CBMS-R Approp Type Mapping","A100"
"2277","AS","CBMS-R Approp Item Mapping","A100-10203-02277"
"2277","AS","disabled","Y"
"2277","AA","description","2277 - Social Security (Administration) Act 1999 - - Utilities Allowance"
"2277","AA","code and description","2277 - Social Security (Administration) Act 1999 - - Utilities Allowance"
"2375","AS","disabled","Y"
"2375","AA","description","Asbestos-related Claims (Management of Commonwealth Liabilities) Act 2005 - - s8(2) Settlements"
"2375","AA","code and description","2375 - Asbestos-related Claims (Management of Commonwealth Liabilities) Act 2005 - - s8(2) Settlements"
"2379","AS","disabled","Y"
"2379","AA","description","Schools Assistance (Learning Together Achievement Through Choice and Opportunity) Act 2004 --Recr_G"
"2379","AA","code and description","2379 - Schools Assistance (Learning Together Achievement Through Choice and Opportunity) Act 2004 --Recr_G"
"2380","AS","disabled","Y"
"2380","AA","description","Student Assistance Act 1973 -- ABSTUDY - Secondary"
"2380","AA","code and description","2380 - Student Assistance Act 1973 -- ABSTUDY - Secondary"
"2381","AS","disabled","Y"
"2381","AA","description","Student Assistance Act 1973 -- Assistance for Isolated Children"
"2381","AA","code and description","2381 - Student Assistance Act 1973 -- Assistance for Isolated Children"
"2382","AS","disabled","Y"
"2382","AA","description","Australian Technical Colleges (Flexibility in Achieving Australia's Skills Needs) Act 2005 - - s23"
"2382","AA","code and description","2382 - Australian Technical Colleges (Flexibility in Achieving Australia's Skills Needs) Act 2005 - - s23"
"2383","AS","disabled","Y"
"2383","AA","description","Skilling Australia's Workforce Act 2005 - - s40"
"2383","AA","code and description","2383 - Skilling Australia's Workforce Act 2005 - - s40"
"2522","AS","disabled","Y"
"2522","AA","description","2004-2005 Appropriation Act 1, Outcome 1 - - DEST"
"2522","AA","code and description","2522 - 2004-2005 Appropriation Act 1, Outcome 1 - - DEST"
"2523","AS","disabled","Y"
"2523","AA","description","2004-2005 Appropriation Act 1, Outcome 2 - - DEST"
"2523","AA","code and description","2523 - 2004-2005 Appropriation Act 1, Outcome 2 - - DEST"
"2524","AS","disabled","Y"
"2524","AA","description","2004-2005 Appropriation Act 1, Outcome 3 - - DEST"
"2524","AA","code and description","2524 - 2004-2005 Appropriation Act 1, Outcome 3 - - DEST"
"2601","AS","disabled","Y"
"2601","AA","description","Administered Revenue - - Unallocated"
"2601","AA","code and description","2601 - Administered Revenue - - Unallocated"
"2627","AS","disabled","Y"
"2627","AA","description","Net Appropriation Agreement for the Department of Education, Science and Training - - appropriated amounts"
"2627","AA","code and description","2627 - Net Appropriation Agreement for the Department of Education, Science and Training - - appropriated amounts"
"2703","AS","disabled","Y"
"2703","AA","description","Net Appropriation Agreement for the Department of Education, Science and Training - - eligible receipts"
"2703","AA","code and description","2703 - Net Appropriation Agreement for the Department of Education, Science and Training - - eligible receipts"
"2857","AS","disabled","Y"
"2857","AA","description","Australian International Education Foundation International Marketing Account - - Special Public Money - - s20 FMA Act"
"2857","AA","code and description","2857 - Australian International Education Foundation International Marketing Account - - Special Public Money - - s20 FMA Act"
"2858","AS","disabled","Y"
"2858","AA","description","Services for Other Government and Non-Agency Bodies - - DEST - - Special Public Money - - s20 FMA Act"
"2858","AA","code and description","2858 - Services for Other Government and Non-Agency Bodies - - DEST - - Special Public Money - - s20 FMA Act"
"2859","AS","disabled","Y"
"2859","AA","description","Higher Education (HECS) Account - - Special Public Money - - s21 FMA Act [Higher Education Funding Act 1988]"
"2859","AA","code and description","2859 - Higher Education (HECS) Account - - Special Public Money - - s21 FMA Act [Higher Education Funding Act 1988]"
"2860","AS","disabled","Y"
"2860","AA","description","Superannuation Productivity Benefits Aboriginal Tutorial Assistance Scheme Tutors Special Account- - Special Public Money - - s20 FMA Act"
"2860","AA","code and description","2860 - Superannuation Productivity Benefits Aboriginal Tutorial Assistance Scheme Tutors Special Account- - Special Public Money - - s20 FMA Act"
"2905","AS","disabled","Y"
"2905","AA","description","National Science and Technology Centre Account - - Special Public Money - - s20 FMA Act - - Questacon"
"2905","AA","code and description","2905 - National Science and Technology Centre Account - - Special Public Money - - s20 FMA Act - - Questacon"
"2946","AS","disabled","Y"
"2946","AA","description","2005-06 Appropriation Act 1, Outcome 1 - - DEST"
"2946","AA","code and description","2946 - 2005-06 Appropriation Act 1, Outcome 1 - - DEST"
"2947","AS","disabled","Y"
"2947","AA","description","2005-06 Appropriation Act 1, Outcome 2 - - DEST"
"2947","AA","code and description","2947 - 2005-06 Appropriation Act 1, Outcome 2 - - DEST"
"2948","AS","disabled","Y"
"2948","AA","description","2005-06 Appropriation Act 1, Outcome 3 - - DEST"
"2948","AA","code and description","2948 - 2005-06 Appropriation Act 1, Outcome 3 - - DEST"
"3004","AS","CBMS-R Approp Type Mapping","A200"
"3004","AS","CBMS-R Approp Item Mapping","A200-20156-03004"
"3004","AS","disabled","Y"
"3004","AA","description","3004 - Science and Technology Donations/Sponsorship Special Account - - s20 FMA Act Det 2006/40"
"3004","AA","code and description","3004 - Science and Technology Donations/Sponsorship Special Account - - s20 FMA Act Det 2006/40"
"3005","AS","disabled","Y"
"3005","AA","description","Science and Technology Donations/Sponsorship Special Account - - Special Public Money - - s20 FMA Act Det 2006/40"
"3005","AA","code and description","3005 - Science and Technology Donations/Sponsorship Special Account - - Special Public Money - - s20 FMA Act Det 2006/40"
"3006","AS","disabled","Y"
"3006","AA","description","National Youth Affairs Research Scheme Special Account - - s20 FMA Act Det 2006/45"
"3006","AA","code and description","3006 - National Youth Affairs Research Scheme Special Account - - s20 FMA Act Det 2006/45"
"3034","AS","disabled","Y"
"3034","AA","description","International Marketing of Education Special Account - - s20 FMA Act Det 2006/42"
"3034","AA","code and description","3034 - International Marketing of Education Special Account - - s20 FMA Act Det 2006/42"
"3094","AS","disabled","Y"
"3094","AA","description","Higher Education Endowment Fund Bill 2007"
"3094","AA","code and description","3094 - Higher Education Endowment Fund Bill 2007"
"3095","AS","disabled","Y"
"3095","AA","description","Higher Education Endowment Fund Special Account - - s21 FMA Act [Higher Education Endowment Fund Bill 2007]"
"3095","AA","code and description","3095 - Higher Education Endowment Fund Special Account - - s21 FMA Act [Higher Education Endowment Fund Bill 2007]"
"3096","AS","disabled","Y"
"3096","AA","description","Higher Education Endowment Fund Special Account - - Special Public Money - - s21 FMA Act [Higher Education Endowment Fund Bill 2007]"
"3096","AA","code and description","3096 - Higher Education Endowment Fund Special Account - - Special Public Money - - s21 FMA Act [Higher Education Endowment Fund Bill 2007]"
"3161","AS","disabled","Y"
"3161","AA","description","Disability Services Act 1986 - - s23 recovery of rehabilitation costs from beneficiaries or 3rd parties where compensation has been paid"
"3161","AA","code and description","3161 - Disability Services Act 1986 - - s23 recovery of rehabilitation costs from beneficiaries or 3rd parties where compensation has been paid"
"3189","AS","disabled","Y"
"3189","AA","description","A New Tax System (Family Assistance) Act 1999 - - Child Care Benefit"
"3189","AA","code and description","3189 - A New Tax System (Family Assistance) Act 1999 - - Child Care Tax Rebate"
"3190","AS","disabled","Y"
"3190","AA","description","A New Tax System (Family Assistance) Act 1999 - - Child Care Tax Rebate"
"3190","AA","code and description","3190 - A New Tax System (Family Assistance) Act 1999 - - Child Care Benefit"
"3363","AS","disabled","Y"
"3363","AA","description","Department of Education, Employment and Workplace Relations Services for Other Entities and Trust Moneys Special Account - - s20 FMA Act Det 2008/14, FRLI Ref F2008L02083"
"3363","AA","code and description","3363 - Department of Education, Employment and Workplace Relations Services for Other Entities and Trust Moneys Special Account - - s20 FMA Act Det 2008/14, FRLI Ref F2008L02083"
"3464","AS","disabled","Y"
"3464","AA","description","EIF Education Portfolio Special Account - - s21 FMA Act [Nation-building Funds Act 2008]"
"3464","AA","code and description","3464 - EIF Education Portfolio Special Account - - s21 FMA Act [Nation-building Funds Act 2008]"
"3486","AS","disabled","Y"
"3486","AA","description","3486 - Schools Assistance Act 2008"
"3486","AA","code and description","3486 - Schools Assistance Act 2008"
"3776","AS","disabled","Y"
"3776","AA","description","Occupational Health and Safety Act 1991 - - s67k Recovery of contribution and penalty, s4 Pecuniary penalty orders"
"3776","AA","code and description","3776 - Occupational Health and Safety Act 1991 - - s67k Recovery of contribution and penalty, s4 Pecuniary penalty orders"
"3829","AS","CBMS-R Approp Type Mapping","A200"
"3829","AS","CBMS-R Approp Item Mapping","A200-20087-03829"
"3829","AS","disabled","Y"
"3829","AA","description","Services for Other Entities and Trust Moneys - Department of Innovation, Industry, Science and Research Special Account - - s20 FMA Act Det 2011/09"
"3829","AA","code and description","3829 - Services for Other Entities and Trust Moneys - Department of Innovation, Industry, Science and Research Special Account - - s20 FMA Act Det 2011/09"
"3908","AS","disabled","Y"
"3908","AA","description","3908 - Indigenous Education (Targeted Assistance) Act 2000"
"3908","AA","code and description","3908 - Indigenous Education (Targeted Assistance) Act 2000"
"3928","AS","disabled","Y"
"3928","AA","description","3928 - Fair Entitlements Guarantee Act 2012 - - s51"
"3928","AA","code and description","3928 - Fair Entitlements Guarantee Act 2012 - - s51"
"3935","AS","disabled","Y"
"3945","AS","disabled","Y"
"3945","AA","description","3945 - Australian Education Act 2013"
"3945","AA","code and description","3945 - Australian Education Act 2013"
"3953","AS","disabled","Y"
"3954","AS","disabled","Y"
"4027","AS","disabled","Y"
"4027","AA","description","Higher Education Support Act 2003 - - Higher Education Research Promotion - - AAO 2013 DIISRTE to Education"
"4027","AA","code and description","4027 - Higher Education Support Act 2003 - - Higher Education Research Promotion - - AAO 2013 DIISRTE to Education"
"4028","AS","disabled","Y"
"4028","AA","description","Higher Education Support Act 2003 - - International Postgraduate Research Scholarship Scheme - - AAO 2013 DIISRTE to Education"
"4028","AA","code and description","4028 - Higher Education Support Act 2003 - - International Postgraduate Research Scholarship Scheme - - AAO 2013 DIISRTE to Education"
"4029","AS","disabled","Y"
"4029","AA","description","Higher Education Support Act 2003 - - Research Infrastructure Block Grants - - AAO 2013 DIISRTE to Education"
"4029","AA","code and description","4029 - Higher Education Support Act 2003 - - Research Infrastructure Block Grants - - AAO 2013 DIISRTE to Education"
"4030","AS","disabled","Y"
"4030","AA","description","Higher Education Support Act 2003 - - Research Training Scheme (Higher Ed) - - AAO 2013 DIISRTE to Education"
"4030","AA","code and description","4030 - Higher Education Support Act 2003 - - Research Training Scheme (Higher Ed) - - AAO 2013 DIISRTE to Education"
"4031","AS","CBMS-R Approp Type Mapping","A300"
"4031","AS","CBMS-R Approp Item Mapping","A300-30032-04031"
"4031","AS","disabled","Y"
"4031","AA","description","4031 - EIF Research Portfolio Special Account - - s21 FMA Act [s188 Nation-building Funds Act 2008] - - AAO 2013 DIISRTE to Education"
"4031","AA","code and description","4031 - EIF Research Portfolio Special Account - - s21 FMA Act [s188 Nation-building Funds Act 2008] - - AAO 2013 DIISRTE to Education"
"4032","AS","disabled","Y"
"4032","AA","description","Higher Education Support Act 2003 - - Joint Research Engagement Program - - AAO 2013 DIISRTE to Education"
"4032","AA","code and description","4032 - Higher Education Support Act 2003 - - Joint Research Engagement Program - - AAO 2013 DIISRTE to Education"
"4033","AS","disabled","Y"
"4033","AA","description","Higher Education Support Act 2003 - - Sustainable Research Excellence in Universities - - AAO 2013 DIISRTE to Education"
"4033","AA","code and description","4033 - Higher Education Support Act 2003 - - Sustainable Research Excellence in Universities - - AAO 2013 DIISRTE to Education"
"4034","AS","disabled","Y"
"4034","AA","description","Higher Education Support Act 2003 - - Australian Postgraduate Awards Scheme - - AAO 2013 DIISRTE to Education"
"4034","AA","code and description","4034 - Higher Education Support Act 2003 - - Australian Postgraduate Awards Scheme - - AAO 2013 DIISRTE to Education"
"4035","AS","CBMS-R Approp Type Mapping","A300"
"4035","AS","CBMS-R Approp Item Mapping","A300-30031-04035"
"4035","AS","disabled","Y"
"4035","AA","description","4035 - EIF Education Portfolio Special Account - - s21 FMA Act [s181 Nation-building Funds Act 2008] - - AAO 2013 DIISRTE to Education"
"4035","AA","code and description","4035 - EIF Education Portfolio Special Account - - s21 FMA Act [s181 Nation-building Funds Act 2008] - - AAO 2013 DIISRTE to Education"
"4036","AS","disabled","Y"
"4036","AA","description","Higher Education Support Act 2003 - - Collaboration and Structural Reform Programme (Higher Ed) - - AAO 2013 DIISRTE to Education"
"4036","AA","code and description","4036 - Higher Education Support Act 2003 - - Collaboration and Structural Reform Programme (Higher Ed) - - AAO 2013 DIISRTE to Education"
"4037","AS","disabled","Y"
"4037","AA","description","Higher Education Support Act 2003 - - Commonwealth Grants Scheme (CGS) (Higher Ed) - - AAO 2013 DIISRTE to Education"
"4037","AA","code and description","4037 - Higher Education Support Act 2003 - - Commonwealth Grants Scheme (CGS) (Higher Ed) - - AAO 2013 DIISRTE to Education"
"4038","AS","disabled","Y"
"4038","AA","description","Higher Education Support Act 2003 - - Enabling Loading (Higher Ed) - - AAO 2013 DIISRTE to Education"
"4038","AA","code and description","4038 - Higher Education Support Act 2003 - - Enabling Loading (Higher Ed) - - AAO 2013 DIISRTE to Education"
"4039","AS","disabled","Y"
"4039","AA","description","Higher Education Support Act 2003 - - Equity Programmes (Higher Ed) - - AAO 2013 DIISRTE to Education"
"4039","AA","code and description","4039 - Higher Education Support Act 2003 - - Equity Programmes (Higher Ed) - - AAO 2013 DIISRTE to Education"
"4040","AS","disabled","Y"
"4040","AA","description","Higher Education Support Act 2003 - - Higher Education Loan Programmes - HELP - - AAO 2013 DIISRTE to Education"
"4040","AA","code and description","4040 - Higher Education Support Act 2003 - - Higher Education Loan Programmes - HELP - - AAO 2013 DIISRTE to Education"
"4041","AS","disabled","Y"
"4041","AA","description","Higher Education Support Act 2003 - - Indigenous Support Fund (Higher Ed) - - AAO 2013 DIISRTE to Education"
"4041","AA","code and description","4041 - Higher Education Support Act 2003 - - Indigenous Support Fund (Higher Ed) - - AAO 2013 DIISRTE to Education"
"4042","AS","disabled","Y"
"4042","AA","description","Higher Education Support Act 2003 - - Learning Scholarships (Higher Ed) - - AAO 2013 DIISRTE to Education"
"4042","AA","code and description","4042 - Higher Education Support Act 2003 - - Learning Scholarships (Higher Ed) - - AAO 2013 DIISRTE to Education"
"4043","AS","disabled","Y"
"4043","AA","description","Higher Education Support Act 2003 - - National Institutes (Higher Ed) - - AAO 2013 DIISRTE to Education"
"4043","AA","code and description","4043 - Higher Education Support Act 2003 - - National Institutes (Higher Ed) - - AAO 2013 DIISRTE to Education"
"4044","AS","disabled","Y"
"4044","AA","description","Higher Education Support Act 2003 - - Quality Initiatives (Higher Ed) - - AAO 2013 DIISRTE to Education"
"4044","AA","code and description","4044 - Higher Education Support Act 2003 - - Quality Initiatives (Higher Ed) - - AAO 2013 DIISRTE to Education"
"4045","AS","disabled","Y"
"4045","AA","description","Higher Education Support Act 2003 - - Regional Loading (Higher Ed) - - AAO 2013 DIISRTE to Education"
"4045","AA","code and description","4045 - Higher Education Support Act 2003 - - Regional Loading (Higher Ed) - - AAO 2013 DIISRTE to Education"
"4046","AS","disabled","Y"
"4046","AA","description","Higher Education Support Act 2003 - - Superannuation Grants (Higher Ed) - - AAO 2013 DIISRTE to Education"
"4046","AA","code and description","4046 - Higher Education Support Act 2003 - - Superannuation Grants (Higher Ed) - - AAO 2013 DIISRTE to Education"
"4047","AS","CBMS-R Approp Type Mapping","A300"
"4047","AS","CBMS-R Approp Item Mapping","A300-30056-04047"
"4047","AS","disabled","Y"
"4047","AA","description","4047 - Overseas Students Tuition Fund - - s21 FMA Act [s52A Education Services for Overseas Students Legislation Amendment Act 2012] - - AAO 2013 DIISRTE to Education"
"4047","AA","code and description","4047 - Overseas Students Tuition Fund - - s21 FMA Act [s52A Education Services for Overseas Students Legislation Amendment Act 2012] - - AAO 2013 DIISRTE to Education"
"4048","AS","disabled","Y"
"4048","AA","description","Higher Education Support Act 2003 - - Collaborative Research Infrastructure Scheme - - s41-10 and s238-12 - - AAO 2013 DIISRTE to Education"
"4048","AA","code and description","4048 - Higher Education Support Act 2003 - - Collaborative Research Infrastructure Scheme - - s41-10 and s238-12 - - AAO 2013 DIISRTE to Education"
"4059","AS","disabled","Y"
"4059","AA","description","A New Tax System (Family Assistance) Act 1999 - - Child Care Tax Rebate - - AAO 2013 DEEWR to Education"
"4059","AA","code and description","4059 - A New Tax System (Family Assistance) Act 1999 - - Child Care Tax Rebate - - AAO 2013 DEEWR to Education"
"4060","AS","disabled","Y"
"4060","AA","description","A New Tax System (Family Assistance) Act 1999 - - Child Care Benefit - - AAO 2013 DEEWR to Education"
"4060","AA","code and description","4060 - A New Tax System (Family Assistance) Act 1999 - - Child Care Benefit - - AAO 2013 DEEWR to Education"
"4061","AS","CBMS-R Approp Type Mapping","A100"
"4061","AS","CBMS-R Approp Item Mapping","A100-10196-04061"
"4061","AS","disabled","Y"
"4061","AA","description","4061 - Schools Assistance Act 2008 - - s167 - - AAO 2013 DEEWR to Education"
"4061","AA","code and description","4061 - Schools Assistance Act 2008 - - s167 - - AAO 2013 DEEWR to Education"
"4062","AS","CBMS-R Approp Type Mapping","A100"
"4062","AS","CBMS-R Approp Item Mapping","A100-10022-04062"
"4062","AS","disabled","Y"
"4062","AA","description","4062 - Australian Education Act 2013 - - AAO 2013 DEEWR to Education"
"4062","AA","code and description","4062 - Australian Education Act 2013 - - AAO 2013 DEEWR to Education"
"4063","AS","CBMS-R Approp Type Mapping","A100"
"4063","AS","CBMS-R Approp Item Mapping","A100-10044-04063"
"4063","AS","disabled","Y"
"4063","AA","description","4063 - Coal Mining Industry (Long Service Leave Funding) Act 1992 - - AAO 2013 DEEWR to Employment"
"4063","AA","code and description","4063 - Coal Mining Industry (Long Service Leave Funding) Act 1992 - - AAO 2013 DEEWR to Employment"
"4064","AS","CBMS-R Approp Type Mapping","A100"
"4064","AS","CBMS-R Approp Item Mapping","A100-10193-04064"
"4064","AS","disabled","Y"
"4064","AA","description","4064 - Safety, Rehabilitation and Compensation Act 1988 - - s90D - - AAO 2013 DEEWR to Employment"
"4064","AA","code and description","4064 - Safety, Rehabilitation and Compensation Act 1988 - - s90D - - AAO 2013 DEEWR to Employment"
"4065","AS","CBMS-R Approp Type Mapping","A100"
"4065","AS","CBMS-R Approp Item Mapping","A100-10013-04065"
"4065","AS","disabled","Y"
"4065","AA","description","4065 - Asbestos-related Claims (Management of Commonwealth Liabilities) Act 2005 - - s8(2) Settlements - - AAO 2013 DEEWR to Employment"
"4065","AA","code and description","4065 - Asbestos-related Claims (Management of Commonwealth Liabilities) Act 2005 - - s8(2) Settlements - - AAO 2013 DEEWR to Employment"
"4066","AS","CBMS-R Approp Type Mapping","A200"
"4066","AS","CBMS-R Approp Item Mapping","A200-20162-04066"
"4066","AS","disabled","Y"
"4066","AA","description","4066 - National Youth Affairs Research Scheme Special Account - - s20 FMA Act Det 2006/45 - - AAO 2013 DEEWR to Education"
"4066","AA","code and description","4066 - National Youth Affairs Research Scheme Special Account - - s20 FMA Act Det 2006/45 - - AAO 2013 DEEWR to Education"
"4067","AS","disabled","Y"
"4067","AA","description","Occupational Health and Safety Act 1991 - - s67K Recovery of contribution and penalty, s4 Pecuniary penalty orders - - AAO 2013 DEEWR to Employment"
"4067","AA","code and description","4067 - Occupational Health and Safety Act 1991 - - s67K Recovery of contribution and penalty, s4 Pecuniary penalty orders - - AAO 2013 DEEWR to Employment"
"4068","AS","CBMS-R Approp Type Mapping","A100"
"4068","AS","CBMS-R Approp Item Mapping","A100-10077-04068"
"4068","AS","disabled","Y"
"4068","AA","description","4068 - Fair Entitlements Guarantee Act 2012 - - s51 - - AAO 2013 DEEWR to Employment"
"4068","AA","code and description","4068 - Fair Entitlements Guarantee Act 2012 - - s51 - - AAO 2013 DEEWR to Employment"
"4069","AS","disabled","Y"
"4069","AA","description","Early Years Quality Fund Special Account - - s21 FMA Act [ s5 Early Years Quality Fund Special Account Act 2013] - - AAO 2013 DEEWR to Education"
"4069","AA","code and description","4069 - Early Years Quality Fund Special Account - - s21 FMA Act [ s5 Early Years Quality Fund Special Account Act 2013] - - AAO 2013 DEEWR to Education"
"4070","AS","disabled","Y"
"4070","AA","description","Early Years Quality Fund Special Account Act 2013 - - s6 - - AAO 2013 DEEWR to Education"
"4070","AA","code and description","4070 - Early Years Quality Fund Special Account Act 2013 - - s6 - - AAO 2013 DEEWR to Education"
"4073","AS","CBMS-R Approp Type Mapping","A100"
"4073","AS","CBMS-R Approp Item Mapping","A100-10105-04073"
"4073","AS","disabled","Y"
"4073","AA","description","Higher Education Support Act 2003 - - s238-12 financial assistance to higher education providers and students - - AAO 2013 DIICCSRTE to Education"
"4073","AA","code and description","4073 - Higher Education Support Act 2003 - - s238-12 financial assistance to higher education providers and students - - AAO 2013 DIICCSRTE to Education"
"4076","AS","CBMS-R Approp Type Mapping","A200"
"4076","AS","CBMS-R Approp Item Mapping","A200-20061-04076"
"4076","AS","disabled","Y"
"4076","AA","description","Department of Education, Employment and Workplace Relations Services for Other Entities and Trust Moneys Special Account - - s20 FMA Act Det 2008/14 - - AAO 2013 DEEWR to Education"
"4076","AA","code and description","4076 - Department of Education, Employment and Workplace Relations Services for Other Entities and Trust Moneys Special Account - - s20 FMA Act Det 2008/14 - - AAO 2013 DEEWR to Education"
"4106","AS","CBMS-R Approp Type Mapping","A300"
"4106","AS","CBMS-R Approp Item Mapping","A300-30081-04106"
"4106","AS","disabled","Y"
"4106","AA","description","Student Identifiers Special Account - - s21 FMA Act [s48 Student Identifiers Act 2014] - - AAO 2014 INDUSTRY to EDUCATION"
"4106","AA","code and description","4106 - Student Identifiers Special Account - - s21 FMA Act [s48 Student Identifiers Act 2014] - - AAO 2014 INDUSTRY to EDUCATION"
"4107","AS","CBMS-R Approp Type Mapping","A100"
"4107","AS","CBMS-R Approp Item Mapping","A100-10256-04107"
"4107","AS","disabled","Y"
"4107","AA","description","Trade Support Loan Act 2014 - - s104 Appropriation - - AAO 2014 INDUSTRY to EDUCATION"
"4107","AA","code and description","4107 - Trade Support Loan Act 2014 - - s104 Appropriation - - AAO 2014 INDUSTRY to EDUCATION"
"4200","AS","CBMS-R Approp Type Mapping","A100"
"4200","AS","CBMS-R Approp Item Mapping","A100-10000-04200"
"4200","AS","disabled","Y"
"4200","AA","description","4200 - A New Tax System (Family Assistance) (Administration) Act 1999 - - s233 child care benefit - - AAO 2015 DSS to Education"
"4200","AA","code and description","4200 - A New Tax System (Family Assistance) (Administration) Act 1999 - - s233 child care benefit - - AAO 2015 DSS to Education"
"4201","AS","CBMS-R Approp Type Mapping","A100"
"4201","AS","CBMS-R Approp Item Mapping","A100-10000-04201"
"4201","AS","disabled","Y"
"4201","AA","description","4201 - A New Tax System (Family Assistance) (Administration) Act 1999 - - s233 child care rebate - - AAO 2015 DSS to Education"
"4201","AA","code and description","4201 - A New Tax System (Family Assistance) (Administration) Act 1999 - - s233 child care rebate - - AAO 2015 DSS to Education"
"4202","AS","CBMS-R Approp Type Mapping","A300"
"4202","AS","CBMS-R Approp Item Mapping","A300-30029-04202"
"4202","AS","disabled","Y"
"4202","AA","description","4202 - Early Years Quality Fund Special Account - - s80 PGPA Act [s5(1) Early Years Quality Fund Special Account Act 2013] - - AAO 2015 DSS to Education"
"4202","AA","code and description","4202 - Early Years Quality Fund Special Account - - s80 PGPA Act [s5(1) Early Years Quality Fund Special Account Act 2013] - - AAO 2015 DSS to Education"
"4183","AS","CBMS-R Approp Type Mapping","A200"
"4183","AS","CBMS-R Approp Item Mapping","A200-20132-04183"
"4183","AS","disabled","Y"
"4183","AA","description","4183 - Growth Fund Skills and Training Special Account 2015 - - s78 PGPA Act Det 2015/04"
"4183","AA","code and description","4183 - Growth Fund Skills and Training Special Account 2015 - - s78 PGPA Act Det 2015/04"
"4247","AS","CBMS-R Approp Type Mapping","A100"
"4247","AS","CBMS-R Approp Item Mapping","A100-10262-04247"
"4247","AS","disabled","Y"
"4247","AA","description","4247 - VET Student Loans Act 2016 - - s115 payments to course providers for VET student loans"
"4247","AA","code and description","4247 - VET Student Loans Act 2016 - - s115 payments to course providers for VET student loans"
