"M00000","AA","CBMS code and description","No Measure"
"M00000","AA","code and description","No Measure"
"M00000","AS","Active","Y"
"M00000","AS","Non-Measure","Y"
"M00000","AS","Funding Life","ongoing"
"M00000","AA","CBMS","No Measure"
"M00001","AS","title","PEFO 2013-14 - SA Health and Biomedical project"
"M00001","AS","Budget Round Created","HL2013-2014"
"M00001","AS","Funding Life","ongoing"
"M00001","AA","CBMS","Q681196E"
"M00002","AS","Termination Year","2014-2015"
"M00002","AS","title","PEFO 2013-14: New Measure - Child Measure - Tasmanian Economic Diversification Projects (Financial Assistance of $600,000 to Office Max) (Former Prime Minister's letter of 16 May 2013)"
"M00002","AS","Budget Round Created","HL2013-2014"
"M00002","AS","Funding Life","terminating"
"M00002","AA","CBMS","Q681655E"
"M00003","AS","Termination Year","2017-2018"
"M00003","AS","title","PEFO 2013-14: New Measure - Bindaree Beef Pty Funding Request (JG13/0331/CAB/2 of 24 June 2013)"
"M00003","AS","Budget Round Created","HL2013-2014"
"M00003","AS","Funding Life","terminating"
"M00003","AA","CBMS","Q682632E"
"M00004","AS","title","PEFO 2013-14 - New Measure - Ford Assistance Package - Victorian Innovation Investment Fund"
"M00004","AS","Budget Round Created","HL2013-2014"
"M00004","AS","Funding Life","ongoing"
"M00004","AA","CBMS","Q682633E"
"M00005","AS","title","PEFO 2013-14 - New Measure - Toyota Major Mid-Cycle Overhaul of the Camry (JG13/0273/CAB/2 of 3 June 2013)"
"M00005","AS","Budget Round Created","HL2013-2014"
"M00005","AS","Funding Life","ongoing"
"M00005","AA","CBMS","Q682634E"
"M00006","AS","Termination Year","2016-2017"
"M00006","AS","title","PEFO 2013-14: New Measure - Ford Assistance Package - Automotive New Markets Program (JG13/0267/ERC of 29 May 2013)"
"M00006","AS","Budget Round Created","HL2013-2014"
"M00006","AS","Funding Life","terminating"
"M00006","AA","CBMS","Q682635E"
"M00007","AS","title","PEFO 2013-14 - New Measure - Toyota Supplier Productivity and Capability Program (JG/0272/CAB/2)"
"M00007","AS","Budget Round Created","HL2013-2014"
"M00007","AS","Funding Life","ongoing"
"M00007","AA","CBMS","Q682636E"
"M00008","AS","Termination Year","2013-2014"
"M00008","AS","title","PEFO 2013-14 Update - New measure - Lowy Institute grant - Announced after the 2013-14 Budget update"
"M00008","AS","Budget Round Created","HL2013-2014"
"M00008","AS","Funding Life","terminating"
"M00008","AA","CBMS","Q684040E"
"M00009","AS","title","PEFO 2013-14: Clean Technology Programs - Reduce and Reprofile Funding (Clean Technology Innovation Program) (Minister Carr's letter to Minister Bowen following ERC)"
"M00009","AS","Budget Round Created","HL2013-2014"
"M00009","AS","Funding Life","ongoing"
"M00009","AA","CBMS","Q684287E"
"M00010","AS","title","MYEFO 12-13 update - O3 - AAIP Alignment Measure -  ADJ600867"
"M00010","AS","Budget Round Created","HL2013-2014"
"M00010","AS","Funding Life","ongoing"
"M00010","AA","CBMS","O591964E"
"M00011","AS","title","MYEFO 2012-13 update - NTS COPE savings for the Unique Student Identifier Measure -  ADJ600904"
"M00011","AS","Budget Round Created","HL2013-2014"
"M00011","AS","Funding Life","ongoing"
"M00011","AA","CBMS","O592000E"
"M00012","AS","title","MYEFO 2012-13 Update - Commonwealth Assistance to Energy Brix Australia Corporate (JG12/0312/ERC of 25 June 2012) - ADJ-600304"
"M00012","AS","Budget Round Created","HL2013-2014"
"M00012","AS","Funding Life","ongoing"
"M00012","AA","CBMS","O597285E"
"M00013","AS","title","MYEFO 2012-13 Update - Commonwealth Assistance to Australia Paper's Maryvale pulp and paper mill (JG12/0356/CAB/2 of 30 July 2012) - ADJ-600303"
"M00013","AS","Budget Round Created","HL2013-2014"
"M00013","AS","Funding Life","ongoing"
"M00013","AA","CBMS","O597292E"
"M00014","AS","title","MYEFO 2012-13 Update - Offsets - Green Building Fund - redirection (JG12/0356/CAB/2 of 30 July 2012) - ADJ-600306"
"M00014","AS","Budget Round Created","HL2013-2014"
"M00014","AS","Funding Life","ongoing"
"M00014","AA","CBMS","O597517E"
"M00015","AS","title","MYEFO 2012-13 Update - Offsets - South-East South Australia Innovation Investment Fund - redirection (JG12/0356/CAB/2 of 30 July 2012) - ADJ-600307"
"M00015","AS","Budget Round Created","HL2013-2014"
"M00015","AS","Funding Life","ongoing"
"M00015","AA","CBMS","O597521E"
"M00016","AS","title","MYEFO 2012-13 Update - Offsets - Textiles, Clothing and Footwear (TCF) Structural Adjustment Program - Redirection (JG12/0356/CAB/2 of 30 July 2012) - ADJ-600308"
"M00016","AS","Budget Round Created","HL2013-2014"
"M00016","AS","Funding Life","ongoing"
"M00016","AA","CBMS","O597525E"
"M00017","AS","title","MYEFO 2012-13 Update - Square Kilometre Array (SKA) pre-construction work-packages (Cabinet Secretary's letter of 6 August 2012) - ADJ-604552"
"M00017","AS","Budget Round Created","HL2013-2014"
"M00017","AS","Funding Life","ongoing"
"M00017","AA","CBMS","O604416E"
"M00018","AS","title","MYEFO 2012-13 Update - Commonwealth Assistance to Premium Fresh Australia - (PM Letter Ref: C12/56322 28 August 2012) - ADJ-608527"
"M00018","AS","Budget Round Created","HL2013-2014"
"M00018","AS","Funding Life","ongoing"
"M00018","AA","CBMS","O605963E"
"M00019","AS","title","MYEFO 2012-13 Update - Commonwealth Assistance to Premium Diamond Energy - (PM Letter Ref: C12/62383 30 September 2012) - ADJ-608536"
"M00019","AS","Budget Round Created","HL2013-2014"
"M00019","AS","Funding Life","ongoing"
"M00019","AA","CBMS","O607357E"
"M00020","AS","title","MYEFO 2012-13 Update - Savings - Reduce the rate of Sustainable Research Excellence (SRE) funding increases (JG12/0492/ERC of 2 October 2012) - ADJ-609806"
"M00020","AS","Budget Round Created","HL2013-2014"
"M00020","AS","Funding Life","ongoing"
"M00020","AA","CBMS","O608485E"
"M00021","AS","title","MYEFO 12-13 - Targeting skills in need -  Kickstart for trades - SAA Measure -  ADJ610245"
"M00021","AS","Budget Round Created","HL2013-2014"
"M00021","AS","Funding Life","ongoing"
"M00021","AA","CBMS","O608805E"
"M00022","AS","title","MYEFO 12-13 - Australian Apprenticeship Access Program Reduction -  ADJ609094"
"M00022","AS","Budget Round Created","HL2013-2014"
"M00022","AS","Funding Life","ongoing"
"M00022","AA","CBMS","O608812E"
"M00023","AS","title","PAES 2012-13 - 03 - Part Time and Casual - Reversal of incorrect ADJ 614834"
"M00023","AS","Budget Round Created","HL2013-2014"
"M00023","AS","Funding Life","ongoing"
"M00023","AA","CBMS","O608828E"
"M00024","AS","title","MYEFO 12-13 - Support Australian Apprenticeships Incentive Program Measure -  ADJ609880"
"M00024","AS","Budget Round Created","HL2013-2014"
"M00024","AS","Funding Life","ongoing"
"M00024","AA","CBMS","O608837E"
"M00025","AS","title","MYEFO 12-13 - CGS -  Remove Facilitation Funding from 2018 -  ADJ609770"
"M00025","AS","Budget Round Created","HL2013-2014"
"M00025","AS","Funding Life","ongoing"
"M00025","AA","CBMS","O608961E"
"M00026","AS","title","MYEFO 12-13 - General Interest Charge Measure -  ADJ609853"
"M00026","AS","Budget Round Created","HL2013-2014"
"M00026","AS","Funding Life","ongoing"
"M00026","AA","CBMS","O608967E"
"M00027","AS","title","MYEFO 12-13 - Austudy - Master by coursework measure -  ADJ609782"
"M00027","AS","Budget Round Created","HL2013-2014"
"M00027","AS","Funding Life","ongoing"
"M00027","AA","CBMS","O608969E"
"M00028","AS","title","MYEFO 12-13 - Austudy - Freeze Indexation for Student Startup Scholarships -  ADJ609830"
"M00028","AS","Budget Round Created","HL2013-2014"
"M00028","AS","Funding Life","ongoing"
"M00028","AA","CBMS","O608970E"
"M00029","AS","title","MYEFO 12-13 - CGS - Apply a 1.5% efficiency dividend to the CGS -  ADJ609775"
"M00029","AS","Budget Round Created","HL2013-2014"
"M00029","AS","Funding Life","ongoing"
"M00029","AA","CBMS","O609305E"
"M00030","AS","title","MYEFO 12-13 - Asian Century Scholarship Measure -  ADJ609899"
"M00030","AS","Budget Round Created","HL2013-2014"
"M00030","AS","Funding Life","ongoing"
"M00030","AA","CBMS","O609332E"
"M00031","AS","title","MYEFO 12-13 -Australian Award Office  - Administered Savings -  ADJ609927"
"M00031","AS","Budget Round Created","HL2013-2014"
"M00031","AS","Funding Life","ongoing"
"M00031","AA","CBMS","O609906E"
"M00032","AS","title","PAES 2012-13 - 03 - Diploma and Advanced Diploma - Reversal of ADJ 614853"
"M00032","AS","Budget Round Created","HL2013-2014"
"M00032","AS","Funding Life","ongoing"
"M00032","AA","CBMS","O610001E"
"M00033","AS","title","PRE-ERC 2013-14 - New Measure - Enterprise Solutions Program"
"M00033","AS","Budget Round Created","HL2013-2014"
"M00033","AS","Funding Life","ongoing"
"M00033","AA","CBMS","P626931E"
"M00034","AS","title","PRE-ERC 2013-14 Update - New Measure - Industry Innovation Precincts (Prime Minister's letter of 10 May 2012) - ADJ-639260"
"M00034","AS","Budget Round Created","HL2013-2014"
"M00034","AS","Funding Life","ongoing"
"M00034","AA","CBMS","P626936E"
"M00035","AS","title","PRE-ERC 2013-14 Update - New Measure - Briquette Replacement Program (JG12/0312/CAB/2 of 25 June 2012) - ADJ-639281"
"M00035","AS","Budget Round Created","HL2013-2014"
"M00035","AS","Funding Life","ongoing"
"M00035","AA","CBMS","P626939E"
"M00036","AS","title","PRE-ERC 2013-14 Update - Venture Australia (JG11/0542/PC of 13 September 2011) - Capital Budget Statement Entry - ADJ-639265"
"M00036","AS","Budget Round Created","HL2013-2014"
"M00036","AS","Funding Life","ongoing"
"M00036","AA","CBMS","P627381C"
"M00037","AS","title","PRE-ERC 2013-14 Update - New Measure - Venture Australia (JG11/0542/PC of 13 September 2011) - Income Statement Entry - ADJ-639263"
"M00037","AS","Budget Round Created","HL2013-2014"
"M00037","AS","Funding Life","ongoing"
"M00037","AA","CBMS","P627381E"
"M00038","AS","Termination Year","2017-2018"
"M00038","AS","title","PRE-ERC 2013-14 Update -New Measure - Opening Opportunities through Australian Industry Participation - ADJ-639262"
"M00038","AS","Budget Round Created","HL2013-2014"
"M00038","AS","Funding Life","terminating"
"M00038","AA","CBMS","P633858E"
"M00039","AS","title","PRE-ERC 2013-14 - 03 - Australian Skills Centre of Excellence - Cessation"
"M00039","AS","Budget Round Created","HL2013-2014"
"M00039","AS","Funding Life","ongoing"
"M00039","AA","CBMS","P633869E"
"M00040","AS","title","PRE-ERC 2013-14 Update - Re-Entry ADJ-639281 with correct Measure Code - New Measure - Briquette Replacement Program (JG12/0312/CAB/2 of 25 June 2012) - ADJ-643612"
"M00040","AS","Budget Round Created","HL2013-2014"
"M00040","AS","Funding Life","ongoing"
"M00040","AA","CBMS","P638901E"
"M00041","AS","title","DIISRTE - ADMIN - Budget 2013-14 - International Education and Training - Asia Bound Grants"
"M00041","AS","Budget Round Created","HL2013-2014"
"M00041","AS","Funding Life","ongoing"
"M00041","AA","CBMS","P626007E"
"M00042","AS","title","PBS 2013-14 Update - New Measure - Carbon Liability (2013 Queensland Flood Assistance) (P647401E)"
"M00042","AS","Budget Round Created","HL2013-2014"
"M00042","AS","Funding Life","ongoing"
"M00042","AA","CBMS","P647401E"
"M00043","AS","title","PBS 2013-14 Update - New Measure - Commonwealth assistance to Vodafone Hutchison Australia - HL Decision"
"M00043","AS","Budget Round Created","HL2013-2014"
"M00043","AS","Funding Life","ongoing"
"M00043","AA","CBMS","P648467E"
"M00044","AS","title","DIISRTE - ADMIN - Budget 2013-14 OC 3 - Australian Skills Quality Authority (ASQA) - Cost Recovery A"
"M00044","AS","Budget Round Created","HL2013-2014"
"M00044","AS","Funding Life","ongoing"
"M00044","AA","CBMS","P648509E"
"M00045","AS","title","PBS 2013-14 Update - New Measure - Industry and Innovation Statement Information Campaign - JG13/0130/SDC dated 20/03/2013"
"M00045","AS","Budget Round Created","HL2013-2014"
"M00045","AS","Funding Life","ongoing"
"M00045","AA","CBMS","P652698E"
"M00046","AS","title","PBS 2013-14 Update - New Measure - Establishment of an Innovation and Investment Fund for the Tasmanian Plantation Timber Indsutry (JG12/612/CAB of 26 November 2012)"
"M00046","AS","Budget Round Created","HL2013-2014"
"M00046","AS","Funding Life","ongoing"
"M00046","AA","CBMS","P655725E"
"M00047","AS","title","PBS 2013-14 Update - New Measure - National Collaborative Research Infrastructure Strategy (NCRIS) (JG12/0643/ERC of 4 December 2012)"
"M00047","AS","Budget Round Created","HL2013-2014"
"M00047","AS","Funding Life","ongoing"
"M00047","AA","CBMS","P659667E"
"M00048","AS","title","DIISRTE - ADMIN - 03 - CGS - Extend HELP to New Zealanders"
"M00048","AS","Budget Round Created","HL2013-2014"
"M00048","AS","Funding Life","ongoing"
"M00048","AA","CBMS","P659676E"
"M00049","AS","title","DIISRTE - ADMIN - 03 - VET - National Centre for Asia Capability"
"M00049","AS","Budget Round Created","HL2013-2014"
"M00049","AS","Funding Life","ongoing"
"M00049","AA","CBMS","P659679E"
"M00050","AS","title","DIICCSRTE - ADMIN - O3 - Commonwealth Grants Scheme - apply efficiency dividend under HESA"
"M00050","AS","Budget Round Created","HL2013-2014"
"M00050","AS","Funding Life","ongoing"
"M00050","AA","CBMS","P659689E"
"M00051","AS","title","DIISRTE - ADMIN - 03 - Austudy - Income Contingent Loan Government Measure"
"M00051","AS","Budget Round Created","HL2013-2014"
"M00051","AS","Funding Life","ongoing"
"M00051","AA","CBMS","P659694E"
"M00052","AS","title","DIISRTE - ADMIN - 03 - HELP - Abolish Upfront Discount Measure"
"M00052","AS","Budget Round Created","HL2013-2014"
"M00052","AS","Funding Life","ongoing"
"M00052","AA","CBMS","P659708E"
"M00053","AS","title","DIICCSRTE - ADMIN - 03 - Austudy - Additional Places Measure"
"M00053","AS","Budget Round Created","HL2013-2014"
"M00053","AS","Funding Life","ongoing"
"M00053","AA","CBMS","P660369E"
"M00054","AS","title","DIISRTE - ADMIN - 03 - Youth Allowance - Family Tax Benefit Measure"
"M00054","AS","Budget Round Created","HL2013-2014"
"M00054","AS","Funding Life","ongoing"
"M00054","AA","CBMS","P661946E"
"M00055","AS","title","DIICCSRTE - ADMIN - 03 -  Removal of Employer Incentive Govt. Measure - Reversal"
"M00055","AS","Budget Round Created","HL2013-2014"
"M00055","AS","Funding Life","ongoing"
"M00055","AA","CBMS","P662993E"
"M00056","AS","title","DIICCSRTE - ADMIN - 03 - Alternative Pathways Program for Training Govt Measure"
"M00056","AS","Budget Round Created","HL2013-2014"
"M00056","AS","Funding Life","ongoing"
"M00056","AA","CBMS","P663002E"
"M00057","AS","title","PBS 2013-14 Update - New Measure - Acacia Park Industrial Estate Armidale (agreed in HL of 27 April 2013)"
"M00057","AS","Budget Round Created","HL2013-2014"
"M00057","AS","Funding Life","ongoing"
"M00057","AA","CBMS","P664151E"
"M00058","AS","title","DIICCSRTE - ADMIN - 03 - NTS  - Offset for the Conversation Measure"
"M00058","AS","Budget Round Created","HL2013-2014"
"M00058","AS","Funding Life","ongoing"
"M00058","AA","CBMS","P664506E"
"M00059","AS","title","Budget 2013-14 - Savings Measure - Closure of the Carbon Farming Initiative Non-Kyoto Carbon Fund"
"M00059","AS","Budget Round Created","HL2013-2014"
"M00059","AS","Funding Life","ongoing"
"M00059","AA","CBMS","P665054E"
"M00060","AS","title","DIICCSRTE - ADMIN - 03 - National Institutes - Australian Maritime College Govt. Measure"
"M00060","AS","Budget Round Created","HL2013-2014"
"M00060","AS","Funding Life","ongoing"
"M00060","AA","CBMS","P666321E"
"M00061","AS","title","PBS 2013-14 Update - New Measure - Charles Sturt University - Food, Soil and Water Research Centre"
"M00061","AS","Budget Round Created","HL2013-2014"
"M00061","AS","Funding Life","ongoing"
"M00061","AA","CBMS","P666527E"
"M00062","AS","title","PBS 2013-14 Update - Savings - Education Investment Fund - Clean Energy Initiative (Clean Energy Future Project) - (P666707E)"
"M00062","AS","Budget Round Created","HL2013-2014"
"M00062","AS","Funding Life","ongoing"
"M00062","AA","CBMS","P666707E"
"M00063","AS","title","DIICCSRTE - ADMIN - O3 - IETA - Transfer from Special Appropriation to Annual Appropriation"
"M00063","AS","Budget Round Created","HL2013-2014"
"M00063","AS","Funding Life","ongoing"
"M00063","AA","CBMS","P666781E"
"M00064","AS","title","PBS 2013-14 Update - Movement of Funds - Clean Technology Investment Program - HL Clean Energy 3 May 2013"
"M00064","AS","Budget Round Created","HL2013-2014"
"M00064","AS","Funding Life","ongoing"
"M00064","AA","CBMS","P667117E"
"M00065","AS","title","PBS 2013-14 Update - New Measure - Advance: Leveraging Australia Expat Platform (continuation) - Treasure's letter (to be signed)"
"M00065","AS","Budget Round Created","HL2013-2014"
"M00065","AS","Funding Life","ongoing"
"M00065","AA","CBMS","P669360E"
"M00066","AS","title","DIICCSRTE - ADMIN - 03 - NWDF - Offset for Charles Sturt University"
"M00066","AS","Budget Round Created","HL2013-2014"
"M00066","AS","Funding Life","ongoing"
"M00066","AA","CBMS","P670236E"
"M00067","AS","title","03 - NWDF - Community services workforce assistance reversal"
"M00067","AS","Budget Round Created","HL2014-2015"
"M00067","AS","Funding Life","ongoing"
"M00067","AA","CBMS","724747"
"M00068","AS","title","03 - NWDF - Enhancing high-technology manufacturing reversal"
"M00068","AS","Budget Round Created","HL2014-2015"
"M00068","AS","Funding Life","ongoing"
"M00068","AA","CBMS","724813"
"M00069","AS","title","MYEFO 2013-14 - Savings Measure - Natural Resource Management for Climate Change - Repealing of Carbon Tax"
"M00069","AS","Budget Round Created","HL2014-2015"
"M00069","AS","Funding Life","ongoing"
"M00069","AA","CBMS","Q708898E"
"M00070","AS","title","MYEFO 2013-14 -Workforce Innovation Program - Removal of Clean Energy Skills package"
"M00070","AS","Budget Round Created","HL2014-2015"
"M00070","AS","Funding Life","ongoing"
"M00070","AA","CBMS","Q708959E"
"M00071","AS","title","MYEFO 2013-14 - Savings Measure - Steel Transformation Plan - Repealing of Carbon Tax"
"M00071","AS","Budget Round Created","HL2014-2015"
"M00071","AS","Funding Life","ongoing"
"M00071","AA","CBMS","Q708963E"
"M00072","AS","title","MYEFO 2013-14 - Savings Measure - Clean Technology Innovation Program - Repealing of Carbon Tax"
"M00072","AS","Budget Round Created","HL2014-2015"
"M00072","AS","Funding Life","ongoing"
"M00072","AA","CBMS","Q708969"
"M00073","AS","title","MYEFO 2013-14 - Savings Measure - Clean Technology Investment Programs (CTFFIP) - Repealing of Carbon Tax"
"M00073","AS","Budget Round Created","HL2014-2015"
"M00073","AS","Funding Life","ongoing"
"M00073","AA","CBMS","Q708969E"
"M00074","AS","title","MYEFO 2013-14 - Savings Measure - Carbon Farming Initiative - Carbon Farming Skills - Repealing of Carbon Tax"
"M00074","AS","Budget Round Created","HL2014-2015"
"M00074","AS","Funding Life","ongoing"
"M00074","AA","CBMS","Q709138E"
"M00075","AS","title","MYEFO 2013-14 - Savings Measure - Voluntary Action Pledge Fund and GreenPower purchases - Repealing of Carbon Tax"
"M00075","AS","Budget Round Created","HL2014-2015"
"M00075","AS","Funding Life","ongoing"
"M00075","AA","CBMS","Q709150E"
"M00076","AS","title","MYEFO 2013-14 - Savings Measure - Extending the benefits of the Carbon Farming Initiative - Repealing of the Carbon Tax"
"M00076","AS","Budget Round Created","HL2014-2015"
"M00076","AS","Funding Life","ongoing"
"M00076","AA","CBMS","Q709475E"
"M00077","AS","title","MYEFO 2013-14 - Savings measure - Low Carbon Comminities - Repeal of Carbon Tax"
"M00077","AS","Budget Round Created","HL2014-2015"
"M00077","AS","Funding Life","ongoing"
"M00077","AA","CBMS","Q709667E"
"M00078","AS","title","MYEFO 2013-14 - Savings Measure - Coal Mining Technology Abatement Package - Repealing Carbon Tax"
"M00078","AS","Budget Round Created","HL2014-2015"
"M00078","AS","Funding Life","ongoing"
"M00078","AA","CBMS","Q709943E"
"M00079","AS","title","MYEFO 2013-14 - Savings Measure - Coals Sector Jobs Package - Repealing of Carbon Tax"
"M00079","AS","Budget Round Created","HL2014-2015"
"M00079","AS","Funding Life","ongoing"
"M00079","AA","CBMS","Q709971E"
"M00080","AS","title","MYEFO 2013-14 - Low Carbon Communities (LCC) and Carbon Price Deductible Gift Recipient Fund (CMAS) - Saving"
"M00080","AS","Budget Round Created","HL2014-2015"
"M00080","AS","Funding Life","ongoing"
"M00080","AA","CBMS","Q723066E"
"M00081","AS","title","MYEFO 2013-14: Savings for Latrobe Valley economic diversification - TA13/0076/ERC of 19 November 2013 (announced in the 2013 Economic Statement)"
"M00081","AS","Budget Round Created","HL2014-2015"
"M00081","AS","Funding Life","ongoing"
"M00081","AA","CBMS","Q723532"
"M00082","AS","title","MYEFO 2013-14 - Savings Measure - Suspend National CO2 Infrastructure Plan - Expense Entry"
"M00082","AS","Budget Round Created","HL2014-2015"
"M00082","AS","Funding Life","ongoing"
"M00082","AA","CBMS","Q724090E"
"M00083","AS","title","MYEFO 2013-14 - Supend Connecting Renewables - connecting to the Grid - suspension of funding"
"M00083","AS","Budget Round Created","HL2014-2015"
"M00083","AS","Funding Life","ongoing"
"M00083","AA","CBMS","Q724103E"
"M00084","AS","title","MYEFO 2013-14 - Savings Measure - Redirect Carbon Capture and Storage Flagships - Expense Adjustment"
"M00084","AS","Budget Round Created","HL2014-2015"
"M00084","AS","Funding Life","ongoing"
"M00084","AA","CBMS","Q724105E"
"M00085","AS","title","MYEFO 2013-14: (IIP) Industry Innovation Program - reduction in funding (Industry Portfolio green considered by ERC on 21 November 2013"
"M00085","AS","Budget Round Created","HL2014-2015"
"M00085","AS","Funding Life","ongoing"
"M00085","AA","CBMS","Q724910"
"M00086","AS","title","MYEFO 2013-14: (BAHA) Buy Australia at Home and Abroad - reduction in funding (Industry Portfolio green considered by ERC on 21 November 2013)"
"M00086","AS","Budget Round Created","HL2014-2015"
"M00086","AS","Funding Life","ongoing"
"M00086","AA","CBMS","Q724985"
"M00087","AS","title","MYEFO 2013-14: (CTInnP) Clean Technology Programs - reduction in funding (Industry Portfolio green considered by ERC on 21 November 2013"
"M00087","AS","Budget Round Created","HL2014-2015"
"M00087","AS","Funding Life","ongoing"
"M00087","AA","CBMS","Q725269"
"M00088","AS","title","MYEFO 2013-14: (CTFFIP) Clean Technology Programs - reduction in funding (Industry Portfolio green considered by ERC on 21 November 2013)"
"M00088","AS","Budget Round Created","HL2014-2015"
"M00088","AS","Funding Life","ongoing"
"M00088","AA","CBMS","Q725269E"
"M00089","AS","title","MYEFO 2013-14 - Savings Measure - Automotive Transformation Scheme - Special Appropriation - reduction in funding"
"M00089","AS","Budget Round Created","HL2014-2015"
"M00089","AS","Funding Life","ongoing"
"M00089","AA","CBMS","Q726784E"
"M00090","AS","title","MYEFO 2013-14: Supporting Automotive Sector Jobs - redirection of funding"
"M00090","AS","Budget Round Created","HL2014-2015"
"M00090","AS","Funding Life","ongoing"
"M00090","AA","CBMS","Q727435E"
"M00091","AS","title","Budget 2014-15 - Adult Migrant English Program - Government Measure"
"M00091","AS","Budget Round Created","HL2014-2015"
"M00091","AS","Funding Life","ongoing"
"M00091","AA","CBMS","767273"
"M00092","AS","title","PBS 2014-15 - Steps into Skills Program transfer to JGTP"
"M00092","AS","Budget Round Created","HL2014-2015"
"M00092","AS","Funding Life","ongoing"
"M00092","AA","CBMS","MSR-750488"
"M00093","AS","Termination Year","2017-2018"
"M00093","AS","title","PBS 2014-15: New Measure - Manufacturing Transition Grants Program (MSR-760823)"
"M00093","AS","Budget Round Created","HL2014-2015"
"M00093","AS","Funding Life","terminating"
"M00093","AA","CBMS","MSR-760823"
"M00094","AS","Termination Year","2021-2022"
"M00094","AS","title","PBS 2014-15: Savings from the abolition of the ATS - terminate in 2018 (MSR-765022)"
"M00094","AS","Budget Round Created","HL2014-2015"
"M00094","AS","Funding Life","terminating"
"M00094","AA","CBMS","MSR-765022E"
"M00095","AS","title","Budget 2014-15 - Industry Skills Fund Establishment"
"M00095","AS","Budget Round Created","HL2014-2015"
"M00095","AS","Funding Life","ongoing"
"M00095","AA","CBMS","R750488E"
"M00096","AS","title","PBS 2014-15: New Measure - Australia China Science and Research Fund (ACSRF) (R759687E)"
"M00096","AS","Budget Round Created","HL2014-2015"
"M00096","AS","Funding Life","ongoing"
"M00096","AA","CBMS","R759687E"
"M00097","AS","title","PBS 2014-15 - Clean Technology Focus Supply Chains - Finance Minister letter 19 Dec 13/ Minister for Industry 14 Jan 14 on review of discretionary grant spending process."
"M00097","AS","Budget Round Created","HL2014-2015"
"M00097","AS","Funding Life","ongoing"
"M00097","AA","CBMS","R764944E"
"M00098","AS","title","PBS 2014-15 - Savings Measure - Acacia Park Industrial Estate Armidale - Finance Minister letter of 27 Nov 13/ Industry Minister letter 24 Jan 14 on review of discretionary grants spending"
"M00098","AS","Budget Round Created","HL2014-2015"
"M00098","AS","Funding Life","ongoing"
"M00098","AA","CBMS","R764959E"
"M00099","AS","title","PBS 2014-15: Savings - Textile, Clothing and Footwear Structural Adjustment Program (TCF SAP) - Capping of Targeted Employment Support Services (R765049E)"
"M00099","AS","Budget Round Created","HL2014-2015"
"M00099","AS","Funding Life","terminating"
"M00099","AA","CBMS","R765049E"
"M00100","AS","Termination Year","2015-2016"
"M00100","AS","title","Budget 2014-15 - New measure - Oilcode Dispute Resolution Contract - extension"
"M00100","AS","Budget Round Created","HL2014-2015"
"M00100","AS","Funding Life","ongoing"
"M00100","AA","CBMS","R766844E"
"M00101","AS","title","Budget 2013-14 - Trade Support Loans Program Establishment"
"M00101","AS","Budget Round Created","HL2014-2015"
"M00101","AS","Funding Life","ongoing"
"M00101","AA","CBMS","R766886E"
"M00102","AS","title","Budget 2014-15 - Australian Apprenticeships Incentives Program - TFYT Cessation"
"M00102","AS","Budget Round Created","HL2014-2015"
"M00102","AS","Funding Life","ongoing"
"M00102","AA","CBMS","R766902E"
"M00103","AS","title","PBS 2014-15: New Measure - Science for Australia's Future (Inspiring Australia) - ($7 million per annum) - PM's letter of 18 December 2013 - terminating measure"
"M00103","AS","Budget Round Created","HL2014-2015"
"M00103","AS","Funding Life","terminating"
"M00103","AA","CBMS","R766909E"
"M00104","AS","Termination Year","2018-2019"
"M00104","AS","title","Budget 2014-15 - New Measure - National Radioactive Waste Management - Second stage business case"
"M00104","AS","Budget Round Created","HL2014-2015"
"M00104","AS","Funding Life","ongoing"
"M00104","AA","CBMS","R766949E"
"M00105","AS","title","PBS 2014-15: Plantation Manufacturing Innovation Investment Fund - termination"
"M00105","AS","Budget Round Created","HL2014-2015"
"M00105","AS","Funding Life","terminating"
"M00105","AA","CBMS","R766952E"
"M00106","AS","Termination Year","2016-2017"
"M00106","AS","title","Budget 2014-15 - New Measure-  Ethanol Productions Grants - Termination of EPG from 2015-16"
"M00106","AS","Budget Round Created","HL2014-2015"
"M00106","AS","Funding Life","ongoing"
"M00106","AA","CBMS","R766953E"
"M00107","AS","title","Budget 2014-15 - New Measure - National Low Emissions Coal Initiative - reduced funding"
"M00107","AS","Budget Round Created","HL2014-2015"
"M00107","AS","Funding Life","ongoing"
"M00107","AA","CBMS","R768191E"
"M00108","AS","title","Budget 2014-15 - Savings Measure - Carbon Capture and Storage Flagships - reduction in funding"
"M00108","AS","Budget Round Created","HL2014-2015"
"M00108","AS","Funding Life","ongoing"
"M00108","AA","CBMS","R768286E"
"M00109","AS","title","PBS 2014-15: General Motors Holden Next Generation Vehicles Grant - Savings - Growth Fund - TA14/0117/CAB"
"M00109","AS","Budget Round Created","HL2014-2015"
"M00109","AS","Funding Life","ongoing"
"M00109","AA","CBMS","R769711E"
"M00110","AS","title","PBS 2014-15: Innovation Investment Fund - Termination - TA14/0128/ERC of 2 April 2014 - Capital Budget Statement Entry"
"M00110","AS","Budget Round Created","HL2014-2015"
"M00110","AS","Funding Life","ongoing"
"M00110","AA","CBMS","R769941C"
"M00111","AS","title","(00141) PBS 2014-15: TCF Small Business Programme and Building Innovative Capability Scheme - termination - (TA14/0128 of 2 April 2014) TCF SBP"
"M00111","AS","Budget Round Created","HL2014-2015"
"M00111","AS","Funding Life","terminating"
"M00111","AA","CBMS","R769941E"
"M00112","AS","Termination Year","2016-2017"
"M00112","AS","title","MYEFO 2014-15 - Australian Apprenticeships Centres - Support Services Measure"
"M00112","AS","Budget Round Created","HL2015-2016"
"M00112","AS","Funding Life","ongoing"
"M00112","AA","CBMS","798786"
"M00113","AS","title","MYEFO 2014-15 - - Skills for Education and Employment Programme Reduction"
"M00113","AS","Budget Round Created","HL2015-2016"
"M00113","AS","Funding Life","ongoing"
"M00113","AA","CBMS","798830"
"M00114","AS","title","MYEFO 2014-15 - Industry Skills Fund - Training Voucher Pilot"
"M00114","AS","Budget Round Created","HL2015-2016"
"M00114","AS","Funding Life","ongoing"
"M00114","AA","CBMS","798875"
"M00115","AS","title","MYEFO 2014-15 - AAIP government measure"
"M00115","AS","Budget Round Created","HL2015-2016"
"M00115","AS","Funding Life","ongoing"
"M00115","AA","CBMS","799784"
"M00116","AS","title","MYEFO 2014-15 - NTS COPE Reduction - ASQA"
"M00116","AS","Budget Round Created","HL2015-2016"
"M00116","AS","Funding Life","ongoing"
"M00116","AA","CBMS","801211"
"M00117","AS","title","MYEFO 2014-15 - Antidumping and Countervailing System Reforms"
"M00117","AS","Budget Round Created","HL2015-2016"
"M00117","AS","Funding Life","ongoing"
"M00117","AA","CBMS","823295"
"M00118","AS","title","MYEFO 2014-15: New Measure: Industry Growth Centres Initiative - TA14/0128/ERC/2 of 16 Apriil 2014 and Prime Minister's letter of 26 June 2014"
"M00118","AS","Budget Round Created","HL2015-2016"
"M00118","AS","Funding Life","ongoing"
"M00118","AA","CBMS","S809367"
"M00119","AS","title","MYEFO 2014-15: New Measure - Australia-India Strategic Research Fund - continuation"
"M00119","AS","Budget Round Created","HL2015-2016"
"M00119","AS","Funding Life","ongoing"
"M00119","AA","CBMS","S818822E"
"M00120","AS","title","MYEFO 2014-15 - Ethanol Production Grants - Revision of estimates for delay of reintroduction of fuel exercise indexation"
"M00120","AS","Budget Round Created","HL2015-2016"
"M00120","AS","Funding Life","ongoing"
"M00120","AA","CBMS","S823723E"
"M00121","AS","title","PBS 2015-16 - National Low Emission Coal Initiative - Syntroleum Offset"
"M00121","AS","Budget Round Created","HL2015-2016"
"M00121","AS","Funding Life","ongoing"
"M00121","AA","CBMS","859573"
"M00122","AS","title","PBS 2015-16 - National Low Emission Coal Initiative - Savings - Special Account Journal"
"M00122","AS","Budget Round Created","HL2015-2016"
"M00122","AS","Funding Life","ongoing"
"M00122","AA","CBMS","861318"
"M00123","AS","title","PBS 2015-16 - Automotive Transformation Scheme - reversal of savings - PM's letter dated 19 February 2015 - 2015/16 onwards impact in new structure"
"M00123","AS","Budget Round Created","HL2015-2016"
"M00123","AS","Funding Life","ongoing"
"M00123","AA","CBMS","T849206E"
"M00124","AS","title","PBS 2015-16 - Cooperative Research Centres Programme - reduction in funding - TA15/0131/ERC of 18 March 2015 (New Structure)"
"M00124","AS","Budget Round Created","HL2015-2016"
"M00124","AS","Funding Life","ongoing"
"M00124","AA","CBMS","T849225E"
"M00125","AS","title","PBS 2015-16 - Commercialisation Australia Programme - reduced funding (TA14/0514/ERC of 4 December 2014) (2014-15 only) (Old Structure)"
"M00125","AS","Budget Round Created","HL2015-2016"
"M00125","AS","Funding Life","ongoing"
"M00125","AA","CBMS","T861054E"
"M00126","AS","title","PBS 2015-16 - Entrepreneurs' Infrastructure Programme - reduction - Business Management Skills (TA14/0514/ERC of 4 December 2014) (2014-15 only) (Old Structure)"
"M00126","AS","Budget Round Created","HL2015-2016"
"M00126","AS","Funding Life","ongoing"
"M00126","AA","CBMS","T861086E"
"M00127","AS","title","PBS 2015-16 - Home Insulation Program Industry Payment Scheme (HIP IPS) - Prime Minister's letter of 19 December 2014 (2014-15 only) (Old Structure)"
"M00127","AS","Budget Round Created","HL2015-2016"
"M00127","AS","Funding Life","ongoing"
"M00127","AA","CBMS","T864512E"
"M00128","AS","Termination Year","2025-2026"
"M00128","AS","title","Enabling the North: A CRC for developing Northern Australia and Expansion of business advisory services to tourism business in Northern Australia"
"M00128","AS","Budget Round Created","HL2016-2017"
"M00128","AS","Active","Y"
"M00128","AS","Funding Life","terminating"
"M00128","AA","CBMS","U897967E"
"M00129","AS","title","Global Innovation Strategy"
"M00129","AS","Budget Round Created","HL2016-2017"
"M00129","AS","Active","Y"
"M00129","AS","Funding Life","ongoing"
"M00129","AA","CBMS","U919149E"
"M00130","AS","title","Business Research and Innovation Initiative"
"M00130","AS","Budget Round Created","HL2016-2017"
"M00130","AS","Active","Y"
"M00130","AS","Funding Life","ongoing"
"M00130","AA","CBMS","U919260E"
"M00131","AS","Active","N"
"M00131","AS","Funding Life","ongoing"
"M00132","AS","Termination Year","2021-2022"
"M00132","AS","title","Quantum Computing"
"M00132","AS","Budget Round Created","HL2016-2017"
"M00132","AS","Active","Y"
"M00132","AS","Funding Life","terminating"
"M00132","AA","CBMS","U919153E"
"M00133","AS","title","Innovation Partnerships"
"M00133","AS","Budget Round Created","HL2016-2017"
"M00133","AS","Active","Y"
"M00133","AS","Funding Life","ongoing"
"M00133","AA","CBMS","U919263E"
"M00134","AS","title","Incubator Support Programme"
"M00134","AS","Budget Round Created","HL2016-2017"
"M00134","AS","Active","Y"
"M00134","AS","Funding Life","ongoing"
"M00134","AA","CBMS","U919051E"
"M00135","AS","Termination Year","2017-2018"
"M00135","AS","title","Inspiring all Australians in digital literacy and STEM Communications Campaign"
"M00135","AS","Budget Round Created","HL2016-2017"
"M00135","AS","Active","Y"
"M00135","AS","Funding Life","terminating"
"M00135","AA","CBMS","U919266E"
"M00136","AS","Termination Year","2020-2021"
"M00136","AS","title","Advancing Australia's Cyber Security"
"M00136","AS","Budget Round Created","HL2016-2017"
"M00136","AS","Active","Y"
"M00136","AS","Funding Life","terminating"
"M00136","AA","CBMS","U919190E"
"M00137","AS","Termination Year","2018-2019"
"M00137","AS","title","Tasmanian Jobs and Investment Fund"
"M00137","AS","Budget Round Created","HL2016-2017"
"M00137","AS","Active","Y"
"M00137","AS","Funding Life","terminating"
"M00137","AA","CBMS","U896627E"
"M00138","AS","title","Sustainable Whole of Government approach to critical research infrastructure"
"M00138","AS","Budget Round Created","HL2016-2017"
"M00138","AS","Active","Y"
"M00138","AS","Funding Life","ongoing"
"M00138","AA","CBMS","U919135E"
"M00139","AS","Termination Year","2021-2022"
"M00139","AS","title","Next Generation Manufacturing Programme -expansion"
"M00139","AS","Budget Round Created","HL2016-2017"
"M00139","AS","Active","Y"
"M00139","AS","Funding Life","terminating"
"M00139","AA","CBMS","U921261E"
"M00140","AS","Termination Year","2016-2017"
"M00140","AS","title","Country of Origin Labelling Information Campaign"
"M00140","AS","Budget Round Created","HL2016-2017"
"M00140","AS","Active","Y"
"M00140","AS","Funding Life","terminating"
"M00140","AA","CBMS","V928956E"
"M00141","AS","Termination Year","2016-2017"
"M00141","AS","title","National Low Emissions Coal Initiative - savings from Advanced Lignite Demonstration Programme"
"M00141","AS","Budget Round Created","HL2016-2017"
"M00141","AS","Active","Y"
"M00141","AS","Funding Life","terminating"
"M00141","AA","CBMS","V945688E"
"M00142","AS","Termination Year","2017-2018"
"M00142","AS","title","Savings from the Carbon Capture and Storage Flagships Programme"
"M00142","AS","Budget Round Created","HL2016-2017"
"M00142","AS","Active","Y"
"M00142","AS","Funding Life","terminating"
"M00142","AA","CBMS","V945709E"
"M00143","AS","Termination Year","2018-2019"
"M00143","AS","title","National Carp Control Plan"
"M00143","AS","Budget Round Created","HL2016-2017"
"M00143","AS","Active","Y"
"M00143","AS","Funding Life","terminating"
"M00143","AA","CBMS","V945470E"
"M00144","AS","Termination Year","2017-2018"
"M00144","AS","title","Rum Jungle Rehabilitation Project"
"M00144","AS","Budget Round Created","HL2016-2017"
"M00144","AS","Active","Y"
"M00144","AS","Funding Life","terminating"
"M00144","AA","CBMS","V945606E"
"M00145","AS","Termination Year","2016-2017"
"M00145","AS","title","Cooperative Research Centres – reduced funding"
"M00145","AS","Budget Round Created","HL2016-2017"
"M00145","AS","Active","Y"
"M00145","AS","Funding Life","terminating"
"M00145","AA","CBMS","V948634E"
"M00146","AS","Termination Year","2016-2017"
"M00146","AS","title","Entrepreneurs’ Programme – reduced funding"
"M00146","AS","Budget Round Created","HL2016-2017"
"M00146","AS","Active","Y"
"M00146","AS","Funding Life","terminating"
"M00146","AA","CBMS","V948627E"
"M00147","AS","Termination Year","2020-2021"
"M00147","AS","title","UNCOVER - Unlocking Australia's deep resources"
"M00147","AS","Budget Round Created","HL2016-2017"
"M00147","AS","Active","Y"
"M00147","AS","Funding Life","terminating"
"M00147","AA","CBMS","M00147"
"M00148","AS","Termination Year","2020-2021"
"M00148","AS","title","Advancing Australia’s Cyber Security"
"M00148","AS","Budget Round Created","HL2016-2017"
"M00148","AS","Active","Y"
"M00148","AS","Funding Life","terminating"
"M00148","AA","CBMS","V953441E"
"M00149","AS","Active","N"
"M00149","AS","Funding Life","terminating"
"M00150","AS","Active","N"
"M00150","AS","Funding Life","terminating"
"M00151","AS","Active","N"
"M00152","AS","title","Australian Astronomical Observatory extension"
"M00152","AS","Budget Round Created","HL2016-2017"
"M00152","AS","Active","Y"
"M00152","AS","Funding Life","ongoing"
"M00152","AA","CBMS","V958136E"
"M00153","AS","Termination Year","2020-2021"
"M00153","AS","title","Energy Security Office and International Energy Agency Compliance"
"M00153","AS","Budget Round Created","HL2016-2017"
"M00153","AS","Active","Y"
"M00153","AS","Funding Life","terminating"
"M00153","AA","CBMS","V957864E"
"M00154","AS","Termination Year","2019-2020"
"M00154","AS","title","National Radioactive Waste Management Facility – Community Payments"
"M00154","AS","Budget Round Created","HL2016-2017"
"M00154","AS","Active","Y"
"M00154","AS","Funding Life","terminating"
"M00154","AA","CBMS","V956499E"
"M00155","AS","Termination Year","2020-2021"
"M00155","AS","title","Incubator Support for Innovative New Businesses and Jobs expansion"
"M00155","AS","Budget Round Created","HL2017-2018"
"M00155","AS","Active","Y"
"M00155","AS","Funding Life","terminating"
"M00155","AA","CBMS","X992405E"
"M00156","AS","Active","N"
"M00157","AS","Termination Year","2020-2021"
"M00157","AS","title","Onshore Gas Social and Economic Research Fund - establishment"
"M00157","AS","Budget Round Created","HL2017-2018"
"M00157","AS","Active","Y"
"M00157","AS","Funding Life","terminating"
"M00157","AA","CBMS","X1006963E"
"M00158","AS","Termination Year","2017-2018"
"M00158","AS","title","Testing a Satellite-Based Augmentation System in Australia"
"M00158","AS","Budget Round Created","HL2017-2018"
"M00158","AS","Active","Y"
"M00158","AS","Funding Life","terminating"
"M00158","AA","CBMS","X1010851R"
"M00159","AS","Termination Year","2017-2018"
"M00159","AS","title","Portland Aluminium Smelter Assistance"
"M00159","AS","Budget Round Created","HL2017-2018"
"M00159","AS","Active","Y"
"M00159","AS","Funding Life","terminating"
"M00159","AA","CBMS","X1020570E"
"M00160","AS","Termination Year","2020-2021"
"M00160","AS","title","Incubator Support - Regional Focus"
"M00160","AS","Budget Round Created","HL2017-2018"
"M00160","AS","Active","Y"
"M00160","AS","Funding Life","terminating"
"M00160","AA","CBMS","Y1043854E"
"M00161","AS","Termination Year","2028-2029"
"M00161","AS","title","Maintaining Australia's Optical Astronomy Capability"
"M00161","AS","Budget Round Created","HL2017-2018"
"M00161","AS","Active","Y"
"M00161","AS","Funding Life","terminating"
"M00161","AA","CBMS","Y1044420E"
"M00162","AS","Active","N"
"M00162","AS","Funding Life","terminating"
"M00163","AS","Termination Year","2021-2022"
"M00163","AS","title","Gas Supply and Affordability"
"M00163","AS","Budget Round Created","HL2017-2018"
"M00163","AS","Active","Y"
"M00163","AS","Funding Life","terminating"
"M00163","AA","CBMS","Y1045944E"
"M00164","AS","Termination Year","2021-2022"
"M00164","AS","title","Auto Package"
"M00164","AS","Budget Round Created","HL2017-2018"
"M00164","AS","Active","Y"
"M00164","AS","Funding Life","terminating"
"M00164","AA","CBMS","Y1047501E"
"M00165","AS","Termination Year","N/A-1"
"M00165","AS","title","R&D Tax Incentive Review"
"M00165","AS","Budget Round Created","HL2017-2018"
"M00165","AS","Active","Y"
"M00165","AS","Funding Life","terminating"
"M00165","AA","CBMS","Y1043655E"
"M00166","AS","Termination Year","N/A-1"
"M00166","AS","title","Terminating Bindaree Beef assistance"
"M00166","AS","Budget Round Created","HL2017-2018"
"M00166","AS","Active","Y"
"M00166","AS","Funding Life","terminating"
"M00166","AA","CBMS","M00166"
"M00167","AS","Termination Year","6/23-7"
"M00167","AS","title","Australian Domestic Gas Security Mechanism — implementation"
"M00167","AS","Budget Round Created","HL2018-2019"
"M00167","AS","Active","Y"
"M00167","AS","Funding Life","terminating"
"M00167","AA","CBMS","100042"
"M00168","AS","Termination Year","2021-2022"
"M00168","AS","title","Timor-Leste Conciliation"
"M00168","AS","Budget Round Created","HL2018-2019"
"M00168","AS","Active","Y"
"M00168","AS","Funding Life","terminating"
"M00168","AA","CBMS","100070"
"M00169","AS","Termination Year","2019-2020"
"M00169","AS","title","High Efficiency Low Emissions"
"M00169","AS","Budget Round Created","HL2018-2019"
"M00169","AS","Active","Y"
"M00169","AS","Funding Life","terminating"
"M00169","AA","CBMS","M00169"
"M00170","AS","Termination Year","2021-2022"
"M00170","AS","title","Cooperative Research Centres Programme - Efficiencies"
"M00170","AS","Budget Round Created","HL2018-2019"
"M00170","AS","Active","Y"
"M00170","AS","Funding Life","terminating"
"M00170","AA","CBMS","100238"
"M00171","AS","Termination Year","2021-2022"
"M00171","AS","title","Industry Programs – efficiencies"
"M00171","AS","Budget Round Created","HL2018-2019"
"M00171","AS","Active","Y"
"M00171","AS","Funding Life","terminating"
"M00171","AA","CBMS","100574"
"M00172","AS","Termination Year","2022-2023"
"M00172","AS","title","Encouraging more women to pursue Science, Technology, Engineering and Mathematics (STEM) education and careers"
"M00172","AS","Budget Round Created","HL2018-2019"
"M00172","AS","Active","Y"
"M00172","AS","Funding Life","terminating"
"M00172","AA","CBMS","100562"
"M00173","AS","Termination Year","2021-2022"
"M00173","AS","title","Timor-Leste Conciliation"
"M00173","AS","Budget Round Created","HL2018-2019"
"M00173","AS","Active","Y"
"M00173","AS","Funding Life","terminating"
"M00173","AA","CBMS","100593"
"M00174","AS","Termination Year","2022-2023"
"M00174","AS","title","Taking Our Local and Regional Brands Global: Helping Australian SMEs Grow, Export and create jobs"
"M00174","AS","Budget Round Created","HL2018-2019"
"M00174","AS","Active","Y"
"M00174","AS","Funding Life","terminating"
"M00174","AA","CBMS","100853"
"M00175","AS","Termination Year","2022-2023"
"M00175","AS","title","International Space Investment"
"M00175","AS","Budget Round Created","HL2018-2019"
"M00175","AS","Active","Y"
"M00175","AS","Funding Life","terminating"
"M00175","AA","CBMS","100848"
"M00176","AS","Termination Year","2022-2023"
"M00176","AS","title","Artificial Intelligence Capability Fund"
"M00176","AS","Budget Round Created","HL2018-2019"
"M00176","AS","Active","Y"
"M00176","AS","Funding Life","terminating"
"M00176","AA","CBMS","100833"
"M00177","AS","Termination Year","2022-2023"
"M00177","AS","title","Supporting Australian innovation in Asia"
"M00177","AS","Budget Round Created","HL2018-2019"
"M00177","AS","Active","Y"
"M00177","AS","Funding Life","terminating"
"M00177","AA","CBMS","100831"
"M00178","AS","Termination Year","2029-2030"
"M00178","AS","title","Antarctic Science Collaboration Initiative"
"M00178","AS","Budget Round Created","HL2018-2019"
"M00178","AS","Active","Y"
"M00178","AS","Funding Life","terminating"
"M00178","AA","CBMS","100868"
"M00179","AS","Termination Year","2018-2019"
"M00179","AS","title","Pawsey Supercomputing Centre"
"M00179","AS","Budget Round Created","HL2018-2019"
"M00179","AS","Active","Y"
"M00179","AS","Funding Life","terminating"
"M00179","AA","CBMS","100844"
"M00180","AS","Termination Year","2019-2020"
"M00180","AS","title","National Radioactive Waste Management Facility – funds to complete the P80 Detailed Business Case"
"M00180","AS","Budget Round Created","HL2018-2019"
"M00180","AS","Active","Y"
"M00180","AS","Funding Life","terminating"
"M00180","AA","CBMS","100567"
"M00181","AS","title","R&D Tax Incentive Review: Program Integrity"
"M00181","AS","Budget Round Created","HL2018-2019"
"M00181","AS","Active","Y"
"M00181","AS","Funding Life","ongoing"
"M00181","AA","CBMS","100971"
"M00182","AS","Termination Year","2018-2019"
"M00182","AS","title","Transfer of Funds to the Regional Jobs and Investment Package"
"M00182","AS","Budget Round Created","HL2018-2019"
"M00182","AS","Active","Y"
"M00182","AS","Funding Life","terminating"
"M00182","AA","CBMS","100802"
"M00183","AS","Termination Year","2026-2027"
"M00183","AS","title","PSMA Australia Limited – Request for non-ongoing capital injection to deliver enhanced national spatial data products"
"M00183","AS","Budget Round Created","HL2019-2020"
"M00183","AS","Active","Y"
"M00183","AS","Funding Life","terminating"
"M00183","AA","CBMS","101494"
"M00184","AS","Termination Year","2024-2025"
"M00184","AS","title","Boosting Female Founders Initiative (BFF)"
"M00184","AS","Budget Round Created","HL2019-2020"
"M00184","AS","Active","Y"
"M00184","AS","Funding Life","terminating"
"M00184","AA","CBMS","101439"
"M00185","AS","Termination Year","2020-2021"
"M00185","AS","title","NRWMF - Community Development Package"
"M00185","AS","Budget Round Created","HL2019-2020"
"M00185","AS","Active","Y"
"M00185","AS","Funding Life","terminating"
"M00185","AA","CBMS","101474"
"M00186","AS","Termination Year","2020-2021"
"M00186","AS","title","Small Business Package - Empowering Businesses to Go Digital"
"M00186","AS","Budget Round Created","HL2019-2020"
"M00186","AS","Active","Y"
"M00186","AS","Funding Life","terminating"
"M00186","AA","CBMS","101627"
"M00187","AS","Termination Year","2022-2023"
"M00187","AS","title","Australia's Commitment to the SKA Project"
"M00187","AS","Budget Round Created","HL2019-2020"
"M00187","AS","Active","Y"
"M00187","AS","Funding Life","terminating"
"M00187","AA","CBMS","101493"
"M00188","AS","Termination Year","2019-2020"
"M00188","AS","title","NRWMF - Taskforce"
"M00188","AS","Budget Round Created","HL2019-2020"
"M00188","AS","Active","Y"
"M00188","AS","Funding Life","terminating"
"M00188","AA","CBMS","101682"
"M00189","AS","Active","N"
"M00189","AS","Funding Life","terminating"
"M00190","AS","Termination Year","2019-2020"
"M00190","AS","title","Savings from NLECI"
"M00190","AS","Budget Round Created","HL2019-2020"
"M00190","AS","Active","Y"
"M00190","AS","Funding Life","terminating"
"M00190","AA","CBMS","101693"
"M00191","AS","Termination Year","2019-2020"
"M00191","AS","title","Thermochemical Conversion Trial Facility"
"M00191","AS","Budget Round Created","HL2019-2020"
"M00191","AS","Active","Y"
"M00191","AS","Funding Life","terminating"
"M00191","AA","CBMS","101806"
"M00192","AS","Termination Year","2019-2020"
"M00192","AS","title","Industry 4.0 Testlabs for Australia - additional funding"
"M00192","AS","Budget Round Created","HL2019-2020"
"M00192","AS","Active","Y"
"M00192","AS","Funding Life","terminating"
"M00192","AA","CBMS","101863"
"M00193","AS","Active","N"
"M00193","AS","Funding Life","terminating"
"M00194","AS","Termination Year","2025-2026"
"M00194","AS","title","Industry Programs – efficiencies (Flagship savings)"
"M00194","AS","Budget Round Created","HL2019-2020"
"M00194","AS","Active","Y"
"M00194","AS","Funding Life","terminating"
"M00194","AA","CBMS","102203"
"M00195","AS","Termination Year","2023-2024"
"M00195","AS","title","Improving STEM gender equity in Australia"
"M00195","AS","Budget Round Created","HL2019-2020"
"M00195","AS","Active","Y"
"M00195","AS","Funding Life","terminating"
"M00195","AA","CBMS","102162"
"M00196","AS","Termination Year","2020-2021"
"M00196","AS","title","Making Innovation Games National"
"M00196","AS","Budget Round Created","HL2019-2020"
"M00196","AS","Active","Y"
"M00196","AS","Funding Life","terminating"
"M00196","AA","CBMS","102197"
"M00197","AS","Termination Year","2022-2023"
"M00197","AS","title","Space Infrastructure Fund To Drive Growth In Australia’s Space Sector"
"M00197","AS","Budget Round Created","HL2019-2020"
"M00197","AS","Active","Y"
"M00197","AS","Funding Life","terminating"
"M00197","AA","CBMS","102192"
"M00198","AS","Termination Year","2020-2021"
"M00198","AS","title","Supporting Reliable Energy Infrastructure"
"M00198","AS","Budget Round Created","HL2019-2020"
"M00198","AS","Active","Y"
"M00198","AS","Funding Life","terminating"
"M00198","AA","CBMS","102083"
"M00199","AS","Termination Year","2023-2024"
"M00199","AS","title","Australian Made Export Campaign"
"M00199","AA","code and description","M00199 - Australian Made Export Campaign"
"M00199","AS","Budget Round Created","HL2019-2020"
"M00199","AS","Active","Y"
"M00199","AS","Funding Life","terminating"
"M00199","AA","CBMS","102783"
"M00200","AS","Termination Year","2023-2024"
"M00200","AS","title","Incubator Initiative for Refugee Migrants"
"M00200","AS","Budget Round Created","HL2019-2020"
"M00200","AS","Active","Y"
"M00200","AS","Funding Life","terminating"
"M00200","AA","CBMS","102784"
"M00201","AS","Termination Year","2022-2023"
"M00201","AS","title","Manufacturing Modernisation Fund"
"M00201","AS","Budget Round Created","HL2019-2020"
"M00201","AS","Active","Y"
"M00201","AS","Funding Life","terminating"
"M00201","AA","CBMS","102785"
"M00202","AS","Termination Year","1-22-2"
"M00202","AS","title","Radioactive Waste Community Benefit Program"
"M00202","AS","Budget Round Created","HL2020-2021"
"M00202","AS","Active","Y"
"M00202","AS","Funding Life","terminating"
"M00202","AA","CBMS","102969"
"M00203","AS","Termination Year","9-20-10"
"M00203","AS","title","Feasibility study grant to Ferretti International"
"M00203","AS","Budget Round Created","HL2020-2021"
"M00203","AS","Active","Y"
"M00203","AS","Funding Life","terminating"
"M00203","AA","CBMS","102976"
"M00204","AS","Termination Year","3-24-4"
"M00204","AS","title","Critical Minerals Facilitation Office"
"M00204","AS","Budget Round Created","HL2020-2021"
"M00204","AS","Active","Y"
"M00204","AS","Funding Life","terminating"
"M00204","AA","CBMS","103135"
"M00205","AS","Termination Year","2019-2020"
"M00205","AS","title","Savings from the Cyber Security Small Business (CSSB) Program"
"M00205","AS","Budget Round Created","HL2020-2021"
"M00205","AS","Active","Y"
"M00205","AS","Funding Life","terminating"
"M00205","AA","CBMS","103162"
"M00206","AS","Termination Year","2019-2020"
"M00206","AS","title","A Flexible and Sustainable Charging Model for Government Approvals of Space Activities"
"M00206","AS","Budget Round Created","HL2020-2021"
"M00206","AS","Active","Y"
"M00206","AS","Funding Life","terminating"
"M00206","AA","CBMS","103159"
"M00207","AS","Termination Year","2023-2024"
"M00207","AS","title","Shaping Australia to Capture the Global Hydrogen Opportunity"
"M00207","AS","Budget Round Created","HL2020-2021"
"M00207","AS","Active","Y"
"M00207","AS","Funding Life","terminating"
"M00207","AA","CBMS","M00207"
"M00208","AS","Termination Year","2025-2026"
"M00208","AS","title","Growing Australia’s Space Industry"
"M00208","AS","Budget Round Created","HL2020-2021"
"M00208","AS","Active","Y"
"M00208","AS","Funding Life","terminating"
"M00208","AA","CBMS","102897"
"M00209","AS","Termination Year","2020-2021"
"M00209","AS","title","HL7 - SUPPORTING RELIABLE ENERGY INFRASTRUCTURE"
"M00209","AS","Budget Round Created","HL2020-2021"
"M00209","AS","Active","Y"
"M00209","AS","Funding Life","terminating"
"M00209","AA","CBMS","102698"
"M00210","AS","Termination Year","2022-2023"
"M00210","AS","title","SYDNEY HARBOUR FEDERATION TRUST"
"M00210","AS","Budget Round Created","HL2020-2021"
"M00210","AS","Active","Y"
"M00210","AS","Funding Life","terminating"
"M00210","AA","CBMS","102660"
"M00211","AS","Termination Year","2020-2021"
"M00211","AS","title","UNDERWRITING NEW GENERATION INVESTMENTS"
"M00211","AS","Budget Round Created","HL2020-2021"
"M00211","AS","Active","Y"
"M00211","AS","Funding Life","terminating"
"M00211","AA","CBMS","102661"
"M00212","AS","Termination Year","2023-2024"
"M00212","AS","title","ENVIRONMENT RESTORATION FUND"
"M00212","AS","Budget Round Created","HL2020-2021"
"M00212","AS","Active","Y"
"M00212","AS","Funding Life","terminating"
"M00212","AA","CBMS","102572"
"M00213","AS","Termination Year","2023-2024"
"M00213","AS","title","MONASH UNIVERSITY AND THE UNIVERSITY OF MELBOURNE CENTRE"
"M00213","AS","Budget Round Created","HL2020-2021"
"M00213","AS","Active","Y"
"M00213","AS","Funding Life","terminating"
"M00213","AA","CBMS","102605"
"M00214","AS","Termination Year","2023-2024"
"M00214","AS","title","HARRY BUTLER ENVIRONMENTAL EDUCATION GRANT"
"M00214","AS","Budget Round Created","HL2020-2021"
"M00214","AS","Active","Y"
"M00214","AS","Funding Life","terminating"
"M00214","AA","CBMS","102527"
"M00215","AS","Termination Year","2022-2023"
"M00215","AS","title","SUPPORTING DEVELOPMENT OF THE BEETALOO"
"M00215","AS","Budget Round Created","HL2020-2021"
"M00215","AS","Active","Y"
"M00215","AS","Funding Life","terminating"
"M00216","AS","Termination Year","2025-2026"
"M00216","AS","title","MICROGRIDS"
"M00216","AS","Budget Round Created","HL2020-2021"
"M00216","AS","Active","Y"
"M00216","AS","Funding Life","terminating"
"M00216","AA","CBMS","102540"
"M00217","AS","Termination Year","2021-2022"
"M00217","AS","title","CLEANER ENVIRONMENT FUND"
"M00217","AS","Budget Round Created","HL2020-2021"
"M00217","AS","Active","Y"
"M00217","AS","Funding Life","terminating"
"M00217","AA","CBMS","102132"
"M00218","AS","Termination Year","2035-2036"
"M00218","AS","title","EMISSIONS REDUCTION FUND"
"M00218","AS","Budget Round Created","HL2020-2021"
"M00218","AS","Active","Y"
"M00218","AS","Funding Life","terminating"
"M00218","AA","CBMS","102064"
"M00219","AS","Termination Year","2021-2022"
"M00219","AS","title","PRIORITY TRANSMISSION TASKFORCE"
"M00219","AS","Budget Round Created","HL2020-2021"
"M00219","AS","Active","Y"
"M00219","AS","Funding Life","terminating"
"M00219","AA","CBMS","102082"
"M00220","AS","Termination Year","2023-2024"
"M00220","AS","title","PROTECTING AND PROMOTING AUSTRALIA'S WORLD HERITAGE"
"M00220","AS","Budget Round Created","HL2020-2021"
"M00220","AS","Active","Y"
"M00220","AS","Funding Life","terminating"
"M00220","AA","CBMS","102217"
"M00221","AS","Termination Year","2020-2021"
"M00221","AS","title","ACCELERATING ENERGY PERFORMANCE OF RESIDENTIAL BUILDINGS"
"M00221","AS","Budget Round Created","HL2020-2021"
"M00221","AS","Active","Y"
"M00221","AS","Funding Life","terminating"
"M00221","AA","CBMS","102060"
"M00222","AS","Termination Year","2020-2021"
"M00222","AS","title","DRIVING UPTAKE OF ELECTRIC VEHICLES"
"M00222","AS","Budget Round Created","HL2020-2021"
"M00222","AS","Active","Y"
"M00222","AS","Funding Life","terminating"
"M00222","AA","CBMS","102063"
"M00223","AS","Termination Year","2025-2026"
"M00223","AS","title","EXPANSION & ACCELERATION OF THE EQUIPMENT ENERGY EFFICIENCY"
"M00223","AS","Budget Round Created","HL2020-2021"
"M00223","AS","Active","Y"
"M00223","AS","Funding Life","terminating"
"M00223","AA","CBMS","102066"
"M00224","AS","Termination Year","2020-2021"
"M00224","AS","title","IMPROVING THE ENERGY AND EMISSIONS PERFORMANCE OF COMMERCIAL BUILDINGS"
"M00224","AS","Budget Round Created","HL2020-2021"
"M00224","AS","Active","Y"
"M00224","AS","Funding Life","terminating"
"M00224","AA","CBMS","102089"
"M00225","AS","title","SNOWY 2.0"
"M00225","AS","Budget Round Created","HL2020-2021"
"M00225","AS","Active","Y"
"M00225","AS","Funding Life","ongoing"
"M00225","AA","CBMS","102211"
"M00226","AS","Termination Year","2023-2024"
"M00226","AS","title","ENERGY EFFICIENT COMMUNITIES PROGRAM"
"M00226","AS","Budget Round Created","HL2020-2021"
"M00226","AS","Active","Y"
"M00226","AS","Funding Life","terminating"
"M00226","AA","CBMS","102257"
"M00227","AS","Termination Year","2027-2028"
"M00227","AS","title","Environmental Stewardship Program"
"M00227","AS","Budget Round Created","HL2020-2021"
"M00227","AS","Active","Y"
"M00227","AS","Funding Life","terminating"
"M00227","AA","CBMS","DOE017"
"M00228","AS","Termination Year","2020-2021"
"M00228","AS","title","Australian Marine Parks"
"M00228","AS","Budget Round Created","HL2020-2021"
"M00228","AS","Active","Y"
"M00228","AS","Funding Life","terminating"
"M00228","AA","CBMS","V946205E"
"M00229","AS","Termination Year","2020-2021"
"M00229","AS","title","Improving your Local Parks and Environment"
"M00229","AS","Budget Round Created","HL2020-2021"
"M00229","AS","Active","Y"
"M00229","AS","Funding Life","terminating"
"M00229","AA","CBMS","X992135E1"
"M00230","AS","Termination Year","2020-2021"
"M00230","AS","title","Surf Life Saving Cleaner Outboard Engines Scheme"
"M00230","AS","Budget Round Created","HL2020-2021"
"M00230","AS","Active","Y"
"M00230","AS","Funding Life","terminating"
"M00230","AA","CBMS","X992135E2"
"M00231","AS","Termination Year","2023-2024"
"M00231","AS","title","PFAS Remediation"
"M00231","AS","Budget Round Created","HL2020-2021"
"M00231","AS","Active","Y"
"M00231","AS","Funding Life","terminating"
"M00231","AA","CBMS","101978"
"M00232","AS","Termination Year","2027-2028"
"M00232","AS","title","Supporting Asbestos Remediation in Jabiru"
"M00232","AS","Budget Round Created","HL2020-2021"
"M00232","AS","Active","Y"
"M00232","AS","Funding Life","terminating"
"M00232","AA","CBMS","101809"
"M00233","AS","Termination Year","2022-2023"
"M00233","AS","title","Australian Renewable Energy Agency Act 2011"
"M00233","AS","Budget Round Created","HL2020-2021"
"M00233","AS","Active","Y"
"M00233","AS","Funding Life","terminating"
"M00233","AA","CBMS","DOE018"
"M00234","AS","Termination Year","2021-2022"
"M00234","AS","title","Implementing the Finkel Review"
"M00234","AS","Budget Round Created","HL2020-2021"
"M00234","AS","Active","Y"
"M00234","AS","Funding Life","terminating"
"M00234","AA","CBMS","100801"
"M00235","AS","Termination Year","2020-2021"
"M00235","AS","title","International Energy Agency Compliance - Collective Action Response"
"M00235","AS","Budget Round Created","HL2020-2021"
"M00235","AS","Active","Y"
"M00235","AS","Funding Life","terminating"
"M00235","AA","CBMS","DOE019"
"M00236","AS","Termination Year","2022-2023"
"M00236","AS","title","Energy Use Data Model for Better Forecasting"
"M00236","AS","Budget Round Created","HL2020-2021"
"M00236","AS","Active","Y"
"M00236","AS","Funding Life","terminating"
"M00236","AA","CBMS","Y1046819E"
"M00237","AS","Termination Year","2020-2021"
"M00237","AS","title","Powering Forward Campaign"
"M00237","AS","Budget Round Created","HL2020-2021"
"M00237","AS","Active","Y"
"M00237","AS","Funding Life","terminating"
"M00237","AA","CBMS","100169"
"M00238","AS","Termination Year","2021-2022"
"M00238","AS","title","Business Electricity Advice and Support"
"M00238","AS","Budget Round Created","HL2020-2021"
"M00238","AS","Active","Y"
"M00238","AS","Funding Life","terminating"
"M00238","AA","CBMS","101785"
"M00239","AS","Termination Year","2023-2024"
"M00239","AS","title","Reef Trust Special Account - Appropriation Bill 1 ONLY"
"M00239","AS","Budget Round Created","HL2020-2021"
"M00239","AS","Active","Y"
"M00239","AS","Funding Life","terminating"
"M00239","AA","CBMS","DOE020"
"M00240","AS","Termination Year","2024-2025"
"M00240","AS","title","Reef Trust EPBC offset penalties"
"M00240","AS","Budget Round Created","HL2020-2021"
"M00240","AS","Active","Y"
"M00240","AS","Funding Life","terminating"
"M00240","AA","CBMS","DOE021"
"M00241","AS","Termination Year","2019-2020"
"M00241","AS","title","Copperstring 2.0 Project"
"M00241","AS","Budget Round Created","HL2020-2021"
"M00241","AS","Active","Y"
"M00241","AS","Funding Life","terminating"
"M00241","AA","CBMS","101940"
"M00242","AS","Termination Year","2019-2020"
"M00242","AS","title","Giant Panda"
"M00242","AS","Budget Round Created","HL2020-2021"
"M00242","AS","Active","Y"
"M00242","AS","Funding Life","terminating"
"M00242","AA","CBMS","DOE033"
"M00243","AS","Termination Year","2019-2020"
"M00243","AS","title","Independent Scientific Committee on Wind Turbines"
"M00243","AS","Budget Round Created","HL2020-2021"
"M00243","AS","Active","Y"
"M00243","AS","Funding Life","terminating"
"M00243","AA","CBMS","U918767E"
"M00244","AS","Termination Year","2019-2020"
"M00244","AS","title","Solar Programs"
"M00244","AS","Budget Round Created","HL2020-2021"
"M00244","AS","Active","Y"
"M00244","AS","Funding Life","terminating"
"M00244","AA","CBMS","X992135E3"
"M00245","AS","Termination Year","2019-2020"
"M00245","AS","title","Great Barrier Reef Communications Campaign"
"M00245","AS","Budget Round Created","HL2020-2021"
"M00245","AS","Active","Y"
"M00245","AS","Funding Life","terminating"
"M00245","AA","CBMS","DOE043"
"M00246","AS","title","National Landcare Program - NHT Special Account Bill 1"
"M00246","AS","Budget Round Created","HL2020-2021"
"M00246","AS","Active","Y"
"M00246","AS","Funding Life","ongoing"
"M00246","AA","CBMS","DOE001"
"M00247","AS","title","National Landcare Program - NHT Special Account"
"M00247","AS","Budget Round Created","HL2020-2021"
"M00247","AS","Active","Y"
"M00247","AS","Funding Life","ongoing"
"M00247","AA","CBMS","DOE002"
"M00248","AS","title","Reef Trust Special Account  - Expenses not requiring Appropriation"
"M00248","AS","Budget Round Created","HL2020-2021"
"M00248","AS","Active","Y"
"M00248","AS","Funding Life","ongoing"
"M00248","AA","CBMS","DOE003"
"M00249","AS","title","Payments to corporate entities - Director of National Parks"
"M00249","AS","Budget Round Created","HL2020-2021"
"M00249","AS","Active","Y"
"M00249","AS","Funding Life","ongoing"
"M00249","AA","CBMS","DOE004"
"M00250","AS","title","National Environmental Science Program"
"M00250","AS","Budget Round Created","HL2020-2021"
"M00250","AS","Active","Y"
"M00250","AS","Funding Life","ongoing"
"M00250","AA","CBMS","DOE005"
"M00251","AS","title","Australian Biological Resources Study (ABRS)"
"M00251","AS","Budget Round Created","HL2020-2021"
"M00251","AS","Active","Y"
"M00251","AS","Funding Life","ongoing"
"M00251","AA","CBMS","DOE006"
"M00252","AS","title","Independent Expert Scientific Committee on Coal Seam Gas & Large Coal Mining (committee costs)"
"M00252","AS","Budget Round Created","HL2020-2021"
"M00252","AS","Active","Y"
"M00252","AS","Funding Life","ongoing"
"M00252","AA","CBMS","DOE007"
"M00253","AS","title","MDB Environmental Knowledge and Research"
"M00253","AS","Budget Round Created","HL2020-2021"
"M00253","AS","Active","Y"
"M00253","AS","Funding Life","ongoing"
"M00253","AA","CBMS","DOE008"
"M00254","AS","title","Commonwealth Environmental Water Holdings"
"M00254","AS","Budget Round Created","HL2020-2021"
"M00254","AS","Active","Y"
"M00254","AS","Funding Life","ongoing"
"M00254","AA","CBMS","DOE009"
"M00255","AS","title","Environmental Water Holdings Special Account"
"M00255","AS","Budget Round Created","HL2020-2021"
"M00255","AS","Active","Y"
"M00255","AS","Funding Life","ongoing"
"M00255","AA","CBMS","DOE022"
"M00256","AS","title","Australian Heritage Grants Program"
"M00256","AS","Budget Round Created","HL2020-2021"
"M00256","AS","Active","Y"
"M00256","AS","Funding Life","ongoing"
"M00256","AA","CBMS","100611"
"M00257","AS","title","EPBC - New CSG Water Trigger"
"M00257","AS","Budget Round Created","HL2020-2021"
"M00257","AS","Active","Y"
"M00257","AS","Funding Life","ongoing"
"M00257","AA","CBMS","DOE010"
"M00258","AS","title","Bio Fuels - Monitoring, Compliance and Enforcement of Fuel Quality and Task Force"
"M00258","AS","Budget Round Created","HL2020-2021"
"M00258","AS","Active","Y"
"M00258","AS","Funding Life","ongoing"
"M00258","AA","CBMS","DOE011"
"M00259","AS","title","National Environment Protection Council (NEPC) - Special Account"
"M00259","AS","Budget Round Created","HL2020-2021"
"M00259","AS","Active","Y"
"M00259","AS","Funding Life","ongoing"
"M00259","AA","CBMS","DOE012"
"M00260","AS","title","National Environment Protection Council (NEPC) - Bill 1"
"M00260","AS","Budget Round Created","HL2020-2021"
"M00260","AS","Active","Y"
"M00260","AS","Funding Life","ongoing"
"M00260","AA","CBMS","DOE013"
"M00261","AS","title","Ozone & Synthetic Greenhouse Gas - Special Account"
"M00261","AS","Budget Round Created","HL2020-2021"
"M00261","AS","Active","Y"
"M00261","AS","Funding Life","ongoing"
"M00261","AA","CBMS","DOE014"
"M00262","AS","title","Payments to corporate entities -  ARENA"
"M00262","AS","Budget Round Created","HL2020-2021"
"M00262","AS","Active","Y"
"M00262","AS","Funding Life","ongoing"
"M00262","AA","CBMS","V945711E"
"M00263","AS","title","Energy Efficiency Programs"
"M00263","AS","Budget Round Created","HL2020-2021"
"M00263","AS","Active","Y"
"M00263","AS","Funding Life","ongoing"
"M00263","AA","CBMS","DOE015"
"M00264","AS","title","GEMS National Legislative Framework"
"M00264","AS","Budget Round Created","HL2020-2021"
"M00264","AS","Active","Y"
"M00264","AS","Funding Life","ongoing"
"M00264","AA","CBMS","DOE016"
"M00265","AS","title","Snowy Hydro Limited Acquisition"
"M00265","AS","Budget Round Created","HL2020-2021"
"M00265","AS","Active","Y"
"M00265","AS","Funding Life","ongoing"
"M00265","AA","CBMS","100839"
"M00266","AS","Termination Year","2024-2025"
"M00266","AS","title","Program 1.3 Commonwealth Environmental Water Dept Terminating"
"M00266","AS","Budget Round Created","HL2020-2021"
"M00266","AS","Active","Y"
"M00266","AS","Funding Life","terminating"
"M00266","AA","CBMS","DOE023"
"M00267","AS","Termination Year","2024-2025"
"M00267","AS","title","Program 2.3 ARENA Terminating"
"M00267","AS","Budget Round Created","HL2020-2021"
"M00267","AS","Active","Y"
"M00267","AS","Funding Life","terminating"
"M00267","AA","CBMS","DOE026"
"M00268","AS","Termination Year","2021-2022"
"M00268","AS","title","Program 1.4 High Level Panel on Sustainable Oceans (Departmental Terminating)"
"M00268","AS","Budget Round Created","HL2020-2021"
"M00268","AS","Active","Y"
"M00268","AS","Funding Life","terminating"
"M00268","AA","CBMS","DOE028"
"M00269","AS","Termination Year","2024-2025"
"M00269","AS","title","REEF PROTECTION PACKAGE (Departmental Terminating)"
"M00269","AS","Budget Round Created","HL2020-2021"
"M00269","AS","Active","Y"
"M00269","AS","Funding Life","terminating"
"M00269","AA","CBMS","100865"
"M00270","AS","Termination Year","2020-2021"
"M00270","AS","title","Improving Local Park and Environment (Departmental Terminating)"
"M00270","AS","Budget Round Created","HL2020-2021"
"M00270","AS","Active","Y"
"M00270","AS","Funding Life","terminating"
"M00270","AA","CBMS","X992135E4"
"M00271","AS","Termination Year","2023-2024"
"M00271","AS","title","NLP - Threatened Species and Environmental Information"
"M00271","AS","Budget Round Created","HL2020-2021"
"M00271","AS","Active","Y"
"M00271","AS","Funding Life","terminating"
"M00271","AA","CBMS","DOE034"
"M00272","AS","Termination Year","2020-2021"
"M00272","AS","title","Duplicated - DO NOT USE"
"M00272","AS","Budget Round Created","HL2020-2021"
"M00272","AS","Active","Y"
"M00272","AS","Funding Life","terminating"
"M00272","AA","CBMS","DOE035"
"M00273","AS","Termination Year","2049-2050"
"M00273","AS","title","Icebreaker Operate and Maintain"
"M00273","AS","Budget Round Created","HL2020-2021"
"M00273","AS","Active","Y"
"M00273","AS","Funding Life","terminating"
"M00273","AA","CBMS","DOE036"
"M00274","AS","Termination Year","2049-2050"
"M00274","AS","title","Icebreaker contract management"
"M00274","AS","Budget Round Created","HL2020-2021"
"M00274","AS","Active","Y"
"M00274","AS","Funding Life","terminating"
"M00274","AA","CBMS","DOE037"
"M00275","AS","Termination Year","2027-2028"
"M00275","AS","title","Program 1.5 Dept EPBC - Hawkes Reforms during 2012-13 Budget"
"M00275","AS","Budget Round Created","HL2020-2021"
"M00275","AS","Active","Y"
"M00275","AS","Funding Life","terminating"
"M00275","AA","CBMS","DOE038"
"M00276","AS","Termination Year","2023-2024"
"M00276","AS","title","Australian domestic gas security mechanism implementation and Business electricity advice and support"
"M00276","AS","Budget Round Created","HL2020-2021"
"M00276","AS","Active","Y"
"M00276","AS","Funding Life","terminating"
"M00276","AA","CBMS","DOE039"
"M00277","AS","Termination Year","2022-2023"
"M00277","AS","title","Mandatory industry code for electricity retailers"
"M00277","AS","Budget Round Created","HL2020-2021"
"M00277","AS","Active","Y"
"M00277","AS","Funding Life","terminating"
"M00277","AA","CBMS","DOE040"
"M00278","AS","Termination Year","2020-2021"
"M00278","AS","title","Underwriting new dispatchable generation"
"M00278","AS","Budget Round Created","HL2020-2021"
"M00278","AS","Active","Y"
"M00278","AS","Funding Life","terminating"
"M00278","AA","CBMS","DOE041"
"M00279","AS","title","Program 1.3 Departmental Ongoing"
"M00279","AS","Budget Round Created","HL2020-2021"
"M00279","AS","Active","Y"
"M00279","AS","Funding Life","ongoing"
"M00279","AA","CBMS","DOE024"
"M00280","AS","title","Program 1.3 CEWO Ongoing"
"M00280","AS","Budget Round Created","HL2020-2021"
"M00280","AS","Active","Y"
"M00280","AS","Funding Life","ongoing"
"M00280","AA","CBMS","DOE025"
"M00281","AS","title","Program 2.3 ARENA CEIF Ongoing"
"M00281","AS","Budget Round Created","HL2020-2021"
"M00281","AS","Active","Y"
"M00281","AS","Funding Life","ongoing"
"M00281","AA","CBMS","DOE027"
"M00282","AS","title","Program 1.4 Departmental Ongoing"
"M00282","AS","Budget Round Created","HL2020-2021"
"M00282","AS","Active","Y"
"M00282","AS","Funding Life","ongoing"
"M00282","AA","CBMS","DOE029"
"M00283","AS","Termination Year","2027-2028"
"M00283","AS","title","Program 1.4 Dept EPBC - Hawkes Reforms during 2012-13 Budget"
"M00283","AS","Budget Round Created","HL2020-2021"
"M00283","AS","Active","Y"
"M00283","AS","Funding Life","terminating"
"M00283","AA","CBMS","DOE030"
"M00284","AS","title","Program 2.1 Departmental Ongoing"
"M00284","AS","Budget Round Created","HL2020-2021"
"M00284","AS","Active","Y"
"M00284","AS","Funding Life","ongoing"
"M00284","AA","CBMS","DOE031"
"M00285","AS","title","Program 2.2 Departmental Ongoing"
"M00285","AS","Budget Round Created","HL2020-2021"
"M00285","AS","Active","Y"
"M00285","AS","Funding Life","ongoing"
"M00285","AA","CBMS","DOE032"
"M00286","AS","title","Independent Expert Scientific Committee on Coal Seam Gas and Large Coal Mining Development (IESC)"
"M00286","AS","Budget Round Created","HL2020-2021"
"M00286","AS","Active","Y"
"M00286","AS","Funding Life","ongoing"
"M00286","AA","CBMS","M530918E"
"M00287","AS","title","Better information and reporting"
"M00287","AS","Budget Round Created","HL2020-2021"
"M00287","AS","Active","Y"
"M00287","AS","Funding Life","ongoing"
"M00287","AA","CBMS","DOE042"
"M00288","AS","Termination Year","2019-2020"
"M00288","AS","title","AAD Year Round Aviation Access"
"M00288","AS","Budget Round Created","HL2020-2021"
"M00288","AS","Active","Y"
"M00288","AS","Funding Life","terminating"
"M00288","AA","CBMS","DOE044"
"M00289","AS","Termination Year","2027-2028"
"M00289","AS","title","AAD Macquarie Island"
"M00289","AS","Budget Round Created","HL2020-2021"
"M00289","AS","Active","Y"
"M00289","AS","Funding Life","terminating"
"M00289","AA","CBMS","DOE045"
"M00290","AS","title","Program 3.1 Departmental Ongoing"
"M00290","AS","Budget Round Created","HL2020-2021"
"M00290","AS","Active","Y"
"M00290","AS","Funding Life","ongoing"
"M00290","AA","CBMS","DOE046"
"M00291","AS","Termination Year","2019-2020"
"M00291","AS","title","CopperString 2.0 Project"
"M00291","AS","Budget Round Created","HL2020-2021"
"M00291","AS","Active","Y"
"M00291","AS","Funding Life","terminating"
"M00291","AA","CBMS","DOE047"
"M00292","AS","Termination Year","2028-2029"
"M00292","AS","title","Retailer Reliability Obligations"
"M00292","AS","Budget Round Created","HL2020-2021"
"M00292","AS","Active","Y"
"M00292","AS","Funding Life","terminating"
"M00292","AA","CBMS","DOE048"
"M00293","AS","Termination Year","2019-2020"
"M00293","AS","title","Energy Secuirty Board"
"M00293","AS","Budget Round Created","HL2020-2021"
"M00293","AS","Active","Y"
"M00293","AS","Funding Life","terminating"
"M00293","AA","CBMS","DOE049"
"M00294","AS","Termination Year","2023-2024"
"M00294","AS","title","Business Electricity Advice and Support"
"M00294","AS","Budget Round Created","HL2020-2021"
"M00294","AS","Active","Y"
"M00294","AS","Funding Life","terminating"
"M00294","AA","CBMS","DOE050"
"M00295","AS","Termination Year","2019-2020"
"M00295","AS","title","Powering Forward Phase 5"
"M00295","AS","Budget Round Created","HL2020-2021"
"M00295","AS","Active","Y"
"M00295","AS","Funding Life","terminating"
"M00295","AA","CBMS","DOE051"
"M00296","AS","Termination Year","2022-2023"
"M00296","AS","title","Energy use data for better forecasting"
"M00296","AS","Budget Round Created","HL2020-2021"
"M00296","AS","Active","Y"
"M00296","AS","Funding Life","terminating"
"M00296","AA","CBMS","DOE052"
"M00297","AS","Termination Year","2022-2023"
"M00297","AS","title","Finkel review implementation"
"M00297","AS","Budget Round Created","HL2020-2021"
"M00297","AS","Active","Y"
"M00297","AS","Funding Life","terminating"
"M00297","AA","CBMS","DOE053"
"M00298","AS","title","Maintain Australia Antarctic Infrastructure"
"M00298","AS","Budget Round Created","HL2020-2021"
"M00298","AS","Active","Y"
"M00298","AS","Funding Life","ongoing"
"M00298","AA","CBMS","101975"
"M00299","AS","Termination Year","2049-2050"
"M00299","AS","title","Icebreaker design and build"
"M00299","AS","Budget Round Created","HL2020-2021"
"M00299","AS","Active","Y"
"M00299","AS","Funding Life","terminating"
"M00299","AA","CBMS","U901935C"
"M00300","AS","Termination Year","2026-2027"
"M00300","AS","title","Antarctic traverse"
"M00300","AS","Budget Round Created","HL2020-2021"
"M00300","AS","Active","Y"
"M00300","AS","Funding Life","terminating"
"M00300","AA","CBMS","V951578E"
"M00301","AS","title","Maintaining a Presence in Antarctica"
"M00301","AS","Budget Round Created","HL2020-2021"
"M00301","AS","Active","Y"
"M00301","AS","Funding Life","ongoing"
"M00301","AA","CBMS","V958130E"
"M00302","AS","Termination Year","2023-2024"
"M00302","AS","title","Efficiency Dividend (COA066)"
"M00302","AS","Budget Round Created","HL2020-2021"
"M00302","AS","Active","Y"
"M00302","AS","Funding Life","terminating"
"M00302","AA","CBMS","102795"
"M00304","AS","Termination Year","2020-2021"
"M00304","AS","title","Climate Change Authority Funding"
"M00304","AS","Budget Round Created","HL2020-2021"
"M00304","AS","Active","Y"
"M00304","AS","Funding Life","terminating"
"M00304","AA","CBMS","Q708024E"
"M00305","AS","title","Cost Recovery for Environmental Impact Assessments - EPBC Act 1999"
"M00305","AS","Budget Round Created","HL2020-2021"
"M00305","AS","Active","Y"
"M00305","AS","Funding Life","ongoing"
"M00305","AA","CBMS","V945466E"
"M00306","AS","title","Cost Recovery for Hazardous Waste Permits"
"M00306","AS","Budget Round Created","HL2020-2021"
"M00306","AS","Active","Y"
"M00306","AS","Funding Life","ongoing"
"M00306","AA","CBMS","U918765E"
"M00307","AS","title","Voluntary Product Stewardship Cost Recovery Arrangement"
"M00307","AS","Budget Round Created","HL2020-2021"
"M00307","AS","Active","Y"
"M00307","AS","Funding Life","ongoing"
"M00307","AA","CBMS","P626925E"
"M00308","AS","title","Cost Recovery for Product Emissions Standards for non-road spark ignition engines and equipment"
"M00308","AS","Budget Round Created","HL2020-2021"
"M00308","AS","Active","Y"
"M00308","AS","Funding Life","ongoing"
"M00308","AA","CBMS","Y1046404E"
"M00309","AS","title","Cost Recovery for Vary of Fuel Standard"
"M00309","AS","Budget Round Created","HL2020-2021"
"M00309","AS","Active","Y"
"M00309","AS","Funding Life","ongoing"
"M00309","AA","CBMS","V956511E"
"M00310","AS","title","Cost Recovery for Commercial Building Disclosure Program"
"M00310","AS","Budget Round Created","HL2020-2021"
"M00310","AS","Active","Y"
"M00310","AS","Funding Life","ongoing"
"M00310","AA","CBMS","DOE054"
"M00311","AS","title","Cost Recovery for Greenhouse and Energy Minimum Standards"
"M00311","AS","Budget Round Created","HL2020-2021"
"M00311","AS","Active","Y"
"M00311","AS","Funding Life","ongoing"
"M00311","AA","CBMS","DOE055"
"M00312","AS","Termination Year","2020-2021"
"M00312","AS","title","International Energy Agency Compliance - Collective Action Response"
"M00312","AS","Budget Round Created","HL2020-2021"
"M00312","AS","Active","Y"
"M00312","AS","Funding Life","terminating"
"M00312","AA","CBMS","DOE056"
"M00313","AS","Termination Year","2020-2021"
"M00313","AS","title","International Energy Agency Compliance - Energy Security Office"
"M00313","AS","Budget Round Created","HL2020-2021"
"M00313","AS","Active","Y"
"M00313","AS","Funding Life","terminating"
"M00313","AA","CBMS","DOE057"
"M00314","AS","Termination Year","2020-2021"
"M00314","AS","title","Modernisation Fund - Transformation and Innovation 4.1"
"M00314","AS","Budget Round Created","HL2020-2021"
"M00314","AS","Active","Y"
"M00314","AS","Funding Life","terminating"
"M00314","AA","CBMS","Y1043188E"
"M00315","AS","Termination Year","2021-2022"
"M00315","AS","title","Acceleration of Gas Market Reform Group Agenda"
"M00315","AS","Budget Round Created","HL2020-2021"
"M00315","AS","Active","Y"
"M00315","AS","Funding Life","terminating"
"M00315","AA","CBMS","DOE058"
"M00316","AS","Termination Year","2020-2021"
"M00316","AS","title","Gas Market Reform"
"M00316","AS","Budget Round Created","HL2020-2021"
"M00316","AS","Active","Y"
"M00316","AS","Funding Life","terminating"
"M00316","AA","CBMS","DOE059"
"M00317","AS","Termination Year","2020-2021"
"M00317","AS","title","Maintaining COAG Energy Council Program"
"M00317","AS","Budget Round Created","HL2020-2021"
"M00317","AS","Active","Y"
"M00317","AS","Funding Life","terminating"
"M00317","AA","CBMS","DOE060"
"M00318","AS","Termination Year","2022-2023"
"M00318","AS","title","Accelerating the Delivery of Humelink and QNI"
"M00318","AS","Budget Round Created","HL2020-2021"
"M00318","AS","Active","Y"
"M00318","AS","Funding Life","terminating"
"M00318","AA","CBMS","102942"
"M00320","AS","Termination Year","2024-2025"
"M00320","AS","title","Blue Carbon Partnerships"
"M00320","AS","Budget Round Created","HL2020-2021"
"M00320","AS","Active","Y"
"M00320","AS","Funding Life","terminating"
"M00320","AA","CBMS","102943"
"M00321","AS","Termination Year","2021-2022"
"M00321","AS","title","Collective Action Response Measures - Extension"
"M00321","AS","Budget Round Created","HL2020-2021"
"M00321","AS","Active","Y"
"M00321","AS","Funding Life","terminating"
"M00321","AA","CBMS","102947"
"M00322","AS","Termination Year","2021-2022"
"M00322","AS","title","Implementing Energy and Emissions Reductions for Commercial Buildings"
"M00322","AS","Budget Round Created","HL2020-2021"
"M00322","AS","Active","Y"
"M00322","AS","Funding Life","terminating"
"M00322","AA","CBMS","102948"
"M00323","AS","Termination Year","2021-2022"
"M00323","AS","title","Implementing Energy and Emissions Reductions for Residential Buildings"
"M00323","AS","Budget Round Created","HL2020-2021"
"M00323","AS","Active","Y"
"M00323","AS","Funding Life","terminating"
"M00323","AA","CBMS","102950"
"M00324","AS","Termination Year","2022-2023"
"M00324","AS","title","Taking forward a ban on the export of waste"
"M00324","AS","Budget Round Created","HL2020-2021"
"M00324","AS","Active","Y"
"M00324","AS","Funding Life","terminating"
"M00324","AA","CBMS","102954"
"M00325","AS","Termination Year","2023-2024"
"M00325","AS","title","Product Stewardship Investment Fund"
"M00325","AS","Budget Round Created","HL2020-2021"
"M00325","AS","Active","Y"
"M00325","AS","Funding Life","terminating"
"M00325","AA","CBMS","102952"
"M00326","AS","Termination Year","2021-2022"
"M00326","AS","title","Combined Geological and Bioregional Resources Assessments"
"M00326","AS","Budget Round Created","HL2020-2021"
"M00326","AS","Active","Y"
"M00326","AS","Funding Life","terminating"
"M00327","AS","title","PFAS Research Remediation Program SRI"
"M00327","AS","Budget Round Created","HL2020-2021"
"M00327","AS","Active","Y"
"M00327","AS","Funding Life","ongoing"
"M00327","AA","CBMS","100659"
"M00328","AS","title","Continuation of Regional Marine Planning"
"M00328","AS","Budget Round Created","HL2020-2021"
"M00328","AS","Active","Y"
"M00328","AS","Funding Life","ongoing"
"M00328","AA","CBMS","N555661E"
"M00329","AS","title","EPBC - New CSG Water Trigger Compliance and Assessments Costs"
"M00329","AS","Budget Round Created","HL2020-2021"
"M00329","AS","Active","Y"
"M00329","AS","Funding Life","ongoing"
"M00329","AA","CBMS","P660916E"
"M00330","AS","Termination Year","2021-2022"
"M00330","AS","title","Busting Congestion in the Environmental Approval Process"
"M00330","AS","Budget Round Created","HL2020-2021"
"M00330","AS","Active","Y"
"M00330","AS","Funding Life","terminating"
"M00330","AA","CBMS","102945"
"M00331","AS","Termination Year","2020-2021"
"M00331","AS","title","Environment and Energy and Emissions Reduction Campaign"
"M00331","AS","Budget Round Created","HL2020-2021"
"M00331","AS","Active","Y"
"M00331","AS","Funding Life","terminating"
"M00331","AA","CBMS","102951"
"M00332","AS","Termination Year","2022-2023"
"M00332","AS","title","Building a 21st Century Digital Environmental Approvals Regime for Major Projects"
"M00332","AS","Budget Round Created","HL2020-2021"
"M00332","AS","Active","Y"
"M00332","AS","Funding Life","terminating"
"M00332","AA","CBMS","103152"
"M00334","AS","Termination Year","2021-2022"
"M00334","AS","title","Traverse and Million Year Ice Core"
"M00334","AS","Budget Round Created","HL2020-2021"
"M00334","AS","Active","Y"
"M00334","AS","Funding Life","terminating"
"M00334","AA","CBMS","DOE063"
"M00335","AS","Termination Year","2022-2023"
"M00335","AS","title","Davis Aerodrome - progressing to a final investment decision"
"M00335","AS","Budget Round Created","HL2020-2021"
"M00335","AS","Active","Y"
"M00335","AS","Funding Life","terminating"
"M00335","AA","CBMS","103126"
"M00336","AS","Termination Year","2023-2024"
"M00336","AS","title","Payment to CEFC"
"M00336","AS","Budget Round Created","HL2020-2021"
"M00336","AS","Active","Y"
"M00336","AS","Funding Life","terminating"
"M00336","AA","CBMS","DOE061"
"M00337","AS","title","Grid Reliability Fund Special Account"
"M00337","AS","Budget Round Created","HL2020-2021"
"M00337","AS","Active","Y"
"M00337","AS","Funding Life","ongoing"
"M00337","AA","CBMS","DOE062"
"M00338","AS","Termination Year","2023-2024"
"M00338","AS","title","Hydrogen Strategy and Implementation"
"M00338","AS","Budget Round Created","HL2020-2021"
"M00338","AS","Active","Y"
"M00338","AS","Funding Life","terminating"
"M00338","AA","CBMS","103200"
"M00339","AS","Termination Year","2023-2024"
"M00339","AS","title","Offset for CCA direct appropriation"
"M00339","AS","Budget Round Created","HL2020-2021"
"M00339","AS","Active","Y"
"M00339","AS","Funding Life","terminating"
"M00339","AA","CBMS","103324"
"M00340","AS","Termination Year","2022-2023"
"M00340","AS","title","REDUCING THE ENERGY EFFICIENT COMMUNITIES PROGRAM"
"M00340","AS","Budget Round Created","HL2020-2021"
"M00340","AS","Active","Y"
"M00340","AS","Funding Life","terminating"
"M00340","AA","CBMS","102953"
"M00341","AS","Termination Year","2021-2022"
"M00341","AS","title","Bushfire Wildlife Recovery Program"
"M00341","AS","Budget Round Created","HL2020-2021"
"M00341","AS","Active","Y"
"M00341","AS","Funding Life","terminating"
"M00341","AA","CBMS","103436"
"M00342","AS","title","Cost recovery for the national standard for the environment risk management of industry chemicals"
"M00342","AS","Budget Round Created","HL2020-2021"
"M00342","AS","Active","Y"
"M00342","AS","Funding Life","ongoing"
"M00342","AA","CBMS","103440"
"M00343","AS","title","EXTENDING THE TERMINATION DATES FOR SMALL BUSINESS PROGRAMS"
"M00343","AS","Budget Round Created","HL2020-2021"
"M00343","AS","Active","Y"
"M00343","AS","Funding Life","ongoing"
"M00343","AA","CBMS","102984"
"M00344","AS","Termination Year","2021-2022"
"M00344","AS","title","Personal Protective Equipment - Mask Material Manufacture - Textor"
"M00344","AS","Budget Round Created","HL2020-2021"
"M00344","AS","Active","Y"
"M00344","AS","Funding Life","terminating"
"M00344","AA","CBMS","103587"
"M00345","AS","Termination Year","2024-2025"
"M00345","AS","title","Long term management of Australia's Radioactive Waste"
"M00345","AS","Budget Round Created","HL2020-2021"
"M00345","AS","Active","Y"
"M00345","AS","Funding Life","terminating"
"M00345","AA","CBMS","103685"
"M00346","AS","Termination Year","2021-2022"
"M00346","AS","title","Personal Protective Equipment - Mask Production Machine Manufacture - Med-Con"
"M00346","AS","Budget Round Created","HL2020-2021"
"M00346","AS","Active","Y"
"M00346","AS","Funding Life","terminating"
"M00346","AA","CBMS","103602"
"M00347","AS","Termination Year","2021-2022"
"M00347","AS","title","Northern Endeavour Temporary Operations"
"M00347","AS","Budget Round Created","HL2020-2021"
"M00347","AS","Active","Y"
"M00347","AS","Funding Life","terminating"
"M00347","AA","CBMS","103656"
"M00348","AS","Active","N"
"M00348","AS","Funding Life","ongoing"
"M00349","AS","Termination Year","6/21-7"
"M00349","AS","title","Small Business Communicatins Campaign"
"M00349","AS","Budget Round Created","HL2020-2021"
"M00349","AS","Active","Y"
"M00349","AS","Funding Life","terminating"
"M00349","AA","CBMS","103812"
"M00350","AS","Termination Year","2022-2023"
"M00350","AS","title","National Bushfire Recovery Fund - Two year business advice for recovery and resilience"
"M00350","AS","Budget Round Created","HL2020-2021"
"M00350","AS","Active","Y"
"M00350","AS","Funding Life","terminating"
"M00350","AA","CBMS","103627"
"M00351","AS","title","Maralinga Ongoing Proposal from 2020-21"
"M00351","AS","Budget Round Created","HL2020-2021"
"M00351","AS","Active","Y"
"M00351","AS","Funding Life","ongoing"
"M00351","AA","CBMS","103851"
"M00352","AS","Termination Year","3-24-4"
"M00352","AS","title","AISRF - Extension"
"M00352","AS","Budget Round Created","HL2020-2021"
"M00352","AS","Active","Y"
"M00352","AS","Funding Life","terminating"
"M00352","AA","CBMS","103823"
"M00353","AS","Termination Year","2020-2021"
"M00353","AS","title","HYDROGEN ENERGY SUPPLY CHAIN PILOT PROJECT"
"M00353","AS","Budget Round Created","HL2018-2019"
"M00353","AS","Active","Y"
"M00353","AS","Funding Life","Terminating"
"M00353","AA","CBMS","100466"
"M00354","AS","title","NEW DATA SHARING AND RELEASE ARRANGEMENTS"
"M00354","AS","Budget Round Created","HL2018-2019"
"M00354","AS","Active","Y"
"M00354","AS","Funding Life","Ongoing"
"M00354","AA","CBMS","100489"
"M00355","AS","Termination Year","2022-2023"
"M00355","AS","title","FAIR FEES FOR NATIONAL MEASUREMENT INSTITUTE SERVICES"
"M00355","AS","Budget Round Created","HL2018-2019"
"M00355","AS","Active","Y"
"M00355","AS","Funding Life","Terminating"
"M00355","AA","CBMS","100565"
"M00356","AS","Termination Year","2020-2021"
"M00356","AS","title","HYDROGEN ENERGY SUPPLY CHAIN PROJECT (HESC)"
"M00356","AS","Budget Round Created","HL2018-2019"
"M00356","AS","Active","Y"
"M00356","AS","Funding Life","Terminating"
"M00356","AA","CBMS","100678"
"M00357","AS","Termination Year","2019-2020"
"M00357","AS","title","MODERNISING BUSINESS REGISTERS"
"M00357","AS","Budget Round Created","HL2018-2019"
"M00357","AS","Active","Y"
"M00357","AS","Funding Life","Terminating"
"M00357","AA","CBMS","100837"
"M00358","AS","Termination Year","2019-2020"
"M00358","AS","title","NATIONAL SPORTS PLAN"
"M00358","AS","Budget Round Created","HL2018-2019"
"M00358","AS","Active","Y"
"M00358","AS","Funding Life","Terminating"
"M00358","AA","CBMS","100965"
"M00359","AS","Termination Year","2020-2021"
"M00359","AS","title","SAFEGUARDING THE INTEGRITY OF AUSTRALIAN SPORT"
"M00359","AS","Budget Round Created","HL2018-2019"
"M00359","AS","Active","Y"
"M00359","AS","Funding Life","Terminating"
"M00359","AA","CBMS","101706"
"M00360","AS","Termination Year","2020-2021"
"M00360","AS","title","SCHOOL SECURITY FUNDING"
"M00360","AS","Budget Round Created","HL2018-2019"
"M00360","AS","Active","Y"
"M00360","AS","Funding Life","Terminating"
"M00360","AA","CBMS","101937"
"M00361","AS","Termination Year","2021-2022"
"M00361","AS","title","EXPANDING THE QUESTACON SCIENCE CIRCUS"
"M00361","AS","Budget Round Created","HL2019-2020"
"M00361","AS","Active","Y"
"M00361","AS","Funding Life","Terminating"
"M00361","AA","CBMS","102202"
"M00362","AS","Termination Year","2020-2021"
"M00362","AS","title","SAFEGUARDING THE INTEGRITY OF AUSTRALIAN SPORT"
"M00362","AS","Budget Round Created","HL2019-2020"
"M00362","AS","Active","Y"
"M00362","AS","Funding Life","Terminating"
"M00362","AA","CBMS","102252"
"M00363","AS","Termination Year","2023-2024"
"M00363","AS","title","INFRASTRUCTURE INVESTMENT PROGRAMME - ADELAIDE CITY DEAL"
"M00363","AS","Budget Round Created","HL2019-2020"
"M00363","AS","Active","Y"
"M00363","AS","Funding Life","Terminating"
"M00363","AA","CBMS","102464"
"M00364","AS","Termination Year","2021-2022"
"M00364","AS","title","NATIONAL ROLLOUT OF QUESTACON'S ENGINEERING IS ELEMENTARY"
"M00364","AS","Budget Round Created","HL2019-2020"
"M00364","AS","Active","Y"
"M00364","AS","Funding Life","Terminating"
"M00364","AA","CBMS","102537"
"M00365","AS","Termination Year","2020-2021"
"M00365","AS","title","NEW STREAMLINED SERVICE FOR SMALL BUSINESS EMPLOYERS - EMPLO"
"M00365","AS","Budget Round Created","HL2019-2020"
"M00365","AS","Active","Y"
"M00365","AS","Funding Life","Terminating"
"M00365","AA","CBMS","103158"
"M00366","AS","Termination Year","2020-2021"
"M00366","AS","title","AUSTRALIAN BUILDING CODES BOARD (ABCB)BUILDING A STRONGER"
"M00366","AS","Budget Round Created","HL2019-2020"
"M00366","AS","Active","Y"
"M00366","AS","Funding Life","Terminating"
"M00366","AA","CBMS","103160"
"M00367","AS","Termination Year","2028-2029"
"M00367","AS","title","AUSTRALIANS PROGRESS TOWARDS GENDER EQUALITY IN STEM"
"M00367","AS","Budget Round Created","HL2019-2020"
"M00367","AS","Active","Y"
"M00367","AS","Funding Life","Terminating"
"M00367","AA","CBMS","103161"
"M00368","AS","Termination Year","2021-2022"
"M00368","AS","title","A NEW TRADE INFORMATION SERVICE FOR EXPORTERS"
"M00368","AS","Budget Round Created","HL2019-2020"
"M00368","AS","Active","Y"
"M00368","AS","Funding Life","Terminating"
"M00368","AA","CBMS","103391"
"M00369","AS","title","Locate the Australian Space Agency in Adelaide"
"M00369","AS","Budget Round Created","HL2019-2020"
"M00369","AS","Active","Y"
"M00369","AS","Funding Life","Ongoing"
"M00369","AA","CBMS","000001"
"M00370","AS","title","Geocoded National Address File (Spatial Data MoG from PM&C)"
"M00370","AS","Budget Round Created","HL2018-2019"
"M00370","AS","Active","Y"
"M00370","AS","Funding Life","Ongoing"
"M00370","AA","CBMS","000002"
"M00371","AS","Termination Year","2020-2021"
"M00371","AS","title","New Deregulation Agenda - MoG"
"M00371","AS","Budget Round Created","HL2020-2021"
"M00371","AS","Active","Y"
"M00371","AS","Funding Life","Terminating"
"M00371","AA","CBMS","000003"
"M00372","AS","title","Payment Times Reporting Framework - Establishment - MoG"
"M00372","AS","Budget Round Created","HL2020-2021"
"M00372","AS","Active","Y"
"M00372","AS","Funding Life","Ongoing"
"M00372","AA","CBMS","000004"
"M00373","AS","Termination Year","2020-2021"
"M00373","AS","title","Emission Reductions for Commercial Buildings - MoG"
"M00373","AS","Budget Round Created","HL2020-2021"
"M00373","AS","Active","Y"
"M00373","AS","Funding Life","Terminating"
"M00373","AA","CBMS","000005"
"M00374","AS","Termination Year","2020-2021"
"M00374","AS","title","Emission Reductions for Residential Buildings - MoG"
"M00374","AS","Budget Round Created","HL2020-2021"
"M00374","AS","Active","Y"
"M00374","AS","Funding Life","Terminating"
"M00374","AA","CBMS","000006"
"M00375","AS","title","Funding for the Climate Change Authority and Research and Commercial Buildings - MoG"
"M00375","AS","Budget Round Created","HL2020-2021"
"M00375","AS","Active","Y"
"M00375","AS","Funding Life","Ongoing"
"M00375","AA","CBMS","000007"
"M00376","AS","Termination Year","2022-2023"
"M00376","AS","title","Supporting the National Hydrogen Strategy - MoG"
"M00376","AS","Budget Round Created","HL2020-2021"
"M00376","AS","Active","Y"
"M00376","AS","Funding Life","Terminating"
"M00376","AA","CBMS","000008"
"M00377","AS","Termination Year","2028-2029"
"M00377","AS","title","Adjustment for the GovLink Contract"
"M00377","AS","Budget Round Created","HL2016-2017"
"M00377","AS","Active","Y"
"M00377","AS","Funding Life","Terminating"
"M00377","AA","CBMS","000009"
"M00378","AS","title","AAO transfer to Environment - Energy function (Final)"
"M00378","AS","Budget Round Created","HL2016-2017"
"M00378","AS","Active","Y"
"M00378","AS","Funding Life","Ongoing"
"M00378","AA","CBMS","000010"
"M00379","AS","Termination Year","2027-2028"
"M00379","AS","title","Nishi Lease transfer to DoCA (entered into CBMS MYEFO 2017-18)"
"M00379","AS","Budget Round Created","HL2017-2018"
"M00379","AS","Active","Y"
"M00379","AS","Funding Life","Terminating"
"M00379","AA","CBMS","000011"
"M00380","AS","Termination Year","2023-2024"
"M00380","AS","title","ARENA transfer to Environment"
"M00380","AS","Budget Round Created","HL2015-2016"
"M00380","AS","Active","Y"
"M00380","AS","Funding Life","Terminating"
"M00380","AA","CBMS","000012"
"M00381","AS","Termination Year","2021-2022"
"M00381","AS","title","ARENA - governance and funding"
"M00381","AS","Budget Round Created","HL2015-2016"
"M00381","AS","Active","Y"
"M00381","AS","Funding Life","Terminating"
"M00381","AA","CBMS","000013"
"M00382","AS","title","Entrepreneurs' Infrastructure Program - establishment"
"M00382","AS","Budget Round Created","HL2014-2015"
"M00382","AS","Active","Y"
"M00382","AS","Funding Life","Ongoing"
"M00382","AA","CBMS","000014"
"M00383","AS","title","Commonwealth Property Savings"
"M00383","AS","Budget Round Created","HL2011-2012"
"M00383","AS","Active","Y"
"M00383","AS","Funding Life","Ongoing"
"M00383","AA","CBMS","000015"
"M00384","AS","title","Independent Contractor - IC hotline"
"M00384","AS","Budget Round Created","HL2011-2012"
"M00384","AS","Active","Y"
"M00384","AS","Funding Life","Ongoing"
"M00384","AA","CBMS","000016"
"M00385","AS","title","Venture Capital - Innovation Investment Fund - Round 3"
"M00385","AS","Budget Round Created","HL2006-2007"
"M00385","AS","Active","Y"
"M00385","AS","Funding Life","Ongoing"
"M00385","AA","CBMS","000017"
"M00386","AS","title","Research and Development Tax Concession (previously R&D Tax Credit)"
"M00386","AS","Budget Round Created","HL2001-2002"
"M00386","AS","Active","Y"
"M00386","AS","Funding Life","Ongoing"
"M00386","AA","CBMS","000018"
"M00387","AS","Termination Year","2023-2024"
"M00387","AS","title","Base Funding"
"M00387","AS","Budget Round Created","HL1990-1991"
"M00387","AS","Active","Y"
"M00387","AS","Funding Life","Terminating"
"M00387","AA","CBMS","000019"
"M00388","AS","title","Ongoing - unchanging measures"
"M00388","AS","Budget Round Created","HL1990-1991"
"M00388","AS","Active","Y"
"M00388","AS","Funding Life","Ongoing"
"M00388","AA","CBMS","000020"
"M00389","AS","title","MoG - Small Business - Interim s75"
"M00389","AS","Budget Round Created","HL2020-2021"
"M00389","AS","Active","Y"
"M00389","AS","Funding Life","Ongoing"
"M00389","AA","CBMS","000021"
"M00390","AS","title","MoG - Energy and Climate Change - Interim s75 - Prog 2.0"
"M00390","AS","Budget Round Created","HL2020-2021"
"M00390","AS","Active","Y"
"M00390","AS","Funding Life","Ongoing"
"M00390","AA","CBMS","000022"
"M00391","AS","title","MoG - Energy and Climate Change - Interim s75 - Prog 2.2"
"M00391","AS","Budget Round Created","HL2020-2021"
"M00391","AS","Active","Y"
"M00391","AS","Funding Life","Ongoing"
"M00391","AA","CBMS","000023"
"M00392","AS","title","MoG - Energy and Climate Change - Interim s75 - Prog 3.0"
"M00392","AS","Budget Round Created","HL2020-2021"
"M00392","AS","Active","Y"
"M00392","AS","Funding Life","Ongoing"
"M00392","AA","CBMS","000024"
"M00393","AS","Termination Year","2023-2024"
"M00393","AS","title","Reclass - Space Discovery Centre"
"M00393","AS","Budget Round Created","HL2020-2021"
"M00393","AS","Active","Y"
"M00393","AS","Funding Life","Terminating"
"M00393","AA","CBMS","000025"
"M00394","AS","title","DIISR - DEPT - Addtional $0.2million (Questacon's building) added to DIISR's DCB as estimate adjustm"
"M00394","AS","Budget Round Created","HL2011-2012"
"M00394","AS","Active","Y"
"M00394","AS","Funding Life","Ongoing"
"M00394","AA","CBMS","000026"
"M00395","AS","Termination Year","2023-2024"
"M00395","AS","title","DCB - OC 1 Base funding"
"M00395","AS","Budget Round Created","HL2019-2020"
"M00395","AS","Active","Y"
"M00395","AS","Funding Life","Terminating"
"M00395","AA","CBMS","000027"
"M00396","AS","Termination Year","2023-2024"
"M00396","AS","title","DCB Indexation - FE 3 creation (2023-24)"
"M00396","AS","Budget Round Created","HL2019-2020"
"M00396","AS","Active","Y"
"M00396","AS","Funding Life","Terminating"
"M00396","AA","CBMS","000028"
"M00397","AS","Termination Year","2023-2024"
"M00397","AS","title","DCB Efficiency Dividend - FE 3 creation (2023-24)"
"M00397","AS","Budget Round Created","HL2019-2020"
"M00397","AS","Active","Y"
"M00397","AS","Funding Life","Terminating"
"M00397","AA","CBMS","000029"
"M00398","AS","title","Property Service Coordinated Procurement Arrangements"
"M00398","AS","Budget Round Created","HL2018-2019"
"M00398","AS","Active","Y"
"M00398","AS","Funding Life","Ongoing"
"M00398","AA","CBMS","000030"
"M00399","AS","Termination Year","2022-2023"
"M00399","AS","title","Pre-ERC 2020-21 Operating Indexation Adjustment - OC2.2"
"M00399","AS","Budget Round Created","HL2020-2021"
"M00399","AS","Active","Y"
"M00399","AS","Funding Life","Terminating"
"M00399","AA","CBMS","000031"
"M00400","AS","Termination Year","2023-2024"
"M00400","AS","title","Pre-ERC 2020-21 DCB Indexation Adjustment - OC2"
"M00400","AS","Budget Round Created","HL2020-2021"
"M00400","AS","Active","Y"
"M00400","AS","Funding Life","Terminating"
"M00400","AA","CBMS","000032"
"M00401","AS","Termination Year","2022-2023"
"M00401","AS","title","Pre-ERC 2020-21 Operating Indexation Adjustment - OC2"
"M00401","AS","Budget Round Created","HL2020-2021"
"M00401","AS","Active","Y"
"M00401","AS","Funding Life","Terminating"
"M00401","AA","CBMS","000033"
"M00402","AS","Termination Year","2022-2023"
"M00402","AS","title","Pre-ERC 2020-21 Operating Indexation Adjustment - OC3"
"M00402","AS","Budget Round Created","HL2020-2021"
"M00402","AS","Active","Y"
"M00402","AS","Funding Life","Terminating"
"M00402","AA","CBMS","000034"
"M00403","AS","Termination Year","2022-2023"
"M00403","AS","title","Pre-ERC 2020-21 Operating Indexation Adjustment - OC4"
"M00403","AS","Budget Round Created","HL2020-2021"
"M00403","AS","Active","Y"
"M00403","AS","Funding Life","Terminating"
"M00403","AA","CBMS","000035"
"M00404","AS","Termination Year","2023-2024"
"M00404","AS","title","OC 1 - Paramater Adjustment for all prior rounds"
"M00404","AS","Budget Round Created","HL2020-2021"
"M00404","AS","Active","Y"
"M00404","AS","Funding Life","Terminating"
"M00404","AA","CBMS","000036"
"M00405","AS","Termination Year","2019-2020"
"M00405","AS","title","19-20 PAES:Mod Fund/Shared Services approp return - $10.485m"
"M00405","AS","Budget Round Created","HL2020-2021"
"M00405","AS","Active","Y"
"M00405","AS","Funding Life","Terminating"
"M00405","AA","CBMS","000037"
"M00406","AS","Termination Year","2023-2024"
"M00406","AS","title","OC 1 - ED Adjustment for all prior rounds"
"M00406","AS","Budget Round Created","HL2020-2021"
"M00406","AS","Active","Y"
"M00406","AS","Funding Life","Terminating"
"M00406","AA","CBMS","000038"
"M00407","AS","title","Expansion of the ABN/Business Names Register Program"
"M00407","AS","Budget Round Created","HL2010-2011"
"M00407","AS","Active","Y"
"M00407","AS","Funding Life","Ongoing"
"M00407","AA","CBMS","H357128E"
"M00408","AS","Termination Year","2024-2025"
"M00408","AS","title","Vanguard for Superstream"
"M00408","AS","Budget Round Created","HL2011-2012"
"M00408","AS","Active","Y"
"M00408","AS","Funding Life","Terminating"
"M00408","AA","CBMS","N534823E"
"M00409","AS","title","Northern Australia Infrastructure Facility - Industry Departmental"
"M00409","AS","Budget Round Created","HL2016-2017"
"M00409","AS","Active","Y"
"M00409","AS","Funding Life","Ongoing"
"M00409","AA","CBMS","V939626E"
"M00410","AS","title","Enhanced Product By-Law Scheme (EPBS) Savings"
"M00410","AS","Budget Round Created","HL2016-2017"
"M00410","AS","Active","Y"
"M00410","AS","Funding Life","Ongoing"
"M00410","AA","CBMS","V954171E"
"M00411","AS","title","Standardisation of Overseas Allowances for Australian Government Employees"
"M00411","AS","Budget Round Created","HL2017-2018"
"M00411","AS","Active","Y"
"M00411","AS","Funding Life","Ongoing"
"M00411","AA","CBMS","Y1045943E"
"M00412","AS","Termination Year","2020-2021"
"M00412","AS","title","Cooperative ResearchCentre (CRC) Projects -Advanced Manufacturing"
"M00412","AS","Budget Round Created","HL2017-2018"
"M00412","AS","Active","Y"
"M00412","AS","Funding Life","Terminating"
"M00412","AA","CBMS","Y1047501E (1)"
"M00413","AS","Termination Year","2020-2021"
"M00413","AS","title","Advanced Manufacturing Transition Package"
"M00413","AS","Budget Round Created","HL2017-2018"
"M00413","AS","Active","Y"
"M00413","AS","Funding Life","Terminating"
"M00413","AA","CBMS","Y1047501E (2)"
"M00414","AS","Termination Year","2020-2021"
"M00414","AS","title","Advanced Manufacturing Growth Fund"
"M00414","AS","Budget Round Created","HL2017-2018"
"M00414","AS","Active","Y"
"M00414","AS","Funding Life","Terminating"
"M00414","AA","CBMS","Y1047501E (3)"
"M00415","AS","Termination Year","2056-2057"
"M00415","AS","title","NAIF Extension"
"M00415","AS","Budget Round Created","HL2020-2021"
"M00415","AS","Active","Y"
"M00415","AS","Funding Life","terminating"
"M00415","AA","CBMS","M00415"
"M00416","AS","Termination Year","2021-2022"
"M00416","AS","title","Savings Measure for Maralinga - Supporting the Development of New Onshore Gas Supply"
"M00416","AS","Budget Round Created","HL2020-2021"
"M00416","AS","Active","Y"
"M00416","AS","Funding Life","terminating"
"M00416","AA","CBMS","103867"
"M00417","AS","Termination Year","2021-2022"
"M00417","AS","title","Fuel Security"
"M00417","AS","Budget Round Created","HL2020-2021"
"M00417","AS","Active","Y"
"M00417","AS","Funding Life","terminating"
"M00417","AA","CBMS","103760"
"M00418","AS","title","AusIndustry 132846 Hotline Extension"
"M00418","AS","Budget Round Created","HL2020-2021"
"M00418","AS","Active","Y"
"M00418","AS","Funding Life","ongoing"
"M00418","AA","CBMS","103677"
"M00419","AS","title","Payment Times Procurement Connected Policy"
"M00419","AS","Budget Round Created","HL2020-2021"
"M00419","AS","Active","Y"
"M00419","AS","Funding Life","ongoing"
"M00419","AA","CBMS","103647"
"M00420","AS","Termination Year","2026-2027"
"M00420","AS","title","Regional and Remote Communities Reliability Fund Extension"
"M00420","AS","Budget Round Created","HL2020-2021"
"M00420","AS","Active","Y"
"M00420","AS","Funding Life","terminating"
"M00420","AA","CBMS","104250"
"M00421","AS","Termination Year","2023-2024"
"M00421","AS","title","Accelerating New Gas Supply to Market – Strategic Basin Plans"
"M00421","AS","Budget Round Created","HL2020-2021"
"M00421","AS","Active","Y"
"M00421","AS","Funding Life","terminating"
"M00421","AA","CBMS","104251"
"M00422","AS","Termination Year","2021-2022"
"M00422","AS","title","COAG Energy Council"
"M00422","AS","Budget Round Created","HL2020-2021"
"M00422","AS","Active","Y"
"M00422","AS","Funding Life","terminating"
"M00422","AA","CBMS","104140"
"M00423","AS","Termination Year","2022-2023"
"M00423","AS","title","Cyber Security in the Energy Sector"
"M00423","AS","Budget Round Created","HL2020-2021"
"M00423","AS","Active","Y"
"M00423","AS","Funding Life","terminating"
"M00423","AA","CBMS","104239"
"M00424","AS","Termination Year","2024-2025"
"M00424","AS","title","Better Emissions and Energy Data Management and Reporting"
"M00424","AS","Budget Round Created","HL2020-2021"
"M00424","AS","Active","Y"
"M00424","AS","Funding Life","terminating"
"M00424","AA","CBMS","104237"
"M00425","AS","Termination Year","2022-2023"
"M00425","AS","title","Funding for continuing the administration of the Underwriting New Generation Investments (UNGI) Program"
"M00425","AS","Budget Round Created","HL2020-2021"
"M00425","AS","Active","Y"
"M00425","AS","Funding Life","terminating"
"M00425","AA","CBMS","104236"
"M00426","AS","Termination Year","2021-2022"
"M00426","AS","title","Further Support for CopperString 2.0 Project"
"M00426","AS","Budget Round Created","HL2020-2021"
"M00426","AS","Active","Y"
"M00426","AS","Funding Life","terminating"
"M00426","AA","CBMS","104249"
"M00427","AS","Termination Year","2022-2023"
"M00427","AS","title","Building community support for a Gas fired recovery"
"M00427","AS","Budget Round Created","HL2020-2021"
"M00427","AS","Active","Y"
"M00427","AS","Funding Life","terminating"
"M00427","AA","CBMS","104252"
"M00428","AS","title","Payment Times Procurement Connected Policy"
"M00428","AS","Budget Round Created","HL2020-2021"
"M00428","AS","Active","Y"
"M00428","AS","Funding Life","ongoing"
"M00428","AA","CBMS","104214"
"M00429","AS","Termination Year","2024-2025"
"M00429","AS","title","Long term management of Australia’s radioactive waste"
"M00429","AS","Budget Round Created","HL2020-2021"
"M00429","AS","Active","Y"
"M00429","AS","Funding Life","terminating"
"M00429","AA","CBMS","104164"
"M00430","AS","Termination Year","2024-2025"
"M00430","AS","title","Delivering cyber security career pathways for a secure digital economy"
"M00430","AS","Budget Round Created","HL2020-2021"
"M00430","AS","Active","Y"
"M00430","AS","Funding Life","terminating"
"M00430","AA","CBMS","104243"
"M00431","AS","Termination Year","2024-2025"
"M00431","AS","title","Northern Australia Infrastructure Facility Investment Period Extension"
"M00431","AS","Budget Round Created","HL2020-2021"
"M00431","AS","Active","Y"
"M00431","AS","Funding Life","terminating"
"M00431","AA","CBMS","104171"
"M00432","AS","Termination Year","2022-2023"
"M00432","AS","title","Supporting SMEs to build their cyber security resilience"
"M00432","AS","Budget Round Created","HL2020-2021"
"M00432","AS","Active","Y"
"M00432","AS","Funding Life","terminating"
"M00432","AA","CBMS","104244"
"M00433","AS","Termination Year","2024-2025"
"M00433","AS","title","AISRF - New Initiatives for a Comprehensive Strategic Partnership with India"
"M00433","AS","Budget Round Created","HL2020-2021"
"M00433","AS","Active","Y"
"M00433","AS","Funding Life","terminating"
"M00433","AA","CBMS","104210"
"M00434","AS","Termination Year","2024-2025"
"M00434","AS","title","Resourcing to Support State Energy and Emissions Reduction Deals"
"M00434","AS","Budget Round Created","HL2020-2021"
"M00434","AS","Active","Y"
"M00434","AS","Funding Life","terminating"
"M00434","AA","CBMS","104235"
"M00435","AS","Termination Year","2024-2025"
"M00435","AS","title","Accelerating the Digital Capability of Australian Businesses"
"M00435","AS","Budget Round Created","HL2020-2021"
"M00435","AS","Active","Y"
"M00435","AS","Funding Life","terminating"
"M00435","AA","CBMS","104398"
"M00436","AS","Termination Year","2021-2022"
"M00436","AS","title","Digital Skills Finder Platform"
"M00436","AS","Budget Round Created","HL2020-2021"
"M00436","AS","Active","Y"
"M00436","AS","Funding Life","terminating"
"M00436","AA","CBMS","104402"
"M00437","AS","Termination Year","2023-2024"
"M00437","AS","title","Boosting Australia's Influence on International Standards"
"M00437","AS","Budget Round Created","HL2020-2021"
"M00437","AS","Active","Y"
"M00437","AS","Funding Life","terminating"
"M00437","AA","CBMS","104401"
"M00438","AS","Termination Year","2021-2022"
"M00438","AS","title","Supporting Small Business to Go Digital Post-COVID 19"
"M00438","AS","Budget Round Created","HL2020-2021"
"M00438","AS","Active","Y"
"M00438","AS","Funding Life","terminating"
"M00438","AA","CBMS","104403"
"M00439","AS","Termination Year","2022-2023"
"M00439","AS","title","Reducing Business Compliance Costs through Blockchain"
"M00439","AS","Budget Round Created","HL2020-2021"
"M00439","AS","Active","Y"
"M00439","AS","Funding Life","terminating"
"M00439","AA","CBMS","104400"
"M00440","AS","Termination Year","2024-2025"
"M00440","AS","title","Regulatory Technology Innovation Challenges"
"M00440","AS","Budget Round Created","HL2020-2021"
"M00440","AS","Active","Y"
"M00440","AS","Funding Life","terminating"
"M00440","AA","CBMS","104399"
"M00441","AS","Active","N"
"M00441","AS","Funding Life","terminating"
"M00442","AS","Termination Year","2024-2025"
"M00442","AS","title","Implementing the Technology Investment Roadmap"
"M00442","AS","Budget Round Created","HL2020-2021"
"M00442","AS","Active","Y"
"M00442","AS","Funding Life","terminating"
"M00442","AA","CBMS","104404"
"M00443","AS","Termination Year","2024-2025"
"M00443","AS","title","Ensuring Australia's Future Women in STEM can Contribute to the Australia Economy"
"M00443","AS","Budget Round Created","HL2020-2021"
"M00443","AS","Active","Y"
"M00443","AS","Funding Life","terminating"
"M00443","AA","CBMS","104499"
"M00444","AS","Termination Year","2025-2026"
"M00444","AS","title","Boosting Female Founders Initiative - Expansion"
"M00444","AS","Budget Round Created","HL2020-2021"
"M00444","AS","Active","Y"
"M00444","AS","Funding Life","terminating"
"M00444","AA","CBMS","104496"
"M00445","AS","Termination Year","2022-2023"
"M00445","AS","title","Legislative Changes to Enable Further Abatement and Growth of the Offshore Renewable Energy Sector"
"M00445","AS","Budget Round Created","HL2020-2021"
"M00445","AS","Active","Y"
"M00445","AS","Funding Life","terminating"
"M00445","AA","CBMS","104406"
"M00446","AS","Termination Year","2025-2026"
"M00446","AS","title","Enabling markets, supporting communities and boosting energy productivity in the building sector"
"M00446","AS","Budget Round Created","HL2020-2021"
"M00446","AS","Active","Y"
"M00446","AS","Funding Life","terminating"
"M00446","AA","CBMS","104405"
"M00447","AS","Termination Year","2032-2033"
"M00447","AS","title","ARENA Funding and Legislative Reform"
"M00447","AS","Budget Round Created","HL2020-2021"
"M00447","AS","Active","Y"
"M00447","AS","Funding Life","terminating"
"M00447","AA","CBMS","104376"
"M00448","AS","Termination Year","2024-2025"
"M00448","AS","title","Future Fuels package"
"M00448","AS","Budget Round Created","HL2020-2021"
"M00448","AS","Active","Y"
"M00448","AS","Funding Life","terminating"
"M00448","AA","CBMS","104375"
"M00449","AS","Termination Year","2026-2027"
"M00449","AS","title","King Review Technology Co-Investment Fund"
"M00449","AS","Budget Round Created","HL2020-2021"
"M00449","AS","Active","Y"
"M00449","AS","Funding Life","terminating"
"M00449","AA","CBMS","104372"
"M00450","AS","Termination Year","2030-2031"
"M00450","AS","title","International Fuel Security Actions"
"M00450","AS","Budget Round Created","HL2020-2021"
"M00450","AS","Active","Y"
"M00450","AS","Funding Life","terminating"
"M00450","AA","CBMS","104544"
"M00451","AS","Termination Year","2025-2026"
"M00451","AS","title","Activating Regional Hydrogen Export Hubs"
"M00451","AS","Budget Round Created","HL2020-2021"
"M00451","AS","Active","Y"
"M00451","AS","Funding Life","terminating"
"M00451","AA","CBMS","104374"
"M00452","AS","Termination Year","2025-2026"
"M00452","AS","title","Implementing Australia’s fuel storage program"
"M00452","AS","Budget Round Created","HL2020-2021"
"M00452","AS","Active","Y"
"M00452","AS","Funding Life","terminating"
"M00452","AA","CBMS","104481"
"M00453","AS","Termination Year","2021-2022"
"M00453","AS","title","Australia's Gas Plan"
"M00453","AS","Budget Round Created","HL2020-2021"
"M00453","AS","Active","Y"
"M00453","AS","Funding Life","terminating"
"M00453","AA","CBMS","104545"
"M00454","AS","title","Removing application fees for fuel standards variations"
"M00454","AS","Budget Round Created","HL2020-2021"
"M00454","AS","Active","Y"
"M00454","AS","Funding Life","ongoing"
"M00454","AA","CBMS","104543"
"M00455","AS","Termination Year","2021-2022"
"M00455","AS","title","Support Critical Transmission Projects"
"M00455","AS","Budget Round Created","HL2020-2021"
"M00455","AS","Active","Y"
"M00455","AS","Funding Life","terminating"
"M00455","AA","CBMS","104248"
"M00456","AS","Termination Year","2024-2025"
"M00456","AS","title","Deploying the Climate Solutions Fund and Offsets"
"M00456","AS","Budget Round Created","HL2020-2021"
"M00456","AS","Active","Y"
"M00456","AS","Funding Life","terminating"
"M00456","AA","CBMS","104371"
"M00457","AS","Termination Year","2024-2025"
"M00457","AS","title","Improving Fuel Market Information"
"M00457","AS","Budget Round Created","HL2020-2021"
"M00457","AS","Active","Y"
"M00457","AS","Funding Life","terminating"
"M00457","AA","CBMS","104542"
"M00458","AS","Termination Year","2021-2022"
"M00458","AS","title","The design of a regulatory and market-based framework"
"M00458","AS","Budget Round Created","HL2020-2021"
"M00458","AS","Active","Y"
"M00458","AS","Funding Life","terminating"
"M00458","AA","CBMS","104480"
"M00459","AS","Termination Year","2021-2022"
"M00459","AS","title","PARTIAL COST RECOVERY UNDER THE SPACE (LAUNCHES AND RETURNS)"
"M00459","AS","Budget Round Created","HL2020-2021"
"M00459","AS","Active","Y"
"M00459","AS","Funding Life","terminating"
"M00459","AA","CBMS","104172"
"M00460","AS","Termination Year","2023-2024"
"M00460","AS","title","Carbon Capture Use and Storage"
"M00460","AS","Budget Round Created","HL2020-2021"
"M00460","AS","Active","Y"
"M00460","AS","Funding Life","terminating"
"M00460","AA","CBMS","104648"
"M00461","AS","Termination Year","2021-2022"
"M00461","AS","title","Business Balance"
"M00461","AS","Budget Round Created","HL2020-2021"
"M00461","AS","Active","Y"
"M00461","AS","Funding Life","terminating"
"M00461","AA","CBMS","104646"
"M00462","AS","Termination Year","2022-2023"
"M00462","AS","title","Savings Measure - SME Export Hubs Initiative"
"M00462","AS","Budget Round Created","HL2020-2021"
"M00462","AS","Active","Y"
"M00462","AS","Funding Life","terminating"
"M00462","AA","CBMS","104213"
"M00463","AS","Termination Year","2024-2025"
"M00463","AS","title","Second Pass Detailed Business Case Development for Modernising Business Registers"
"M00463","AS","Budget Round Created","HL2020-2021"
"M00463","AS","Active","Y"
"M00463","AS","Funding Life","terminating"
"M00463","AA","CBMS","104583"
"M00464","AS","Termination Year","2023-2024"
"M00464","AS","title","Modern Manufacturing Strategy Fund"
"M00464","AS","Budget Round Created","HL2020-2021"
"M00464","AS","Active","Y"
"M00464","AS","Funding Life","terminating"
"M00464","AA","CBMS","104578"
"M00465","AS","Termination Year","2026-2027"
"M00465","AS","title","NAIF Comeback"
"M00465","AS","Budget Round Created","HL2020-2021"
"M00465","AS","Active","Y"
"M00465","AS","Funding Life","terminating"
"M00465","AA","CBMS","104484"
"M00466","AS","title","Advanced Manufacturing Facility and Vehicle to Grid Trial"
"M00466","AS","Budget Round Created","HL2020-2021"
"M00466","AS","Active","Y"
"M00466","AS","Funding Life","ongoing"
"M00466","AA","CBMS","104709"
"M00467","AS","title","Steel Processing and galvanising plant in Whyalla - Upgrade"
"M00467","AS","Budget Round Created","HL2020-2021"
"M00467","AS","Active","Y"
"M00467","AS","Funding Life","ongoing"
"M00467","AA","CBMS","104724"
"M00468","AS","Termination Year","2021-2022"
"M00468","AS","title","Delta Electricity Vales Point Power Station - Capital Upgrade"
"M00468","AS","Budget Round Created","HL2020-2021"
"M00468","AS","Active","Y"
"M00468","AS","Funding Life","terminating"
"M00468","AA","CBMS","104778"
"M00469","AS","Termination Year","6-57-7"
"M00469","AS","title","NAIF - Enhancing/Comeback measure"
"M00469","AS","Budget Round Created","HL2020-2021"
"M00469","AS","Active","Y"
"M00469","AS","Funding Life","terminating"
"M00470","AS","Termination Year","2023-2024"
"M00470","AS","title","NOGA"
"M00470","AS","Budget Round Created","HL2021-2022"
"M00470","AS","Active","Y"
"M00470","AS","Funding Life","terminating"
"M00470","AA","CBMS","104833"
"M00471","AS","Termination Year","6-57-7"
"M00471","AS","title","NAIF - Expanding Investment Options"
"M00471","AS","Budget Round Created","HL2021-2022"
"M00471","AS","Active","Y"
"M00471","AS","Funding Life","terminating"
"M00471","AA","CBMS","104905"
"M00472","AS","Termination Year","2024-2025"
"M00472","AS","title","Beetaloo Basin Exploration Support"
"M00472","AS","Budget Round Created","HL2021-2022"
"M00472","AS","Active","Y"
"M00472","AS","Funding Life","terminating"
"M00472","AA","CBMS","104906"
"M00473","AS","Termination Year","2021-2022"
"M00473","AS","title","Onshore Vaccine Manufacturing-mRNA"
"M00473","AS","Budget Round Created","HL2021-2022"
"M00473","AS","Active","Y"
"M00473","AS","Funding Life","terminating"
"M00473","AA","CBMS","104910"
"M00474","AS","Termination Year","2021-2022"
"M00474","AS","title","Temporary Refinery Production Payment Program"
"M00474","AS","Budget Round Created","HL2021-2022"
"M00474","AS","Active","Y"
"M00474","AS","Funding Life","terminating"
"M00474","AA","CBMS","104903"
"M00475","AS","Termination Year","2021-2022"
"M00475","AS","title","Special Adviser for Low Emissions Technology"
"M00475","AS","Budget Round Created","HL2021-2022"
"M00475","AS","Active","Y"
"M00475","AS","Funding Life","terminating"
"M00475","AA","CBMS","104937"
"M00476","AS","Termination Year","2021-2022"
"M00476","AS","title","Consumer Data Rights in the Energy Sector"
"M00476","AS","Budget Round Created","HL2021-2022"
"M00476","AS","Active","Y"
"M00476","AS","Funding Life","terminating"
"M00477","AS","title","Industry Innovation and Science Australia – future program oversight and support arrangements"
"M00477","AS","Budget Round Created","HL2021-2022"
"M00477","AS","Active","Y"
"M00477","AS","Funding Life","ongoing"
"M00478","AS","Termination Year","2024-2025"
"M00478","AS","title","Boosting Wallumbilla - Developing the Australian Gas Hub"
"M00478","AS","Budget Round Created","HL2021-2022"
"M00478","AS","Active","Y"
"M00478","AS","Funding Life","terminating"
"M00478","AA","CBMS","105136"
"M00479","AS","Termination Year","2023-2024"
"M00479","AS","title","National Gas Infrastructure Planning - further plans"
"M00479","AS","Budget Round Created","HL2021-2022"
"M00479","AS","Active","Y"
"M00479","AS","Funding Life","terminating"
"M00479","AA","CBMS","105134"
"M00480","AS","Termination Year","2022-2023"
"M00480","AS","title","Emissions Reduction Communications"
"M00480","AS","Budget Round Created","HL2021-2022"
"M00480","AS","Active","Y"
"M00480","AS","Funding Life","terminating"
"M00480","AA","CBMS","105142"
"M00481","AS","Termination Year","2023-2024"
"M00481","AS","title","Delivery of Key Energy Reforms"
"M00481","AS","Budget Round Created","HL2021-2022"
"M00481","AS","Active","Y"
"M00481","AS","Funding Life","terminating"
"M00481","AA","CBMS","105137"
"M00482","AS","Termination Year","2025-2026"
"M00482","AS","title","National Wind Farm Commissioner - Extension and Expansion"
"M00482","AS","Budget Round Created","HL2021-2022"
"M00482","AS","Active","Y"
"M00482","AS","Funding Life","terminating"
"M00482","AA","CBMS","105138"
"M00483","AS","title","Enhanced Payment Times Reporting Scheme"
"M00483","AS","Budget Round Created","HL2021-2022"
"M00483","AS","Active","Y"
"M00483","AS","Funding Life","ongoing"
"M00483","AA","CBMS","105143"
"M00484","AS","title","Goods Description Advices to Provide Financial Certainty to Australian Importers"
"M00484","AS","Budget Round Created","HL2021-2022"
"M00484","AS","Active","Y"
"M00484","AS","Funding Life","ongoing"
"M00484","AA","CBMS","105108"
"M00485","AS","title","Australian Space Agency"
"M00485","AS","Budget Round Created","HL2021-2022"
"M00485","AS","Active","Y"
"M00485","AS","Funding Life","ongoing"
"M00485","AA","CBMS","105122"
"M00486","AS","title","Making measures more targeted by using differential duties"
"M00486","AS","Budget Round Created","HL2021-2022"
"M00486","AS","Active","Y"
"M00486","AS","Funding Life","ongoing"
"M00486","AA","CBMS","105112"
"M00487","AS","title","Making help for small and medium businesses more complete through assistance with merits review"
"M00487","AS","Budget Round Created","HL2021-2022"
"M00487","AS","Active","Y"
"M00487","AS","Funding Life","ongoing"
"M00487","AA","CBMS","105116"
"M00488","AS","title","Making access to Tariff Concession Order (TCO)-based exemptions easier"
"M00488","AS","Budget Round Created","HL2021-2022"
"M00488","AS","Active","Y"
"M00488","AS","Funding Life","ongoing"
"M00488","AA","CBMS","105119"
"M00489","AS","title","Square Kilometre Array (SKA) Observatory Construction and Operations Funding"
"M00489","AS","Budget Round Created","HL2021-2022"
"M00489","AS","Active","Y"
"M00489","AS","Funding Life","ongoing"
"M00489","AA","CBMS","105274"
"M00490","AS","Termination Year","2032-2033"
"M00490","AS","title","Square Kilometre Array (SKA) radio telescope project - Regional Centre"
"M00490","AS","Budget Round Created","HL2021-2022"
"M00490","AS","Active","Y"
"M00490","AS","Funding Life","terminating"
"M00490","AA","CBMS","105135"
"M00491","AS","title","Square Kilometre Array (SKA) radio telescope project - SKA Site Readiness Plan"
"M00491","AS","Budget Round Created","HL2021-2022"
"M00491","AS","Active","Y"
"M00491","AS","Funding Life","ongoing"
"M00491","AA","CBMS","105275"
"M00492","AS","Termination Year","2022-2023"
"M00492","AS","title","SKA Optic Fire High-Speed Internet for Regional and Indigenous Australians Living Near the SKA"
"M00492","AS","Budget Round Created","HL2021-2022"
"M00492","AS","Active","Y"
"M00492","AS","Funding Life","terminating"
"M00492","AA","CBMS","105273"
"M00493","AS","Termination Year","2025-2026"
"M00493","AS","title","SME Participation in Commonwealth Procurement"
"M00493","AS","Budget Round Created","HL2021-2022"
"M00493","AS","Active","Y"
"M00493","AS","Funding Life","terminating"
"M00493","AA","CBMS","105133"
"M00494","AS","title","Clarifying the Definition of a Subsidy to Generate Legal Certainty, Ensuring Duties are Effective for Related Exporters Through Collapsing and  Giving Australian Businesses a Bigger Say in the Form of Anti-Dumping Duties"
"M00494","AS","Budget Round Created","HL2021-2022"
"M00494","AS","Active","Y"
"M00494","AS","Funding Life","ongoing"
"M00494","AA","CBMS","105189"
"M00495","AS","Termination Year","2025-2026"
"M00495","AS","title","Enabling industry to reduce energy use, improve productivity and build skills for long term change"
"M00495","AS","Budget Round Created","HL2021-2022"
"M00495","AS","Active","Y"
"M00495","AS","Funding Life","terminating"
"M00495","AA","CBMS","105117"
"M00496","AS","title","Global Science and Technology Diplomacy Fund"
"M00496","AS","Budget Round Created","HL2021-2022"
"M00496","AS","Active","Y"
"M00496","AS","Funding Life","ongoing"
"M00496","AA","CBMS","105124"
"M00497","AS","Termination Year","2025-2026"
"M00497","AS","title","Supporting growth and accountability of voluntary climate action"
"M00497","AS","Budget Round Created","HL2021-2022"
"M00497","AS","Active","Y"
"M00497","AS","Funding Life","terminating"
"M00497","AA","CBMS","105114"
"M00498","AS","Termination Year","2030-2031"
"M00498","AS","title","CCUS Hubs and Technologies Investment Stream"
"M00498","AS","Budget Round Created","HL2021-2022"
"M00498","AS","Active","Y"
"M00498","AS","Funding Life","terminating"
"M00499","AS","Termination Year","2032-2033"
"M00499","AS","title","Rum Jungle Rehabilitation Project"
"M00499","AS","Budget Round Created","HL2021-2022"
"M00499","AS","Active","Y"
"M00499","AS","Funding Life","terminating"
"M00499","AA","CBMS","105106"
"M00500","AS","Termination Year","2026-2027"
"M00500","AS","title","Land Sector Investment Stream (Soil Carbon & Livestock)"
"M00500","AS","Budget Round Created","HL2021-2022"
"M00500","AS","Active","Y"
"M00500","AS","Funding Life","terminating"
"M00501","AS","Termination Year","2026-2027"
"M00501","AS","title","Establishing a high-integrity carbon offset scheme in our region"
"M00501","AS","Budget Round Created","HL2021-2022"
"M00501","AS","Active","Y"
"M00501","AS","Funding Life","terminating"
"M00501","AA","CBMS","105120"
"M00502","AS","Termination Year","2026-2027"
"M00502","AS","title","Regional Clean Hydrogen Hubs Investment Stream"
"M00502","AS","Budget Round Created","HL2021-2022"
"M00502","AS","Active","Y"
"M00502","AS","Funding Life","terminating"
"M00503","AS","Termination Year","2022-2023"
"M00503","AS","title","Support for an Australian Fashion Certification Trade Mark"
"M00503","AS","Budget Round Created","HL2021-2022"
"M00503","AS","Active","Y"
"M00503","AS","Funding Life","terminating"
"M00503","AA","CBMS","105127"
"M00504","AS","Termination Year","2026-2027"
"M00504","AS","title","Underwriting the Portland Aluminium Smelter"
"M00504","AS","Budget Round Created","HL2021-2022"
"M00504","AS","Active","Y"
"M00504","AS","Funding Life","terminating"
"M00504","AA","CBMS","105131"
"M00505","AS","title","Franchising reforms - Implementation of Government Response to the Parliamentary Joint Committee on Corporations Financial Services"
"M00505","AS","Budget Round Created","HL2021-2022"
"M00505","AS","Active","Y"
"M00505","AS","Funding Life","ongoing"
"M00505","AA","CBMS","105141"
"M00506","AS","Termination Year","2024-2025"
"M00506","AS","title","Expansion and enhancement of the Australian Small Business Advisory Services program"
"M00506","AS","Budget Round Created","HL2021-2022"
"M00506","AS","Active","Y"
"M00506","AS","Funding Life","terminating"
"M00507","AS","Termination Year","2022-2023"
"M00507","AS","title","Go Local First Communications Campaign - second phase"
"M00507","AS","Budget Round Created","HL2021-2022"
"M00507","AS","Active","Y"
"M00507","AS","Funding Life","terminating"
"M00507","AA","CBMS","105151"
"M00508","AS","Termination Year","2031-2032"
"M00508","AS","title","Unlocking abatement in the industrial sector through the King Review Safeguard Crediting Mechanism"
"M00508","AS","Budget Round Created","HL2021-2022"
"M00508","AS","Active","Y"
"M00508","AS","Funding Life","terminating"
"M00508","AA","CBMS","105118"
"M00509","AS","Termination Year","2031-2032"
"M00509","AS","title","Investing in priority technologies and practical project-based international partnerships"
"M00509","AS","Budget Round Created","HL2021-2022"
"M00509","AS","Active","Y"
"M00509","AS","Funding Life","terminating"
"M00509","AA","CBMS","105110"
"M00510","AS","Termination Year","2024-2025"
"M00510","AS","title","Positioning the Northern Land Council to deliver in the Beetaloo"
"M00510","AS","Budget Round Created","HL2021-2022"
"M00510","AS","Active","Y"
"M00510","AS","Funding Life","terminating"
"M00510","AA","CBMS","105234"
"M00511","AS","Termination Year","2026-2027"
"M00511","AS","title","Industry, Science and Technology Programs - Reduced Funding"
"M00511","AS","Budget Round Created","HL2021-2022"
"M00511","AS","Active","Y"
"M00511","AS","Funding Life","terminating"
"M00511","AA","CBMS","105140"
"M00512","AS","Termination Year","2022-2023"
"M00512","AS","title","Realising efficiencies in the roll-out of the Strategic Basin Plans"
"M00512","AS","Budget Round Created","HL2021-2022"
"M00512","AS","Active","Y"
"M00512","AS","Funding Life","terminating"
"M00512","AA","CBMS","105236"
"M00513","AS","Termination Year","2025-2026"
"M00513","AS","title","AI solutions to build a stronger Australia"
"M00513","AS","Budget Round Created","HL2021-2022"
"M00513","AS","Active","Y"
"M00513","AS","Funding Life","terminating"
"M00513","AA","CBMS","105343"
"M00514","AS","title","National AI Centre - Lifting the AI and digital capability of Australian SMEs"
"M00514","AS","Budget Round Created","HL2021-2022"
"M00514","AS","Active","Y"
"M00514","AS","Funding Life","ongoing"
"M00514","AA","CBMS","105320"
"M00515","AS","Termination Year","2023-2024"
"M00515","AS","title","Strengthening Business in the Upper Spencer Gulf Region"
"M00515","AS","Budget Round Created","HL2021-2022"
"M00515","AS","Active","Y"
"M00515","AS","Funding Life","terminating"
"M00516","AS","Termination Year","2027-2028"
"M00516","AS","title","Next Generation AI Graduates"
"M00516","AS","Budget Round Created","HL2021-2022"
"M00516","AS","Active","Y"
"M00516","AS","Funding Life","terminating"
"M00516","AA","CBMS","105345"
"M00517","AS","Termination Year","2024-2025"
"M00517","AS","title","Funding for Refinery Fuel Quality Upgrades"
"M00517","AS","Budget Round Created","HL2021-2022"
"M00517","AS","Active","Y"
"M00517","AS","Funding Life","terminating"
"M00517","AA","CBMS","105125"
"M00518","AS","Termination Year","2026-2027"
"M00518","AS","title","Catalysing the AI Opportunity in our regions"
"M00518","AS","Budget Round Created","HL2021-2022"
"M00518","AS","Active","Y"
"M00518","AS","Funding Life","terminating"
"M00518","AA","CBMS","105346"
"M00519","AS","Termination Year","2026-2027"
"M00519","AS","title","Northern Australia Development Program"
"M00519","AS","Budget Round Created","HL2021-2022"
"M00519","AS","Active","Y"
"M00519","AS","Funding Life","terminating"
"M00519","AA","CBMS","105319"
"M00520","AS","Termination Year","2026-2027"
"M00520","AS","title","Regions of Growth"
"M00520","AS","Budget Round Created","HL2021-2022"
"M00520","AS","Active","Y"
"M00520","AS","Funding Life","terminating"
"M00520","AA","CBMS","105316"
"M00521","AS","Termination Year","2027-2028"
"M00521","AS","title","Minimum Stockholding Obligation and Fuel Security Framework"
"M00521","AS","Budget Round Created","HL2021-2022"
"M00521","AS","Active","Y"
"M00521","AS","Funding Life","terminating"
"M00521","AA","CBMS","105129"
"M00522","AS","Termination Year","2022-2023"
"M00522","AS","title","GovERP – Common Corporate APS System"
"M00522","AS","Budget Round Created","HL2021-2022"
"M00522","AS","Active","Y"
"M00522","AS","Funding Life","terminating"
"M00522","AA","CBMS","105353"
"M00523","AS","Termination Year","2024-2025"
"M00523","AS","title","Energy Market Update and Options (Liddell power station) – Hydrogen Ready Gas Infrastructure Program"
"M00523","AS","Budget Round Created","HL2021-2022"
"M00523","AS","Active","Y"
"M00523","AS","Funding Life","terminating"
"M00523","AA","CBMS","105324"
"M00524","AS","Termination Year","0-21-1"
"M00524","AS","title","National Radioactive Waste Management Facility - Save"
"M00524","AS","Budget Round Created","HL2021-2022"
"M00524","AS","Active","Y"
"M00524","AS","Funding Life","terminating"
"M00524","AA","CBMS","105280"
"M00525","AS","Termination Year","2024-2025"
"M00525","AS","title","Employment Contract Tool for small business employers"
"M00525","AS","Budget Round Created","HL2021-2022"
"M00525","AS","Active","Y"
"M00525","AS","Funding Life","terminating"
"M00525","AA","CBMS","105306"
"M00526","AS","Active","N"
"M00526","AS","Funding Life","ongoing"
"M00527","AS","Termination Year","2025-2026"
"M00527","AS","title","Empowering Gas Reliant Businesses"
"M00527","AS","Budget Round Created","HL2021-2022"
"M00527","AS","Active","Y"
"M00527","AS","Funding Life","terminating"
"M00527","AA","CBMS","105325"
"M00528","AS","title","Gas Infrastructure Investment"
"M00528","AS","Budget Round Created","HL2021-2022"
"M00528","AS","Active","Y"
"M00528","AS","Funding Life","ongoing"
"M00528","AA","CBMS","105323"
"M00529","AS","Termination Year","2024-2025"
"M00529","AS","title","Community Benefit Program extension"
"M00529","AS","Budget Round Created","HL2021-2022"
"M00529","AS","Active","Y"
"M00529","AS","Funding Life","terminating"
"M00529","AA","CBMS","105279"
"M00530","AS","Termination Year","2024-2025"
"M00530","AS","title","Mental Health and Suicide Prevention Response - Ahead for Business"
"M00530","AS","Budget Round Created","HL2021-2022"
"M00530","AS","Active","Y"
"M00530","AS","Funding Life","terminating"
"M00531","AS","title","Reliable, Responsible, Ready for the Future – Australia's Global Resources Strategy"
"M00531","AS","Budget Round Created","HL2021-2022"
"M00531","AS","Active","Y"
"M00531","AS","Funding Life","ongoing"
"M00531","AA","CBMS","105235"
"M00532","AS","title","Market analysis and accountability"
"M00532","AS","Budget Round Created","HL2021-2022"
"M00532","AS","Active","Y"
"M00532","AS","Funding Life","ongoing"
"M00532","AA","CBMS","105326"
"M00533","AS","Termination Year","2023-2024"
"M00533","AS","title","Accelerating Critical Gas Infrastructure Projects"
"M00533","AS","Budget Round Created","HL2021-2022"
"M00533","AS","Active","Y"
"M00533","AS","Funding Life","terminating"
"M00533","AA","CBMS","105321"
"M00534","AS","Termination Year","2030-2031"
"M00534","AS","title","Ensuring the Integrity of the rooftop solar PV sector"
"M00534","AS","Budget Round Created","HL2021-2022"
"M00534","AS","Active","Y"
"M00534","AS","Funding Life","terminating"
"M00534","AA","CBMS","105817"
"M00535","AS","Termination Year","2022-2023"
"M00535","AS","title","Expansion and Enhancement of the Australian Small Business Advisory Service Program"
"M00535","AS","Budget Round Created","HL2021-2022"
"M00535","AS","Active","Y"
"M00535","AS","Funding Life","terminating"
"M00535","AA","CBMS","105347"
"M00536","AS","Termination Year","3-24-4"
"M00536","AS","title","Expansion of the Cyber Security Skills Partnership"
"M00536","AS","Budget Round Created","HL2021-2022"
"M00536","AS","Active","Y"
"M00536","AS","Funding Life","terminating"
"M00536","AA","CBMS","105899"
"M00537","AS","Active","N"
"M00537","AS","Funding Life","terminating"
"M00538","AS","Termination Year","2028-2029"
"M00538","AS","title","Boosting the Next Generation of Women in STEM"
"M00538","AS","Budget Round Created","HL2021-2022"
"M00538","AS","Active","Y"
"M00538","AS","Funding Life","terminating"
"M00538","AA","CBMS","105635"
"M00539","AS","Termination Year","6-27-7"
"M00539","AS","title","Next Generation Emerging Technology Graduates"
"M00539","AS","Budget Round Created","HL2021-2022"
"M00539","AS","Active","Y"
"M00539","AS","Funding Life","terminating"
"M00539","AA","CBMS","105775"
"M00540","AS","Termination Year","2024-2025"
"M00540","AS","title","Establish renewable microgrid in Daintree community"
"M00540","AS","Budget Round Created","HL2021-2022"
"M00540","AS","Active","Y"
"M00540","AS","Funding Life","terminating"
"M00540","AA","CBMS","105814"
"M00541","AS","title","North Bowen Gas"
"M00541","AS","Budget Round Created","HL2021-2022"
"M00541","AS","Active","Y"
"M00541","AS","Funding Life","ongoing"
"M00541","AA","CBMS","105779"
"M00542","AS","title","Supporting the Port Kembla Power Station"
"M00542","AS","Budget Round Created","HL2021-2022"
"M00542","AS","Active","Y"
"M00542","AS","Funding Life","ongoing"
"M00542","AA","CBMS","105322"
"M00543","AS","Termination Year","2027-2028"
"M00543","AS","title","Fuel Security Service Payment"
"M00543","AS","Budget Round Created","HL2021-2022"
"M00543","AS","Active","Y"
"M00543","AS","Funding Life","terminating"
"M00543","AA","CBMS","105121"
"M00544","AS","Termination Year","2035-2036"
"M00544","AS","title","A scaled-up regional carbon offsets scheme"
"M00544","AS","Budget Round Created","HL2021-2022"
"M00544","AS","Active","Y"
"M00544","AS","Funding Life","terminating"
"M00545","AS","Termination Year","2023-2024"
"M00545","AS","title","NMI - Australian Sports Drug Testing Laboratory (ASDTL)"
"M00545","AS","Budget Round Created","HL2021-2022"
"M00545","AS","Active","Y"
"M00545","AS","Funding Life","terminating"
"M00545","AA","CBMS","105740"
"M00546","AS","Active","N"
"M00546","AS","Funding Life","terminating"
"M00547","AS","Active","N"
"M00547","AS","Funding Life","terminating"
"M00548","AS","Termination Year","2025-2026"
"M00548","AS","title","Snowy Hydro Limited - Kurri Kurri gas power plant"
"M00548","AS","Budget Round Created","HL2021-2022"
"M00548","AS","Active","Y"
"M00548","AS","Funding Life","terminating"
"M00548","AA","CBMS","105902"
"M00549","AS","Termination Year","2022-2023"
"M00549","AS","title","Establishment of the mRNA Vaccine Manufacturing"
"M00549","AS","Budget Round Created","HL2021-2022"
"M00549","AS","Active","Y"
"M00549","AS","Funding Life","terminating"
"M00549","AA","CBMS","105898"
"M00550","AS","Termination Year","2024-2025"
"M00550","AS","title","Reducing Emissions in the Upstream Oil and Gas Sectors"
"M00550","AS","Budget Round Created","HL2021-2022"
"M00550","AS","Active","Y"
"M00550","AS","Funding Life","terminating"
"M00550","AA","CBMS","105903"
"M00551","AS","Termination Year","2024-2025"
"M00551","AS","title","Underwriting the New Generation Investments (UNGI) Projects"
"M00551","AS","Budget Round Created","HL2021-2022"
"M00551","AS","Active","Y"
"M00551","AS","Funding Life","terminating"
"M00551","AA","CBMS","105901"
"M00552","AS","Termination Year","2024-2025"
"M00552","AS","title","M21-22-051_Supporting Energy Sector Fugitive Methane Emissions Reductions"
"M00552","AS","Budget Round Created","HL2022-2023"
"M00552","AS","Active","Y"
"M00552","AS","Funding Life","terminating"
"M00552","AA","CBMS","106102"
"M00553","AS","Termination Year","2031-2032"
"M00553","AS","title","M21-22-103_Scalable options for a high-integrity carbon offset scheme in our region"
"M00553","AS","Budget Round Created","HL2022-2023"
"M00553","AS","Active","Y"
"M00553","AS","Funding Life","terminating"
"M00553","AA","CBMS","106075"
"M00554","AS","Termination Year","2024-2025"
"M00554","AS","title","M21-22-028_Funding Boost for the National Soil Carbon Innovation Challenge"
"M00554","AS","Budget Round Created","HL2022-2023"
"M00554","AS","Active","Y"
"M00554","AS","Funding Life","terminating"
"M00554","AA","CBMS","105952"
"M00555","AS","Termination Year","2024-2025"
"M00555","AS","title","M21-22-036_National Radioactive Waste Management Facility Program"
"M00555","AS","Budget Round Created","HL2022-2023"
"M00555","AS","Active","Y"
"M00555","AS","Funding Life","terminating"
"M00556","AS","Termination Year","2025-2026"
"M00556","AS","title","M21-22-043_Strategic Basin Plan - Optimise and Discover Program"
"M00556","AS","Budget Round Created","HL2022-2023"
"M00556","AS","Active","Y"
"M00556","AS","Funding Life","terminating"
"M00556","AA","CBMS","105945"
"M00557","AS","Termination Year","2026-2027"
"M00557","AS","title","M21-22-064_Extended Clean Hydrogen Industrial Hubs"
"M00557","AS","Budget Round Created","HL2022-2023"
"M00557","AS","Active","Y"
"M00557","AS","Funding Life","terminating"
"M00557","AA","CBMS","105969"
"M00558","AS","Termination Year","2026-2027"
"M00558","AS","title","M21-22-034 Maralinga site maintenance"
"M00558","AS","Budget Round Created","HL2022-2023"
"M00558","AS","Active","Y"
"M00558","AS","Funding Life","terminating"
"M00558","AA","CBMS","106023"
"M00559","AS","Termination Year","2022-2023"
"M00559","AS","title","M21-22-105_Investigation of the Unsolicited Industry Proposal to Decommission the Northern Endeavour"
"M00559","AS","Budget Round Created","HL2022-2023"
"M00559","AS","Active","Y"
"M00559","AS","Funding Life","terminating"
"M00559","AA","CBMS","106202"
"M00560","AS","Termination Year","2023-2024"
"M00560","AS","title","M21-22-037_Northern Endeavour Decommission Readiness Program - Extension"
"M00560","AS","Budget Round Created","HL2022-2023"
"M00560","AS","Active","Y"
"M00560","AS","Funding Life","terminating"
"M00560","AA","CBMS","106200"
"M00561","AS","Termination Year","2023-2024"
"M00561","AS","title","M21-22-106_Northern Endeavour Litigation Fund"
"M00561","AS","Budget Round Created","HL2022-2023"
"M00561","AS","Active","Y"
"M00561","AS","Funding Life","terminating"
"M00561","AA","CBMS","106201"
"M00562","AS","Termination Year","2045-2046"
"M00562","AS","title","M21-22-041_Supporting Baroota Pumped Hydro Project"
"M00562","AS","Budget Round Created","HL2022-2023"
"M00562","AS","Active","Y"
"M00562","AS","Funding Life","terminating"
"M00562","AA","CBMS","106199"
"M00563","AS","Termination Year","2025-2026"
"M00563","AS","title","M21-22-030_Enabling an EV Ready Grid Package"
"M00563","AS","Budget Round Created","HL2022-2023"
"M00563","AS","Active","Y"
"M00563","AS","Funding Life","terminating"
"M00563","AA","CBMS","105985"
"M00564","AS","Active","N"
"M00564","AS","Funding Life","terminating"
"M00565","AS","Active","N"
"M00565","AS","Funding Life","terminating"
"M00566","AS","Active","N"
"M00566","AS","Funding Life","terminating"
"M00567","AS","Active","N"
"M00567","AS","Funding Life","terminating"
"M00568","AS","Termination Year","2024-2025"
"M00568","AS","title","Financing the Dinawan to Wagga Wagga Line Upgrade"
"M00568","AS","Budget Round Created","HL2022-2023"
"M00568","AS","Active","Y"
"M00568","AS","Funding Life","terminating"
"M00568","AA","CBMS","105981"
"M00569","AS","Termination Year","2024-2025"
"M00569","AS","title","Boosting Australia's Diesel Storage"
"M00569","AS","Budget Round Created","HL2022-2023"
"M00569","AS","Active","Y"
"M00569","AS","Funding Life","terminating"
"M00569","AA","CBMS","106063"
"M00570","AS","Termination Year","2022-2023"
"M00570","AS","title","Financing Early Works for HumeLink"
"M00570","AS","Budget Round Created","HL2022-2023"
"M00570","AS","Active","Y"
"M00570","AS","Funding Life","terminating"
"M00570","AA","CBMS","105979"
"M00571","AS","Termination Year","2024-2025"
"M00571","AS","title","Supporting Snowy Hydro's 660 MW Kurri Kurri Gas Power Station"
"M00571","AS","Budget Round Created","HL2022-2023"
"M00571","AS","Active","Y"
"M00571","AS","Funding Life","terminating"
"M00571","AA","CBMS","106105"
"M00572","AS","Termination Year","2024-2025"
"M00572","AS","title","UNGI prefid"
"M00572","AS","Budget Round Created","HL2022-2023"
"M00572","AS","Active","Y"
"M00572","AS","Funding Life","terminating"
"M00572","AA","CBMS","107502"
"M00573","AS","Termination Year","2024-2025"
"M00573","AS","title","Enhancing the Digital Capability of NOPSEMA and NOPTA"
"M00573","AS","Budget Round Created","HL2022-2023"
"M00573","AS","Active","Y"
"M00573","AS","Funding Life","terminating"
"M00573","AA","CBMS","106746"
"M00574","AS","Termination Year","2026-2027"
"M00574","AS","title","Fast-tracking Australia’s Access to Space"
"M00574","AS","Budget Round Created","HL2022-2023"
"M00574","AS","Active","Y"
"M00574","AS","Funding Life","terminating"
"M00574","AA","CBMS","106428"
"M00575","AS","title","M21-22-134_Australian Space Agency cost recovery deferral"
"M00575","AS","Budget Round Created","HL2022-2023"
"M00575","AS","Active","Y"
"M00575","AS","Funding Life","ongoing"
"M00575","AA","CBMS","106545"
"M00576","AS","Termination Year","2022-2023"
"M00576","AS","title","M21-22-128_Positive Energy Campaign Positive Energy Campaign (Extending emissions reduction communication program)"
"M00576","AS","Budget Round Created","HL2022-2023"
"M00576","AS","Active","Y"
"M00576","AS","Funding Life","terminating"
"M00576","AA","CBMS","106657"
"M00577","AS","Termination Year","2024-2025"
"M00577","AS","title","M21-22-044_National Space Mission for Earth Observation -T0"
"M00577","AS","Budget Round Created","HL2022-2023"
"M00577","AS","Active","Y"
"M00577","AS","Funding Life","terminating"
"M00577","AA","CBMS","107496"
"M00578","AS","title","Digital - Driving Growth of Australia’s Quantum Industry"
"M00578","AS","Budget Round Created","HL2022-2023"
"M00578","AS","Active","Y"
"M00578","AS","Funding Life","ongoing"
"M00578","AA","CBMS","107512"
"M00579","AS","Termination Year","2026-2027"
"M00579","AS","title","M21-22-081_Critical Mineral Hubs and Precincts"
"M00579","AS","Budget Round Created","HL2022-2023"
"M00579","AS","Active","Y"
"M00579","AS","Funding Life","terminating"
"M00579","AA","CBMS","106505"
"M00580","AS","Termination Year","2025-2026"
"M00580","AS","title","Alignment of DISER IST Suite: Outcome-Based Funding"
"M00580","AS","Budget Round Created","HL2022-2023"
"M00580","AS","Active","Y"
"M00580","AS","Funding Life","terminating"
"M00581","AS","Termination Year","2024-2025"
"M00581","AS","title","M21-22-070_Continuing support for regional buisnesses in areas impacted by bushfire, COVID and flood emergencies"
"M00581","AS","Budget Round Created","HL2022-2023"
"M00581","AS","Active","Y"
"M00581","AS","Funding Life","terminating"
"M00581","AA","CBMS","106400"
"M00582","AS","title","Supporting Small and Medium Enterprise Participation in Commonwealth Procurement"
"M00582","AS","Budget Round Created","HL2022-2023"
"M00582","AS","Active","Y"
"M00582","AS","Funding Life","ongoing"
"M00582","AA","CBMS","106464"
"M00583","AS","Termination Year","2023-2024"
"M00583","AS","title","M21-22-014_Critical Sustainment for Questacon"
"M00583","AS","Budget Round Created","HL2022-2023"
"M00583","AS","Active","Y"
"M00583","AS","Funding Life","terminating"
"M00583","AA","CBMS","106401"
"M00584","AS","title","M21-22-134_Australian Space Discovery Centre"
"M00584","AS","Budget Round Created","HL2022-2023"
"M00584","AS","Active","Y"
"M00584","AS","Funding Life","ongoing"
"M00584","AA","CBMS","106460"
"M00585","AS","Termination Year","2025-2026"
"M00585","AS","title","M21-22-082_Securing Strategic International Partnerships and Commercial Arrangements"
"M00585","AS","Budget Round Created","HL2022-2023"
"M00585","AS","Active","Y"
"M00585","AS","Funding Life","terminating"
"M00586","AS","title","Industry Growth Centres Initiative"
"M00586","AS","Budget Round Created","HL2022-2023"
"M00586","AS","Active","Y"
"M00586","AS","Funding Life","ongoing"
"M00586","AA","CBMS","106439"
"M00587","AS","title","Industry Growth Centres Initiative - Allocation of Remaining 2021-22 Funding"
"M00587","AS","Budget Round Created","HL2022-2023"
"M00587","AS","Active","Y"
"M00587","AS","Funding Life","ongoing"
"M00587","AA","CBMS","106440"
"M00588","AS","title","M21-22-042_Strategic Science and Technology Cooperation with India (Australian India Scientific Research Fund)"
"M00588","AS","Budget Round Created","HL2022-2023"
"M00588","AS","Active","Y"
"M00588","AS","Funding Life","ongoing"
"M00589","AS","Termination Year","2022-2023"
"M00589","AS","title","INDIA COMPREHENSIVE STRATEGIC PARTNERSHIP UPDATE"
"M00589","AS","Budget Round Created","HL2022-2023"
"M00589","AS","Active","Y"
"M00589","AS","Funding Life","terminating"
"M00589","AA","CBMS","107000"
"M00590","AS","title","M21-22-117_Consulate General in Bengaluru"
"M00590","AS","Budget Round Created","HL2022-2023"
"M00590","AS","Active","Y"
"M00590","AS","Funding Life","ongoing"
"M00590","AA","CBMS","106550"
"M00591","AS","Termination Year","2025-2026"
"M00591","AS","title","M21-22-120_Global Mining Challenge Program"
"M00591","AS","Budget Round Created","HL2022-2023"
"M00591","AS","Active","Y"
"M00591","AS","Funding Life","terminating"
"M00592","AS","Termination Year","2026-2027"
"M00592","AS","title","M21-22-123_Resources and METS Access and Preparedness Program"
"M00592","AS","Budget Round Created","HL2022-2023"
"M00592","AS","Active","Y"
"M00592","AS","Funding Life","terminating"
"M00593","AS","Termination Year","2026-2027"
"M00593","AS","title","M21-22-125_Australian Standards and Conformance Trade Enabling Program"
"M00593","AS","Budget Round Created","HL2022-2023"
"M00593","AS","Active","Y"
"M00593","AS","Funding Life","terminating"
"M00594","AS","Termination Year","2025-2026"
"M00594","AS","title","M21-22-126_Low Emissions Technology Partnership - OCALET"
"M00594","AS","Budget Round Created","HL2022-2023"
"M00594","AS","Active","Y"
"M00594","AS","Funding Life","terminating"
"M00595","AS","Termination Year","2024-2025"
"M00595","AS","title","M21-22-130_Australia-India Critical Minerals Investment Partnership - Securing Our Future Resilience"
"M00595","AS","Budget Round Created","HL2022-2023"
"M00595","AS","Active","Y"
"M00595","AS","Funding Life","terminating"
"M00596","AS","Termination Year","2026-2027"
"M00596","AS","title","M21-22-132_Expansion of the International Space Investment (ISI)"
"M00596","AS","Budget Round Created","HL2022-2023"
"M00596","AS","Active","Y"
"M00596","AS","Funding Life","terminating"
"M00597","AS","Termination Year","2025-2026"
"M00597","AS","title","Snowy Hydro Limited - balance sheet investment"
"M00597","AS","Budget Round Created","HL2022-2023"
"M00597","AS","Active","Y"
"M00597","AS","Funding Life","terminating"
"M00597","AA","CBMS","106180"
"M00598","AS","Termination Year","2025-2026"
"M00598","AS","title","HL3-35_M21-22-040_Post-2025 Energy Market Reform Implementation"
"M00598","AS","Budget Round Created","HL2022-2023"
"M00598","AS","Active","Y"
"M00598","AS","Funding Life","terminating"
"M00598","AA","CBMS","106689"
"M00599","AS","Termination Year","2023-2024"
"M00599","AS","title","M21-22-068_Building a World-Class Onshore RNA Ecosystem"
"M00599","AS","Budget Round Created","HL2022-2023"
"M00599","AS","Active","Y"
"M00599","AS","Funding Life","terminating"
"M00599","AA","CBMS","106732"
"M00600","AS","Termination Year","2023-2024"
"M00600","AS","title","M21-22-085 Space Strategic Plan and a Stronger Australian Space Industry"
"M00600","AS","Budget Round Created","HL2022-2023"
"M00600","AS","Active","Y"
"M00600","AS","Funding Life","terminating"
"M00601","AS","Termination Year","2022-2023"
"M00601","AS","title","Diesel Exhaust Fluid Security"
"M00601","AS","Budget Round Created","HL2022-2023"
"M00601","AS","Active","Y"
"M00601","AS","Funding Life","terminating"
"M00601","AA","CBMS","106751"
"M00602","AS","Termination Year","2022-2023"
"M00602","AS","title","Diesel Exhaust Fluid Security"
"M00602","AS","Budget Round Created","HL2022-2023"
"M00602","AS","Active","Y"
"M00602","AS","Funding Life","terminating"
"M00602","AA","CBMS","106750"
"M00603","AS","title","Keeping Australia's space sector soaring"
"M00603","AS","Budget Round Created","HL2022-2023"
"M00603","AS","Active","Y"
"M00603","AS","Funding Life","ongoing"
"M00603","AA","CBMS","107083"
"M00604","AS","title","Driving Australia's Quantum Growth"
"M00604","AS","Budget Round Created","HL2022-2023"
"M00604","AS","Active","Y"
"M00604","AS","Funding Life","ongoing"
"M00605","AS","Termination Year","2023-2024"
"M00605","AS","title","Ensuring Australia's Measurement Science Capability"
"M00605","AS","Budget Round Created","HL2022-2023"
"M00605","AS","Active","Y"
"M00605","AS","Funding Life","terminating"
"M00605","AA","CBMS","106846"
"M00606","AS","Termination Year","2026-2027"
"M00606","AS","title","Fast-tracking Australia's Access to Space"
"M00606","AS","Budget Round Created","HL2022-2023"
"M00606","AS","Active","Y"
"M00606","AS","Funding Life","terminating"
"M00606","AA","CBMS","107078"
"M00607","AS","Termination Year","2023-2024"
"M00607","AS","title","Manufacturing Investment Plans"
"M00607","AS","Budget Round Created","HL2022-2023"
"M00607","AS","Active","Y"
"M00607","AS","Funding Life","terminating"
"M00607","AA","CBMS","107494"
"M00608","AS","Termination Year","2024-2025"
"M00608","AS","title","M21-22-051_Supporting Energy Sector Methane Reductions"
"M00608","AS","Budget Round Created","HL2022-2023"
"M00608","AS","Active","Y"
"M00608","AS","Funding Life","terminating"
"M00608","AA","CBMS","107498"
"M00609","AS","title","National Space Mission for Earth Observation: Australian Contribution to US Sustainable Land Imaging Program - ASA component"
"M00609","AS","Budget Round Created","HL2022-2023"
"M00609","AS","Active","Y"
"M00609","AS","Funding Life","ongoing"
"M00609","AA","CBMS","107048"
"M00610","AS","Termination Year","2024-2025"
"M00610","AS","title","Supporting Marinus Link"
"M00610","AS","Budget Round Created","HL2022-2023"
"M00610","AS","Active","Y"
"M00610","AS","Funding Life","terminating"
"M00610","AA","CBMS","106873"
"M00611","AS","Termination Year","2024-2025"
"M00611","AS","title","Australia-India Critical Minerals Investment Partnership - Securing Our Future Resiliance"
"M00611","AS","Budget Round Created","HL2022-2023"
"M00611","AS","Active","Y"
"M00611","AS","Funding Life","terminating"
"M00612","AS","title","Strategic Science and Technology Cooperation with India (Australian India Scientific Research Fund)"
"M00612","AS","Budget Round Created","HL2022-2023"
"M00612","AS","Active","Y"
"M00612","AS","Funding Life","ongoing"
"M00613","AS","title","Industry Growth Centres Initiative Save"
"M00613","AS","Budget Round Created","HL2022-2023"
"M00613","AS","Active","Y"
"M00613","AS","Funding Life","ongoing"
"M00613","AA","CBMS","107492"
"M00614","AS","Termination Year","2029-2030"
"M00614","AS","title","Leveraging momentum to improve pathways for women in STEM"
"M00614","AS","Budget Round Created","HL2022-2023"
"M00614","AS","Active","Y"
"M00614","AS","Funding Life","terminating"
"M00614","AA","CBMS","107001"
"M00615","AS","Termination Year","2025-2026"
"M00615","AS","title","Amplifying the visibility of women who are future leaders in STEM"
"M00615","AS","Budget Round Created","HL2022-2023"
"M00615","AS","Active","Y"
"M00615","AS","Funding Life","terminating"
"M00615","AA","CBMS","107002"
"M00616","AS","Termination Year","2026-2027"
"M00616","AS","title","M21-22-125_Australian Trade Standards and Conformance Program"
"M00616","AS","Budget Round Created","HL2022-2023"
"M00616","AS","Active","Y"
"M00616","AS","Funding Life","terminating"
"M00617","AS","Termination Year","2022-2023"
"M00617","AS","title","M21-22-121_IEA Clean Energy Transitions Program – contribution"
"M00617","AS","Budget Round Created","HL2022-2023"
"M00617","AS","Active","Y"
"M00617","AS","Funding Life","terminating"
"M00618","AS","Termination Year","2027-2028"
"M00618","AS","title","B22-23-056: Critical Minerals Accelerator Initiative"
"M00618","AS","Budget Round Created","HL2022-2023"
"M00618","AS","Active","Y"
"M00618","AS","Funding Life","terminating"
"M00618","AA","CBMS","106932"
"M00619","AS","Termination Year","2025-2026"
"M00619","AS","title","B22-23-013_Virtual National Critical Minerals Research and Development Centre"
"M00619","AS","Budget Round Created","HL2022-2023"
"M00619","AS","Active","Y"
"M00619","AS","Funding Life","terminating"
"M00619","AA","CBMS","106935"
"M00620","AS","Active","N"
"M00620","AS","Funding Life","terminating"
"M00621","AS","Termination Year","2024-2025"
"M00621","AS","title","B22-23-003_Accelerating Priority Gas Infrastructure"
"M00621","AS","Budget Round Created","HL2022-2023"
"M00621","AS","Active","Y"
"M00621","AS","Funding Life","terminating"
"M00621","AA","CBMS","107073"
"M00622","AS","Termination Year","2024-2025"
"M00622","AS","title","B22-23-002_Reducing regulatory barriers and enabling low-emissions product markets"
"M00622","AS","Budget Round Created","HL2022-2023"
"M00622","AS","Active","Y"
"M00622","AS","Funding Life","terminating"
"M00622","AA","CBMS","107074"
"M00623","AS","Termination Year","2025-2026"
"M00623","AS","title","B22-23-054_Valuing scientific expertise through the Prime Minister's National Science and Technology Council and Prime Minister's Prizes for Science"
"M00623","AS","Budget Round Created","HL2022-2023"
"M00623","AS","Active","Y"
"M00623","AS","Funding Life","terminating"
"M00623","AA","CBMS","107065"
"M00624","AS","title","B22-23-008_ Protecting Australia’s National Interest in Critical and Emerging Technologies"
"M00624","AS","Budget Round Created","HL2022-2023"
"M00624","AS","Active","Y"
"M00624","AS","Funding Life","ongoing"
"M00624","AA","CBMS","107199"
"M00625","AS","Termination Year","2025-2026"
"M00625","AS","title","B22-23-044_Manufacturing Modernisation Fund Round 3 - Technology"
"M00625","AS","Budget Round Created","HL2022-2023"
"M00625","AS","Active","Y"
"M00625","AS","Funding Life","terminating"
"M00625","AA","CBMS","107207"
"M00626","AS","Termination Year","2023-2024"
"M00626","AS","title","B22-23-023_International Space Investment Program"
"M00626","AS","Budget Round Created","HL2022-2023"
"M00626","AS","Active","Y"
"M00626","AS","Funding Life","terminating"
"M00626","AA","CBMS","107211"
"M00627","AS","Termination Year","2023-2024"
"M00627","AS","title","B22-23-071_ Strengthening Business Expansion (QLD and NSW)"
"M00627","AS","Budget Round Created","HL2022-2023"
"M00627","AS","Active","Y"
"M00627","AS","Funding Life","terminating"
"M00627","AA","CBMS","107266"
"M00628","AS","Active","N"
"M00628","AS","Funding Life","terminating"
"M00629","AS","title","B22-23-010_Manufacturing Transformation Board"
"M00629","AS","Budget Round Created","HL2022-2023"
"M00629","AS","Active","Y"
"M00629","AS","Funding Life","ongoing"
"M00629","AA","CBMS","107234"
"M00630","AS","Termination Year","2026-2027"
"M00630","AS","title","B22-23-060_Powering Business Program"
"M00630","AS","Budget Round Created","HL2022-2023"
"M00630","AS","Active","Y"
"M00630","AS","Funding Life","terminating"
"M00631","AS","title","B22-23-035_Patent Box for Low Emissions Technology"
"M00631","AS","Budget Round Created","HL2022-2023"
"M00631","AS","Active","Y"
"M00631","AS","Funding Life","ongoing"
"M00631","AA","CBMS","107220"
"M00632","AS","Termination Year","2024-2025"
"M00632","AS","title","B22-23-050_Supply Chain Resilience Initiative - Comeback"
"M00632","AS","Budget Round Created","HL2022-2023"
"M00632","AS","Active","Y"
"M00632","AS","Funding Life","terminating"
"M00632","AA","CBMS","107274"
"M00633","AS","Termination Year","2027-2028"
"M00633","AS","title","B22-23-046_Securing Domestic Production of Urea During a Period of Elevated Global Prices (NFP)"
"M00633","AS","Budget Round Created","HL2022-2023"
"M00633","AS","Active","Y"
"M00633","AS","Funding Life","terminating"
"M00633","AA","CBMS","107273"
"M00634","AS","Termination Year","2026-2027"
"M00634","AS","title","B22-23-011_ Growing clean hydrogen industrial hubs and demand by partnering with industry and regions"
"M00634","AS","Budget Round Created","HL2022-2023"
"M00634","AS","Active","Y"
"M00634","AS","Funding Life","terminating"
"M00634","AA","CBMS","107205"
"M00635","AS","Active","N"
"M00635","AS","Funding Life","ongoing"
"M00636","AS","Termination Year","2024-2025"
"M00636","AS","title","B22-23-021_ Sporting Integrity Australia –Funding"
"M00636","AS","Budget Round Created","HL2022-2023"
"M00636","AS","Active","Y"
"M00636","AS","Funding Life","terminating"
"M00636","AA","CBMS","107364"
"M00637","AS","Termination Year","2025-2026"
"M00637","AS","title","B22-23-055_Increasing soil carbon on a nationally-significant scale"
"M00637","AS","Budget Round Created","HL2022-2023"
"M00637","AS","Active","Y"
"M00637","AS","Funding Life","terminating"
"M00637","AA","CBMS","107383"
"M00638","AS","Termination Year","2026-2027"
"M00638","AS","title","B22-23-072_Supporting Women in Manufacturing"
"M00638","AS","Budget Round Created","HL2022-2023"
"M00638","AS","Active","Y"
"M00638","AS","Funding Life","terminating"
"M00638","AA","CBMS","107442"
"M00639","AS","Active","N"
"M00639","AS","Funding Life","terminating"
"M00640","AS","title","B22-23-059_Powering Communities Program Round Two"
"M00640","AS","Budget Round Created","HL2022-2023"
"M00640","AS","Active","Y"
"M00640","AS","Funding Life","ongoing"
"M00641","AS","title","B22-23-007_Major Project Facilitation Agency - options"
"M00641","AS","Budget Round Created","HL2022-2023"
"M00641","AS","Active","Y"
"M00641","AS","Funding Life","ongoing"
"M00642","AS","Termination Year","2026-2027"
"M00642","AS","title","B22-23-061_Business Energy Advice Program"
"M00642","AS","Budget Round Created","HL2022-2023"
"M00642","AS","Active","Y"
"M00642","AS","Funding Life","terminating"
"M00643","AS","Termination Year","2023-2024"
"M00643","AS","title","B22-23-077 - Support for Ukraine"
"M00643","AS","Budget Round Created","HL2022-2023"
"M00643","AS","Active","Y"
"M00643","AS","Funding Life","terminating"
"M00643","AA","CBMS","107138"
"M00644","AS","Termination Year","2026-2027"
"M00644","AS","title","M21-22-100_mRNA vaccine manufacturing"
"M00644","AS","Budget Round Created","HL2022-2023"
"M00644","AS","Active","Y"
"M00644","AS","Funding Life","terminating"
"M00644","AA","CBMS","107501"
"M00645","AS","Termination Year","2030-2031"
"M00645","AS","title","Release of Australian Crude Oil Stocks held in the US SPR"
"M00645","AS","Budget Round Created","HL2022-2023"
"M00645","AS","Active","Y"
"M00645","AS","Funding Life","terminating"
"M00645","AA","CBMS","107510"
"M00646","AS","Termination Year","2023-2024"
"M00646","AS","title","R22-23-098_Pathway to diversity in STEM"
"M00646","AS","Budget Round Created","HL2022-2023"
"M00646","AS","Active","Y"
"M00646","AS","Funding Life","terminating"
"M00646","AA","CBMS","107728"
"M00647","AS","Termination Year","2027-2028"
"M00647","AS","title","R22-23-103_Savings from the Critical Urea Production Payment"
"M00647","AS","Budget Round Created","HL2022-2023"
"M00647","AS","Active","Y"
"M00647","AS","Funding Life","terminating"
"M00647","AA","CBMS","107769"
"M00648","AS","Termination Year","2026-2027"
"M00648","AS","title","R22-23-043_Increasing Transparency in the Diesel Exhaust Fluid Market"
"M00648","AS","Budget Round Created","HL2022-2023"
"M00648","AS","Active","Y"
"M00648","AS","Funding Life","terminating"
"M00648","AA","CBMS","107771"
"M00649","AS","Termination Year","2027-2028"
"M00649","AS","title","R22-23-045_Increasing Security for the Diesel Exhaust Fluid Market"
"M00649","AS","Budget Round Created","HL2022-2023"
"M00649","AS","Active","Y"
"M00649","AS","Funding Life","terminating"
"M00649","AA","CBMS","107773"
"M00650","AS","Termination Year","2024-2025"
"M00650","AS","title","R22-23-015_Mandatory Country of Origin Labelling for the Seafood Sector"
"M00650","AS","Budget Round Created","HL2022-2023"
"M00650","AS","Active","Y"
"M00650","AS","Funding Life","terminating"
"M00650","AA","CBMS","107761"
"M00651","AS","Termination Year","2026-2027"
"M00651","AS","title","R22-23-033_Entrepreneurs' Programme - Reduce uncommitted funding"
"M00651","AS","Budget Round Created","HL2022-2023"
"M00651","AS","Active","Y"
"M00651","AS","Funding Life","terminating"
"M00651","AA","CBMS","107779"
"M00652","AS","Termination Year","2025-2026"
"M00652","AS","title","Local Industry Grants"
"M00652","AS","Budget Round Created","HL2022-2023"
"M00652","AS","Active","Y"
"M00652","AS","Funding Life","terminating"
"M00652","AA","CBMS","107782"
"M00653","AS","Termination Year","2024-2025"
"M00653","AS","title","R22-23-034_Re-prioritising unallocated Modern Manufacturing Initiative Funding and Thermochemical Conversion Technology"
"M00653","AS","Budget Round Created","HL2022-2023"
"M00653","AS","Active","Y"
"M00653","AS","Funding Life","terminating"
"M00653","AA","CBMS","107776"
"M00654","AS","Termination Year","2026-2027"
"M00654","AS","title","R22-23-052_Supporting Australia’s Textile, Clothing and Footwear Industry"
"M00654","AS","Budget Round Created","HL2022-2023"
"M00654","AS","Active","Y"
"M00654","AS","Funding Life","terminating"
"M00654","AA","CBMS","107759"
"M00655","AS","Termination Year","2026-2027"
"M00655","AS","title","R22-23-012_National Rail Manufacturing Plan"
"M00655","AS","Budget Round Created","HL2022-2023"
"M00655","AS","Active","Y"
"M00655","AS","Funding Life","terminating"
"M00655","AA","CBMS","107760"
"M00656","AS","Termination Year","2025-2026"
"M00656","AS","title","R22-23-106_Savings from the Industry and Science Portfolio"
"M00656","AS","Budget Round Created","HL2022-2023"
"M00656","AS","Active","Y"
"M00656","AS","Funding Life","terminating"
"M00656","AA","CBMS","107772"
"M00657","AS","Termination Year","2025-2026"
"M00657","AS","title","R22-23-031_Extending Questacon's Education Outreach"
"M00657","AS","Budget Round Created","HL2022-2023"
"M00657","AS","Active","Y"
"M00657","AS","Funding Life","terminating"
"M00657","AA","CBMS","107765"
"M00658","AS","title","R22-23-060_Continued resourcing for whole-of-government critical technology policy and advice"
"M00658","AS","Budget Round Created","HL2022-2023"
"M00658","AS","Active","Y"
"M00658","AS","Funding Life","ongoing"
"M00658","AA","CBMS","107763"
"M00659","AS","Termination Year","2026-2027"
"M00659","AS","title","R22-23-017_Support for Quantum Researchers"
"M00659","AS","Budget Round Created","HL2022-2023"
"M00659","AS","Active","Y"
"M00659","AS","Funding Life","terminating"
"M00659","AA","CBMS","107762"
"M00660","AS","Termination Year","2023-2024"
"M00660","AS","title","R22-23-037_Gas market - options to secure supply"
"M00660","AS","Budget Round Created","HL2022-2023"
"M00660","AS","Active","Y"
"M00660","AS","Funding Life","terminating"
"M00660","AA","CBMS","107680"
"M00661","AS","Active","N"
"M00661","AS","Funding Life","terminating"
"M00662","AS","Active","N"
"M00662","AS","Funding Life","terminating"
"M00663","AS","Active","N"
"M00663","AS","Funding Life","terminating"
"M00664","AS","Termination Year","2026-2027"
"M00664","AS","title","Reversal of Energy and Emissions Reduction measures from March Budget"
"M00664","AS","Budget Round Created","HL2022-2023"
"M00664","AS","Active","Y"
"M00664","AS","Funding Life","terminating"
"M00664","AA","CBMS","107758"
"M00665","AS","Termination Year","2025-2026"
"M00665","AS","title","R22-23-095_Gas Market Security and Reliability"
"M00665","AS","Budget Round Created","HL2022-2023"
"M00665","AS","Active","Y"
"M00665","AS","Funding Life","terminating"
"M00665","AA","CBMS","107863"
"M00666","AS","title","R22-23-104_Transmission of National Significance and better community consultation"
"M00666","AS","Budget Round Created","HL2022-2023"
"M00666","AS","Active","Y"
"M00666","AS","Funding Life","ongoing"
"M00666","AA","CBMS","107874"
"M00667","AS","Termination Year","2026-2027"
"M00667","AS","title","R22-23-030_Enabling a Low Emission Future and Supporting Green Markets"
"M00667","AS","Budget Round Created","HL2022-2023"
"M00667","AS","Active","Y"
"M00667","AS","Funding Life","terminating"
"M00667","AA","CBMS","107860"
"M00668","AS","Termination Year","2029-2030"
"M00668","AS","title","R22-23-038_Townsville Hydrogen Hub"
"M00668","AS","Budget Round Created","HL2022-2023"
"M00668","AS","Active","Y"
"M00668","AS","Funding Life","terminating"
"M00668","AA","CBMS","107851"
"M00669","AS","Termination Year","2029-2030"
"M00669","AS","title","R22-23-027_Driving the Nation Fund - National Electric Vehicle Charging Network, National Hydrogen Highways Refuelling Network"
"M00669","AS","Budget Round Created","HL2022-2023"
"M00669","AS","Active","Y"
"M00669","AS","Funding Life","terminating"
"M00669","AA","CBMS","107872"
"M00670","AS","Termination Year","2026-2027"
"M00670","AS","title","R22-23-004_Community Batteries for Household Solar"
"M00670","AS","Budget Round Created","HL2022-2023"
"M00670","AS","Active","Y"
"M00670","AS","Funding Life","terminating"
"M00670","AA","CBMS","107849"
"M00671","AS","Termination Year","2025-2026"
"M00671","AS","title","R22-23-094_First Nations Clean Energy Strategy"
"M00671","AS","Budget Round Created","HL2022-2023"
"M00671","AS","Active","Y"
"M00671","AS","Funding Life","terminating"
"M00671","AA","CBMS","107869"
"M00672","AS","title","R22-23-059_Establishing Offshore Renewable Energy in Australia"
"M00672","AS","Budget Round Created","HL2022-2023"
"M00672","AS","Active","Y"
"M00672","AS","Funding Life","ongoing"
"M00672","AA","CBMS","107858"
"M00673","AS","Termination Year","2028-2029"
"M00673","AS","title","R22-23-091_Enhancing Australia's energy security"
"M00673","AS","Budget Round Created","HL2022-2023"
"M00673","AS","Active","Y"
"M00673","AS","Funding Life","terminating"
"M00673","AA","CBMS","107864"
"M00674","AS","Termination Year","2028-2029"
"M00674","AS","title","R22-23-064_Australia’s International Climate Step Up"
"M00674","AS","Budget Round Created","HL2022-2023"
"M00674","AS","Active","Y"
"M00674","AS","Funding Life","terminating"
"M00674","AA","CBMS","107870"
"M00675","AS","Termination Year","2024-2025"
"M00675","AS","title","R22-23-089_Enhancing energy and transmission planning frameworks"
"M00675","AS","Budget Round Created","HL2022-2023"
"M00675","AS","Active","Y"
"M00675","AS","Funding Life","terminating"
"M00675","AA","CBMS","107873"
"M00676","AS","Termination Year","2023-2024"
"M00676","AS","title","Accelerating household energy efficiency"
"M00676","AS","Budget Round Created","HL2022-2023"
"M00676","AS","Active","Y"
"M00676","AS","Funding Life","terminating"
"M00676","AA","CBMS","107859"
"M00677","AS","Termination Year","2025-2026"
"M00677","AS","title","R22-23-088_Partnership Implementation"
"M00677","AS","Budget Round Created","HL2022-2023"
"M00677","AS","Active","Y"
"M00677","AS","Funding Life","terminating"
"M00677","AA","CBMS","107871"
"M00678","AS","title","R22-23-100_Supercharging energy planning by understanding regional supply and demand"
"M00678","AS","Budget Round Created","HL2022-2023"
"M00678","AS","Active","Y"
"M00678","AS","Funding Life","ongoing"
"M00678","AA","CBMS","107867"
"M00679","AS","Termination Year","2026-2027"
"M00679","AS","title","A plan for better energy performance"
"M00679","AS","Budget Round Created","HL2022-2023"
"M00679","AS","Active","Y"
"M00679","AS","Funding Life","terminating"
"M00679","AA","CBMS","107861"
"M00680","AS","title","R22-23-085_Annual Climate Policy Parliamentary Reporting"
"M00680","AS","Budget Round Created","HL2022-2023"
"M00680","AS","Active","Y"
"M00680","AS","Funding Life","ongoing"
"M00680","AA","CBMS","107856"
"M00681","AS","title","TBA Revised India CSP Costings"
"M00681","AS","Budget Round Created","HL2022-2023"
"M00681","AS","Active","Y"
"M00681","AS","Funding Life","ongoing"
"M00682","AS","title","R22-23-029_Strong and Sustainable Agency to Deliver on Climate Change, Energy, Environment and Water"
"M00682","AS","Budget Round Created","HL2022-2023"
"M00682","AS","Active","Y"
"M00682","AS","Funding Life","ongoing"
"M00682","AA","CBMS","108027"
"M00683","AS","Termination Year","2028-2029"
"M00683","AS","title","R22-23-082 - Enhancing Australia's science and research leadership in the Asia-Pacific Region"
"M00683","AS","Budget Round Created","HL2022-2023"
"M00683","AS","Active","Y"
"M00683","AS","Funding Life","terminating"
"M00683","AA","CBMS","107768"
"M00684","AS","Termination Year","2026-2027"
"M00684","AS","title","Carbon Farming Outreach Program"
"M00684","AS","Budget Round Created","HL2022-2023"
"M00684","AS","Active","Y"
"M00684","AS","Funding Life","terminating"
"M00684","AA","CBMS","108044"
"M00685","AS","Termination Year","2025-2026"
"M00685","AS","title","Energy Efficiency Grants for Small and Medium Enterprises"
"M00685","AS","Budget Round Created","HL2022-2023"
"M00685","AS","Active","Y"
"M00685","AS","Funding Life","terminating"
"M00685","AA","CBMS","107852"
"M00686","AS","Termination Year","2028-2029"
"M00686","AS","title","R22-23-066_Commonwealth Climate Risk and Opportunity Management Program"
"M00686","AS","Budget Round Created","HL2022-2023"
"M00686","AS","Active","Y"
"M00686","AS","Funding Life","terminating"
"M00686","AA","CBMS","107868"
"M00687","AS","Termination Year","2026-2027"
"M00687","AS","title","R22-23-074_Engaging the First Nations Peoples on Climate Change"
"M00687","AS","Budget Round Created","HL2022-2023"
"M00687","AS","Active","Y"
"M00687","AS","Funding Life","terminating"
"M00687","AA","CBMS","107865"
"M00688","AS","Termination Year","2032-2033"
"M00688","AS","title","R22-23-101_Carbon Capture and Storage Utilisation Technologies Program"
"M00688","AS","Budget Round Created","HL2022-2023"
"M00688","AS","Active","Y"
"M00688","AS","Funding Life","terminating"
"M00688","AA","CBMS","108042"
"M00689","AS","Termination Year","2024-2025"
"M00689","AS","title","R22-23-003_Powering Australia - Rewiring the Nation"
"M00689","AS","Budget Round Created","HL2022-2023"
"M00689","AS","Active","Y"
"M00689","AS","Funding Life","terminating"
"M00689","AA","CBMS","107876"
"M00690","AS","Termination Year","2026-2027"
"M00690","AS","title","R22-23-132_Supporting Evidence Based Action on STEM Diversity"
"M00690","AS","Budget Round Created","HL2022-2023"
"M00690","AS","Active","Y"
"M00690","AS","Funding Life","terminating"
"M00690","AA","CBMS","108047"
"M00691","AS","Termination Year","2026-2027"
"M00691","AS","title","Accelerating Firming and Storage Capacity"
"M00691","AS","Budget Round Created","HL2022-2023"
"M00691","AS","Active","Y"
"M00691","AS","Funding Life","terminating"
"M00691","AA","CBMS","107866"
"M00692","AS","Termination Year","2029-2030"
"M00692","AS","title","R22-23-107_Gas Market – ADGSM Reform Implementation"
"M00692","AS","Budget Round Created","HL2022-2023"
"M00692","AS","Active","Y"
"M00692","AS","Funding Life","terminating"
"M00692","AA","CBMS","107887"
"M00693","AS","Termination Year","2025-2026"
"M00693","AS","title","Supporting Energy Sector Fugitive Methane"
"M00693","AS","Budget Round Created","HL2022-2023"
"M00693","AS","Active","Y"
"M00693","AS","Funding Life","terminating"
"M00693","AA","CBMS","108050"
"M00694","AS","Termination Year","2026-2027"
"M00694","AS","title","R22-23-116_Critical Minerals R&D centre"
"M00694","AS","Budget Round Created","HL2022-2023"
"M00694","AS","Active","Y"
"M00694","AS","Funding Life","terminating"
"M00694","AA","CBMS","108031"
"M00695","AS","Termination Year","2023-2024"
"M00695","AS","title","R22-23-048_Establishing the Powering the Regions"
"M00695","AS","Budget Round Created","HL2022-2023"
"M00695","AS","Active","Y"
"M00695","AS","Funding Life","terminating"
"M00695","AA","CBMS","107877"
"M00696","AS","Active","N"
"M00696","AS","Funding Life","ongoing"
"M00697","AS","title","Thermochemical Conversion Technology Trial Facility"
"M00697","AS","Budget Round Created","HL2022-2023"
"M00697","AS","Active","Y"
"M00697","AS","Funding Life","ongoing"
"M00698","AS","title","National Reconstruction Fund - Design and Agency Set Up"
"M00698","AS","Budget Round Created","HL2022-2023"
"M00698","AS","Active","Y"
"M00698","AS","Funding Life","ongoing"
"M00699","AS","Termination Year","2024-2025"
"M00699","AS","title","National Reconstruction Fund"
"M00699","AS","Budget Round Created","HL2022-2023"
"M00699","AS","Active","Y"
"M00699","AS","Funding Life","terminating"
"M00699","AA","CBMS","107791"
"M00700","AS","title","India Comprehensive Strategic Partnership Update Reframes"
"M00700","AS","Budget Round Created","HL2022-2023"
"M00700","AS","Active","Y"
"M00700","AS","Funding Life","ongoing"
"M00700","AA","CBMS","107948"
"M00701","AS","title","Critical Minerals Development Program"
"M00701","AS","Budget Round Created","HL2022-2023"
"M00701","AS","Active","Y"
"M00701","AS","Funding Life","ongoing"
"M00701","AA","CBMS","108033"
"M00702","AS","Termination Year","2024-2025"
"M00702","AS","title","Hunter Power Project - Green Hydrogen Capability"
"M00702","AS","Budget Round Created","HL2023-2024"
"M00702","AS","Active","Y"
"M00702","AS","Funding Life","terminating"
"M00702","AA","CBMS","108459"
"M00703","AS","Termination Year","2027-2028"
"M00703","AS","title","Energy Special Account - Support for National Energy Projects"
"M00703","AS","Budget Round Created","HL2023-2024"
"M00703","AS","Active","Y"
"M00703","AS","Funding Life","terminating"
"M00703","AA","CBMS","108463"
"M00704","AS","Termination Year","2027-2028"
"M00704","AS","title","Capacity Investment Scheme"
"M00704","AS","Budget Round Created","HL2023-2024"
"M00704","AS","Active","Y"
"M00704","AS","Funding Life","terminating"
"M00704","AA","CBMS","108618"
"M00705","AS","Termination Year","2027-2028"
"M00705","AS","title","Accelerating Australia's shift to EVs Package"
"M00705","AS","Budget Round Created","HL2023-2024"
"M00705","AS","Active","Y"
"M00705","AS","Funding Life","terminating"
"M00705","AA","CBMS","108258"
"M00706","AS","Termination Year","2024-2025"
"M00706","AS","title","Reform of the Product Stewardship for Oil Scheme"
"M00706","AS","Budget Round Created","HL2023-2024"
"M00706","AS","Active","Y"
"M00706","AS","Funding Life","terminating"
"M00706","AA","CBMS","108374"
"M00707","AS","Termination Year","2025-2026"
"M00707","AS","title","Vary policy authority from Food Waste to support ad hoc grant for national food waste consumer education and behaviour change program"
"M00707","AS","Budget Round Created","HL2023-2024"
"M00707","AS","Active","Y"
"M00707","AS","Funding Life","terminating"
"M00707","AA","CBMS","108229"
"M00708","AS","Termination Year","2029-2030"
"M00708","AS","title","Urban Rivers and Catchments Program - Round 2"
"M00708","AS","Budget Round Created","HL2023-2024"
"M00708","AS","Active","Y"
"M00708","AS","Funding Life","terminating"
"M00708","AA","CBMS","108328"
"M00709","AS","Termination Year","2027-2028"
"M00709","AS","title","Protect the Natural, Cultural and Economic Potential of our National Parks"
"M00709","AS","Budget Round Created","HL2023-2024"
"M00709","AS","Active","Y"
"M00709","AS","Funding Life","terminating"
"M00709","AA","CBMS","108329"
"M00710","AS","Termination Year","2024-2025"
"M00710","AS","title","Community Energy Upgrades Fund Stream"
"M00710","AS","Budget Round Created","HL2023-2024"
"M00710","AS","Active","Y"
"M00710","AS","Funding Life","terminating"
"M00711","AS","title","Guarantee of Origin of Implementation"
"M00711","AS","Budget Round Created","HL2023-2024"
"M00711","AS","Active","Y"
"M00711","AS","Funding Life","ongoing"
"M00712","AS","Active","N"
"M00712","AS","Funding Life","terminating"
"M00713","AS","Termination Year","2025-2026"
"M00713","AS","title","National Climate Adaptation and Risk Program"
"M00713","AS","Budget Round Created","HL2023-2024"
"M00713","AS","Active","Y"
"M00713","AS","Funding Life","terminating"
"M00714","AS","Termination Year","2026-2027"
"M00714","AS","title","Enabling Infrastructure to Ensure Reductions are Captured in Australia's Inventory"
"M00714","AS","Budget Round Created","HL2023-2024"
"M00714","AS","Active","Y"
"M00714","AS","Funding Life","terminating"
"M00715","AS","Termination Year","2024-2025"
"M00715","AS","title","Return of uncommitted funds from the EMS"
"M00715","AS","Budget Round Created","HL2023-2024"
"M00715","AS","Active","Y"
"M00715","AS","Funding Life","Terminating"
"M00715","AA","CBMS","108633"
"M00716","AS","Termination Year","2030-2031"
"M00716","AS","title","Carbon Capture Technologies Program - reduction in funding"
"M00716","AS","Budget Round Created","HL2023-2024"
"M00716","AS","Active","Y"
"M00716","AS","Funding Life","Terminating"
"M00716","AA","CBMS","108645"
"M00717","AS","Termination Year","2024-2025"
"M00717","AS","title","Regional Hydrogen Hub Grants Program - return unallocated funding"
"M00717","AS","Budget Round Created","HL2023-2024"
"M00717","AS","Active","Y"
"M00717","AS","Funding Life","Terminating"
"M00717","AA","CBMS","108646"
"M00718","AS","Termination Year","2025-2026"
"M00718","AS","title","National Soil Carbon Innovation Challenge - cease funding"
"M00718","AS","Budget Round Created","HL2023-2024"
"M00718","AS","Active","Y"
"M00718","AS","Funding Life","Terminating"
"M00718","AA","CBMS","108647"
"M00719","AS","Termination Year","2023-2024"
"M00719","AS","title","Energy Efficient Communities Program - return uncommitted funding"
"M00719","AS","Budget Round Created","HL2023-2024"
"M00719","AS","Active","Y"
"M00719","AS","Funding Life","Terminating"
"M00719","AA","CBMS","108648"
"M00720","AS","Termination Year","2023-2024"
"M00720","AS","title","Australia's response to US Inflation Reduction (IR) Act"
"M00720","AS","Budget Round Created","HL2023-2024"
"M00720","AS","Active","Y"
"M00720","AS","Funding Life","Terminating"
"M00720","AA","CBMS","108649"
"M00721","AS","Termination Year","2026-2027"
"M00721","AS","title","Household Energy Upgrades Fund (loans)"
"M00721","AS","Budget Round Created","HL2023-2024"
"M00721","AS","Active","Y"
"M00721","AS","Funding Life","Terminating"
"M00721","AA","CBMS","108651"
"M00722","AS","title","Household Energy Upgrades Fund - empowering actions"
"M00722","AS","Budget Round Created","HL2023-2024"
"M00722","AS","Active","Y"
"M00722","AS","Funding Life","Ongoing"
"M00722","AA","CBMS","108652"
"M00723","AS","Termination Year","2024-2025"
"M00723","AS","title","National climate adaptation and risk program"
"M00723","AS","Budget Round Created","HL2023-2024"
"M00723","AS","Active","Y"
"M00723","AS","Funding Life","Terminating"
"M00723","AA","CBMS","108770"
"M00724","AS","Termination Year","2025-2026"
"M00724","AS","title","Enabling Infrastructure to ensure emissions reductions are captured in Australia's inventory"
"M00724","AS","Budget Round Created","HL2023-2024"
"M00724","AS","Active","Y"
"M00724","AS","Funding Life","Terminating"
"M00724","AA","CBMS","108771"
"M00725","AS","title","Australian carbon credit unit (ACCU) review implementation"
"M00725","AS","Budget Round Created","HL2023-2024"
"M00725","AS","Active","Y"
"M00725","AS","Funding Life","Ongoing"
"M00725","AA","CBMS","108772"
"M00726","AS","Termination Year","2027-2028"
"M00726","AS","title","SIPS stream - Guarantee of origin implementation"
"M00726","AS","Budget Round Created","HL2023-2024"
"M00726","AS","Active","Y"
"M00726","AS","Funding Life","terminating"
"M00726","AA","CBMS","108773"
"M00727","AS","Termination Year","2029-2030"
"M00727","AS","title","Savings Proposal - Climate Change and Energy"
"M00727","AS","Budget Round Created","HL2023-2024"
"M00727","AS","Active","Y"
"M00727","AS","Funding Life","Terminating"
"M00727","AA","CBMS","108774"
"M00728","AS","Termination Year","2024-2025"
"M00728","AS","title","Competitive Hydrogen Production Credits Scheme"
"M00728","AS","Budget Round Created","HL2023-2024"
"M00728","AS","Active","Y"
"M00728","AS","Funding Life","terminating"
"M00728","AA","CBMS","108650"
"M00729","AS","Termination Year","2024-2025"
"M00729","AS","title","Waste Export Ban - delayed cost recovery"
"M00729","AS","Budget Round Created","HL2023-2024"
"M00729","AS","Active","Y"
"M00729","AS","Funding Life","terminating"
"M00729","AA","CBMS","108837"
"M00730","AS","title","Environmental Data Office"
"M00730","AS","Budget Round Created","HL2023-2024"
"M00730","AS","Active","Y"
"M00730","AS","Funding Life","ongoing"
"M00730","AA","CBMS","108325"
"M00731","AS","Termination Year","2025-2026"
"M00731","AS","title","Nature Positive Plan - better for the environment, better for business"
"M00731","AS","Budget Round Created","HL2023-2024"
"M00731","AS","Active","Y"
"M00731","AS","Funding Life","terminating"
"M00731","AA","CBMS","108326"
"M00732","AS","Termination Year","2026-2027"
"M00732","AS","title","Basin Plan Implementation"
"M00732","AS","Budget Round Created","HL2023-2024"
"M00732","AS","Active","Y"
"M00732","AS","Funding Life","terminating"
"M00732","AA","CBMS","108705"
"M00733","AS","Termination Year","2024-2025"
"M00733","AS","title","National Product Stewardship Investment Fund Program - return unallocated funding"
"M00733","AS","Budget Round Created","HL2023-2024"
"M00733","AS","Active","Y"
"M00733","AS","Funding Life","terminating"
"M00733","AA","CBMS","108419"
"M00734","AS","Termination Year","2022-2023"
"M00734","AS","title","Savings from March 2022-23 Budget Reframe"
"M00734","AS","Budget Round Created","HL2023-2024"
"M00734","AS","Active","Y"
"M00734","AS","Funding Life","terminating"
"M00734","AA","CBMS","108400"
"M00735","AS","Termination Year","2026-2027"
"M00735","AS","title","Redirection of Reed and Restoration and Adaptation Program"
"M00735","AS","Budget Round Created","HL2023-2024"
"M00735","AS","Active","Y"
"M00735","AS","Funding Life","terminating"
"M00735","AA","CBMS","108334"
"M00736","AS","Termination Year","2034-2035"
"M00736","AS","title","National Water Grid Fund - delivering commitments"
"M00736","AS","Budget Round Created","HL2023-2024"
"M00736","AS","Active","Y"
"M00736","AS","Funding Life","terminating"
"M00736","AA","CBMS","108708"
"M00737","AS","Termination Year","2026-2027"
"M00737","AS","title","National Water Reform - First Nations peoples' water ownership and role in decision making"
"M00737","AS","Budget Round Created","HL2023-2024"
"M00737","AS","Active","Y"
"M00737","AS","Funding Life","terminating"
"M00737","AA","CBMS","108929"
"M00738","AS","Termination Year","2024-2025"
"M00738","AS","title","Commencing the Nature Repair Market"
"M00738","AS","Budget Round Created","HL2023-2024"
"M00738","AS","Active","Y"
"M00738","AS","Funding Life","terminating"
"M00738","AA","CBMS","108327"
"M00739","AS","Termination Year","2025-2026"
"M00739","AS","title","System of Regulation"
"M00739","AS","Budget Round Created","HL2023-2024"
"M00739","AS","Active","Y"
"M00739","AS","Funding Life","terminating"
"M00739","AA","CBMS","108532"
"M00740","AS","Termination Year","2027-2028"
"M00740","AS","title","Establishing a National Environment Protection Agency"
"M00740","AS","Budget Round Created","HL2023-2024"
"M00740","AS","Active","Y"
"M00740","AS","Funding Life","terminating"
"M00740","AA","CBMS","108324"
"M00741","AS","Termination Year","2027-2028"
"M00741","AS","title","Mandatory Gas Code of Conduct"
"M00741","AS","Budget Round Created","HL2024-2025"
"M00741","AS","Active","Y"
"M00741","AS","Funding Life","terminating"
"M00741","AA","CBMS","109384"
"M00742","AS","Termination Year","2028-2029"
"M00742","AS","title","Community Energy Upgrade Fund"
"M00742","AS","Budget Round Created","HL2024-2025"
"M00742","AS","Active","Y"
"M00742","AS","Funding Life","terminating"
"M00742","AA","CBMS","109068"
"M00743","AS","Termination Year","2027-2028"
"M00743","AS","title","M2324-0036 Accelerated renewable industry environmental approvals"
"M00743","AS","Budget Round Created","HL2024-2025"
"M00743","AS","Active","Y"
"M00743","AS","Funding Life","terminating"
"M00743","AA","CBMS","109581"
"M00744","AS","Termination Year","2028-2029"
"M00744","AS","title","Australia-France Bilateral Roadmap"
"M00744","AS","Budget Round Created","HL2024-2025"
"M00744","AS","Active","Y"
"M00744","AS","Funding Life","terminating"
"M00744","AA","CBMS","109558"
"M00745","AS","Termination Year","2024-2025"
"M00745","AS","title","M2324-0022 Upgrades to Hobart's Macquarie Wharf 6 to deliver the Australian Antarctic Program"
"M00745","AS","Budget Round Created","HL2024-2025"
"M00745","AS","Active","Y"
"M00745","AS","Funding Life","terminating"
"M00745","AA","CBMS","109337"
"M00746","AS","Active","N"
"M00746","AS","Funding Life","terminating"
"M00747","AS","Active","N"
"M00747","AS","Funding Life","terminating"
"M00748","AS","title","Marinus Link entity establishment"
"M00748","AS","Budget Round Created","HL2024-2025"
"M00748","AS","Active","Y"
"M00748","AS","Funding Life","ongoing"
"M00748","AA","CBMS","109386"
"M00749","AS","Termination Year","2026-2027"
"M00749","AS","title","Future Market Design"
"M00749","AS","Budget Round Created","HL2024-2025"
"M00749","AS","Active","Y"
"M00749","AS","Funding Life","terminating"
"M00749","AA","CBMS","109381"
"M00750","AS","Termination Year","2024-2025"
"M00750","AS","title","Getting on with Basin Plan Implementation"
"M00750","AS","Budget Round Created","HL2024-2025"
"M00750","AS","Active","Y"
"M00750","AS","Funding Life","terminating"
"M00750","AA","CBMS","109340"
"M00751","AS","Termination Year","2025-2026"
"M00751","AS","title","Enabling the transformation to 82% renewables"
"M00751","AS","Budget Round Created","HL2024-2025"
"M00751","AS","Active","Y"
"M00751","AS","Funding Life","terminating"
"M00751","AA","CBMS","109383"
"M00752","AS","Termination Year","2043-2044"
"M00752","AS","title","Capacity Investment Scheme - Renewables Acceleration"
"M00752","AS","Budget Round Created","HL2024-2025"
"M00752","AS","Active","Y"
"M00752","AS","Funding Life","terminating"
"M00752","AA","CBMS","109380"
"M00753","AS","Termination Year","2026-2027"
"M00753","AS","title","Engaging with states and territories to accelerate Australia's renewable energy transformation"
"M00753","AS","Budget Round Created","HL2024-2025"
"M00753","AS","Active","Y"
"M00753","AS","Funding Life","terminating"
"M00753","AA","CBMS","109379"
"M00754","AS","Termination Year","2024-2025"
"M00754","AS","title","M2324-0024 Macquarie Island - Future Presence"
"M00754","AS","Budget Round Created","HL2024-2025"
"M00754","AS","Active","Y"
"M00754","AS","Funding Life","terminating"
"M00754","AA","CBMS","109338"
"M00755","AS","Termination Year","2027-2028"
"M00755","AS","title","Water Infrastructure in Support of Environmentally Sustainable Economic and Social Growth"
"M00755","AS","Budget Round Created","HL2024-2025"
"M00755","AS","Active","Y"
"M00755","AS","Funding Life","terminating"
"M00755","AA","CBMS","109341"
"M00756","AS","Active","N"
"M00756","AS","Funding Life","terminating"
"M00757","AS","Termination Year","2027-2028"
"M00757","AS","title","Funding for Murray Darling Basin First Nations to Develop Cultural Water Planning"
"M00757","AS","Budget Round Created","HL2024-2025"
"M00757","AS","Active","Y"
"M00757","AS","Funding Life","terminating"
"M00757","AA","CBMS","109552"
"M00758","AS","Termination Year","2026-2027"
"M00758","AS","title","Additional funding to support First Nations Involvement in the review of the Snowy Water License Outcomes Implementation Deed"
"M00758","AS","Budget Round Created","HL2024-2025"
"M00758","AS","Active","Y"
"M00758","AS","Funding Life","terminating"
"M00758","AA","CBMS","109549"
"M00759","AS","Termination Year","2028-2029"
"M00759","AS","title","Upper Murrumbidgee River Health (Dept)"
"M00759","AS","Budget Round Created","HL2024-2025"
"M00759","AS","Active","Y"
"M00759","AS","Funding Life","terminating"
"M00759","AA","CBMS","109517"
"M00760","AS","Termination Year","2026-2027"
"M00760","AS","title","Extending the Aboriginal Water Entitlements Program"
"M00760","AS","Budget Round Created","HL2024-2025"
"M00760","AS","Active","Y"
"M00760","AS","Funding Life","terminating"
"M00760","AA","CBMS","109515"
"M00761","AS","Termination Year","2024-2025"
"M00761","AS","title","climate change, energy, the environment and water portfolio"
"M00761","AS","Budget Round Created","HL2024-2025"
"M00761","AS","Active","Y"
"M00761","AS","Funding Life","terminating"
"M00761","AA","CBMS","109578"
"M00762","AS","Termination Year","2028-2029"
"M00762","AS","title","Inspector-General of Water Compliance Legislative Functions"
"M00762","AS","Budget Round Created","HL2024-2025"
"M00762","AS","Active","Y"
"M00762","AS","Funding Life","terminating"
"M00762","AA","CBMS","109820"
"M00763","AS","Termination Year","2028-2029"
"M00763","AS","title","Basin Plan Implementation - Voluntary Water Purchase Program"
"M00763","AS","Budget Round Created","HL2024-2025"
"M00763","AS","Active","Y"
"M00763","AS","Funding Life","terminating"
"M00763","AA","CBMS","110267"
"M00764","AS","Termination Year","2027-2028"
"M00764","AS","title","Attorney-General's Portfolio - additional resourcing"
"M00764","AS","Budget Round Created","HL2024-2025"
"M00764","AS","Active","Y"
"M00764","AS","Funding Life","terminating"
"M00764","AA","CBMS","109827"
"M00765","AS","Termination Year","2033-2034"
"M00765","AS","title","Australian Antarctic Program - additional funding"
"M00765","AS","Budget Round Created","HL2024-2025"
"M00765","AS","Active","Y"
"M00765","AS","Funding Life","terminating"
"M00765","AA","CBMS","109818"
"M00766","AS","Active","N"
"M00766","AS","Funding Life","terminating"
"M00767","AS","Termination Year","2025-2026"
"M00767","AS","title","Commonwealth Leadership for a Safe Circular Economy - continuing delivery"
"M00767","AS","Budget Round Created","HL2024-2025"
"M00767","AS","Active","Y"
"M00767","AS","Funding Life","terminating"
"M00767","AA","CBMS","110065"
"M00768","AS","Termination Year","2028-2029"
"M00768","AS","title","Jabiru Remediation - continued delivery"
"M00768","AS","Budget Round Created","HL2024-2025"
"M00768","AS","Active","Y"
"M00768","AS","Funding Life","terminating"
"M00768","AA","CBMS","109835"
"M00769","AS","title","Nature Positive Plan - additional funding"
"M00769","AS","Budget Round Created","HL2024-2025"
"M00769","AS","Active","Y"
"M00769","AS","Funding Life","ongoing"
"M00769","AA","CBMS","110062"
"M00770","AS","Termination Year","2025-2026"
"M00770","AS","title","Agriculture and Land Sectors - low emissions future"
"M00770","AS","Budget Round Created","HL2024-2025"
"M00770","AS","Active","Y"
"M00770","AS","Funding Life","terminating"
"M00770","AA","CBMS","109741"
"M00771","AS","Termination Year","2028-2029"
"M00771","AS","title","Sustaining Water Functions"
"M00771","AS","Budget Round Created","HL2024-2025"
"M00771","AS","Active","Y"
"M00771","AS","Funding Life","terminating"
"M00771","AA","CBMS","110064"
"M00772","AS","Active","N"
"M00772","AS","Funding Life","terminating"
"M00773","AS","Termination Year","2028-2029"
"M00773","AS","title","Future Made in Australia - Strengthening Approvals Process"
"M00773","AS","Budget Round Created","HL2024-2025"
"M00773","AS","Active","Y"
"M00773","AS","Funding Life","terminating"
"M00773","AA","CBMS","109816"
"M00774","AS","Active","N"
"M00774","AS","Funding Life","terminating"
"M00775","AS","Active","N"
"M00775","AS","Funding Life","ongoing"
"M00776","AS","title","Climate Change, Energy, the Environment and Water - Cost Recovery Arrangements"
"M00776","AS","Budget Round Created","HL2024-2025"
"M00776","AS","Active","Y"
"M00776","AS","Funding Life","ongoing"
"M00776","AA","CBMS","109821"
"M00777","AS","Termination Year","2024-2025"
"M00777","AS","title","Basin Plan Commitments"
"M00777","AS","Budget Round Created","HL2024-2025"
"M00777","AS","Active","Y"
"M00777","AS","Funding Life","terminating"
"M00777","AA","CBMS","110270"
"M00778","AS","Active","N"
"M00778","AS","Funding Life","ongoing"
"M00779","AS","Active","N"
"M00779","AS","Funding Life","terminating"
"M00780","AS","Active","N"
"M00780","AS","Funding Life","terminating"
"M00781","AS","Termination Year","2028-2029"
"M00781","AS","title","Snowy Hydro Limited"
"M00781","AS","Budget Round Created","HL2024-2025"
"M00781","AS","Active","Y"
"M00781","AS","Funding Life","terminating"
"M00781","AA","CBMS","110321"
"M00782","AS","Active","N"
"M00782","AS","Funding Life","ongoing"
"M00783","AS","Termination Year","2027-2028"
"M00783","AS","title","Australia's International Climate Change Engagement"
"M00783","AS","Budget Round Created","HL2024-2025"
"M00783","AS","Active","Y"
"M00783","AS","Funding Life","terminating"
"M00783","AA","CBMS","110123"
"M00784","AS","Termination Year","2028-2029"
"M00784","AS","title","Improving the Australian Carbon Credit Unit Scheme"
"M00784","AS","Budget Round Created","HL2024-2025"
"M00784","AS","Active","Y"
"M00784","AS","Funding Life","terminating"
"M00784","AA","CBMS","109955"
"M00785","AS","Active","N"
"M00785","AS","Funding Life","terminating"
"M00786","AS","Active","N"
"M00786","AS","Funding Life","terminating"
"M00787","AS","Termination Year","2028-2029"
"M00787","AS","title","New Vehicle Efficiency Standard Implementation"
"M00787","AS","Budget Round Created","HL2024-2025"
"M00787","AS","Active","Y"
"M00787","AS","Funding Life","terminating"
"M00787","AA","CBMS","109892"
"M00788","AS","Active","N"
"M00788","AS","Funding Life","terminating"
"M00789","AS","Active","N"
"M00789","AS","Funding Life","terminating"
"M00790","AS","Termination Year","2026-2027"
"M00790","AS","title","Future Made in Australia - Workforce and Trade Partnerships for Renewable Energy Superpower"
"M00790","AS","Budget Round Created","HL2024-2025"
"M00790","AS","Active","Y"
"M00790","AS","Funding Life","terminating"
"M00790","AA","CBMS","109682"
"M00791","AS","Active","N"
"M00791","AS","Funding Life","terminating"
"M00792","AS","Active","N"
"M00792","AS","Funding Life","terminating"
"M00793","AS","Active","N"
"M00793","AS","Funding Life","terminating"
"M00794","AS","Active","N"
"M00794","AS","Funding Life","terminating"
"M00795","AS","Active","N"
"M00795","AS","Funding Life","terminating"
"M00796","AS","Active","N"
"M00796","AS","Funding Life","terminating"
"M00797","AS","Active","N"
"M00797","AS","Funding Life","terminating"
"M00798","AS","Termination Year","2028-2029"
"M00798","AS","title","Reducing the impact of Litter and Supporting On-ground Biodiversity Actions"
"M00798","AS","Budget Round Created","HL2024-2025"
"M00798","AS","Active","Y"
"M00798","AS","Funding Life","terminating"
"M00798","AA","CBMS","110274"
"M00799","AS","Active","N"
"M00799","AS","Funding Life","terminating"
"M00800","AS","Termination Year","2029-2030"
"M00800","AS","title","Harnessing the Energy Transition to Benefit Consumers"
"M00800","AS","Budget Round Created","HL2024-2025"
"M00800","AS","Active","Y"
"M00800","AS","Funding Life","terminating"
"M00800","AA","CBMS","109895"
"M00801","AS","Termination Year","2028-2029"
"M00801","AS","title","Implementation of National Hydrogen Strategy"
"M00801","AS","Budget Round Created","HL2024-2025"
"M00801","AS","Active","Y"
"M00801","AS","Funding Life","terminating"
"M00801","AA","CBMS","110266"
"M00802","AS","Active","N"
"M00802","AS","Funding Life","terminating"
"M00803","AS","Active","N"
"M00803","AS","Funding Life","terminating"
"M00804","AS","Termination Year","2028-2029"
"M00804","AS","title","Savings from external labour - extension"
"M00804","AS","Budget Round Created","HL2024-2025"
"M00804","AS","Active","Y"
"M00804","AS","Funding Life","terminating"
"M00804","AA","CBMS","110176"
"M00805","AS","Active","N"
"M00805","AS","Funding Life","terminating"
"M00806","AS","Active","N"
"M00806","AS","Funding Life","terminating"
"M00807","AS","Active","N"
"M00807","AS","Funding Life","terminating"
"M00808","AS","Active","N"
"M00808","AS","Funding Life","terminating"
"M00809","AS","Termination Year","2025-2026"
"M00809","AS","title","Tourism Reef Protection Initiative - continuing delivery"
"M00809","AS","Budget Round Created","HL2024-2025"
"M00809","AS","Active","Y"
"M00809","AS","Funding Life","terminating"
"M00809","AA","CBMS","110272"
"M00810","AS","Active","N"
"M00810","AS","Funding Life","terminating"
"M00811","AS","Termination Year","2028-2029"
"M00811","AS","title","Regional cooperation initiative on carbon sequestration"
"M00811","AS","Budget Round Created","HL2024-2025"
"M00811","AS","Active","Y"
"M00811","AS","Funding Life","terminating"
"M00811","AA","CBMS","110325"
"M00812","AS","Active","N"
"M00812","AS","Funding Life","terminating"
"M00813","AS","Active","N"
"M00813","AS","Funding Life","terminating"
"M00814","AS","Termination Year","2028-2029"
"M00814","AS","title","Enhancing Coorong Shorebird Habitat"
"M00814","AS","Budget Round Created","HL2024-2025"
"M00814","AS","Active","Y"
"M00814","AS","Funding Life","terminating"
"M00814","AA","CBMS","109661"
"M00815","AS","Active","N"
"M00815","AS","Funding Life","terminating"
"M00816","AS","Active","N"
"M00816","AS","Funding Life","terminating"
"M00817","AS","Active","N"
"M00817","AS","Funding Life","terminating"
"M00818","AS","current","Y"
"M00818","AS","Active","N"
"M00818","AS","Funding Life","terminating"
"M00819","AS","current","Y"
"M00819","AS","Termination Year","2028-2029"
"M00819","AS","title","Basin Plan Implementation Due Diligence"
"M00819","AS","Budget Round Created","HL2025-2026"
"M00819","AS","Active","Y"
"M00819","AS","Funding Life","terminating"
"M00819","AA","CBMS","110502"
"M00820","AS","current","Y"
"M00820","AS","Termination Year","2028-2029"
"M00820","AS","title","Voluntary Water Purchase"
"M00820","AS","Budget Round Created","HL2025-2026"
"M00820","AS","Active","Y"
"M00820","AS","Funding Life","terminating"
"M00820","AA","CBMS","110500"
"M00821","AS","current","Y"
"M00821","AS","title","Ensuring the independence and Future of the Australian Energy Infrastructure Commissioner"
"M00821","AS","Budget Round Created","HL2025-2026"
"M00821","AS","Active","Y"
"M00821","AS","Funding Life","ongoing"
"M00821","AA","CBMS","110618"
"M00822","AS","current","Y"
"M00822","AS","Termination Year","2029-2030"
"M00822","AS","title","First Nations Clean Energy Futures Implementation"
"M00822","AS","Budget Round Created","HL2025-2026"
"M00822","AS","Active","Y"
"M00822","AS","Funding Life","terminating"
"M00822","AA","CBMS","110621"
"M00823","AS","current","Y"
"M00823","AS","Termination Year","2029-2030"
"M00823","AS","title","Securing the Future of Antarctic Ops from Hobart"
"M00823","AS","Budget Round Created","HL2025-2026"
"M00823","AS","Active","Y"
"M00823","AS","Funding Life","terminating"
"M00823","AA","CBMS","110613"
"M00824","AS","current","Y"
"M00824","AS","Termination Year","2026-2027"
"M00824","AS","title","Bridging the Gap"
"M00824","AS","Budget Round Created","HL2025-2026"
"M00824","AS","Active","Y"
"M00824","AS","Funding Life","terminating"
"M00824","AA","CBMS","110501"
"M00825","AS","current","Y"
"M00825","AS","Termination Year","2028-2029"
"M00825","AS","title","HPAI H5N1 Response (Environment) - Preparedness Fund"
"M00825","AS","Budget Round Created","HL2025-2026"
"M00825","AS","Active","Y"
"M00825","AS","Funding Life","terminating"
"M00825","AA","CBMS","110604"
"M00826","AS","current","Y"
"M00826","AS","Termination Year","2028-2029"
"M00826","AS","title","HPAI H5N1 Response (Environment) - Protected Species Action Framework"
"M00826","AS","Budget Round Created","HL2025-2026"
"M00826","AS","Active","Y"
"M00826","AS","Funding Life","terminating"
"M00826","AA","CBMS","110603"
"M00827","AS","current","Y"
"M00827","AS","Termination Year","2026-2027"
"M00827","AS","title","Environment and Water Portfolio Offsets"
"M00827","AS","Budget Round Created","HL2025-2026"
"M00827","AS","Active","Y"
"M00827","AS","Funding Life","terminating"
"M00827","AA","CBMS","110611"
"M00828","AS","current","Y"
"M00828","AS","Termination Year","2026-2027"
"M00828","AS","title","Capacity Investment Scheme Implementation Update and Delivery Arrangements"
"M00828","AS","Budget Round Created","HL2025-2026"
"M00828","AS","Active","Y"
"M00828","AS","Funding Life","terminating"
"M00828","AA","CBMS","110619"
"M00829","AS","current","Y"
"M00829","AS","title","Priority conservation and recovery actions for the Maugean skate"
"M00829","AS","Budget Round Created","HL2025-2026"
"M00829","AS","Active","Y"
"M00829","AS","Funding Life","ongoing"
"M00829","AA","CBMS","110735"
"M00830","AS","current","Y"
"M00830","AS","title","SUSTAINING ENVIRONMENTAL ASSESSMENTS"
"M00830","AS","Budget Round Created","HL2025-2026"
"M00830","AS","Active","Y"
"M00830","AS","Funding Life","ongoing"
"M00830","AA","CBMS","110771"
"M00831","AS","current","Y"
"M00831","AS","title","Protecting Australian Iconic National Parks - additional funding"
"M00831","AS","Budget Round Created","HL2025-2026"
"M00831","AS","Active","Y"
"M00831","AS","Funding Life","ongoing"
"M00831","AA","CBMS","110612"
"M00832","AS","current","Y"
"M00832","AS","Termination Year","2026-2027"
"M00832","AS","title","Accelerated Connections Fund"
"M00832","AS","Budget Round Created","HL2025-2026"
"M00832","AS","Active","Y"
"M00832","AS","Funding Life","terminating"
"M00832","AA","CBMS","110673"
"M00833","AS","current","Y"
"M00833","AS","Termination Year","2024-2025"
"M00833","AS","title","Independent Review of Climate Service (Prior Round DTBNYA)"
"M00833","AS","Budget Round Created","HL2025-2026"
"M00833","AS","Active","Y"
"M00833","AS","Funding Life","terminating"
"M00833","AA","CBMS","110594"
"M00834","AS","current","Y"
"M00834","AS","Termination Year","2039-2040"
"M00834","AS","title","H2Global Co-Investment with Germany"
"M00834","AS","Budget Round Created","HL2025-2026"
"M00834","AS","Active","Y"
"M00834","AS","Funding Life","terminating"
"M00834","AA","CBMS","110458"
"M00835","AS","current","Y"
"M00835","AS","Termination Year","2026-2027"
"M00835","AS","title","National Electricity Market (NEM) Wholesale Market Settings Review"
"M00835","AS","Budget Round Created","HL2025-2026"
"M00835","AS","Active","Y"
"M00835","AS","Funding Life","terminating"
"M00835","AA","CBMS","110620"
"M00836","AS","current","Y"
"M00836","AS","Termination Year","2026-2027"
"M00836","AS","title","Additional Support for Seamless"
"M00836","AS","Budget Round Created","HL2025-2026"
"M00836","AS","Active","Y"
"M00836","AS","Funding Life","terminating"
"M00836","AA","CBMS","110940"
"M00837","AS","current","Y"
"M00837","AS","Termination Year","2026-2027"
"M00837","AS","title","Savings from Maintaining our Supply of Diesel Exhaust Fluid Competitive Grants Program"
"M00837","AS","Budget Round Created","HL2025-2026"
"M00837","AS","Active","Y"
"M00837","AS","Funding Life","terminating"
"M00837","AA","CBMS","110874"
"M00838","AS","current","Y"
"M00838","AS","title","Rewiring the Nation - recapitalisation"
"M00838","AS","Budget Round Created","HL2025-2026"
"M00838","AS","Active","Y"
"M00838","AS","Funding Life","ongoing"
"M00838","AA","CBMS","110745"
"M00839","AS","current","Y"
"M00839","AS","Termination Year","2029-2030"
"M00839","AS","title","First Nations Clean Energy Grants and Toolkit"
"M00839","AS","Budget Round Created","HL2025-2026"
"M00839","AS","Active","Y"
"M00839","AS","Funding Life","terminating"
"M00839","AA","CBMS","110878"
"M00840","AS","current","Y"
"M00840","AS","Termination Year","2027-2028"
"M00840","AS","title","Reforms to the National Greenhouse and Energy Reporting (NGER) scheme"
"M00840","AS","Budget Round Created","HL2025-2026"
"M00840","AS","Active","Y"
"M00840","AS","Funding Life","terminating"
"M00840","AA","CBMS","110882"
"M00841","AS","current","Y"
"M00841","AS","Termination Year","2029-2030"
"M00841","AS","title","Expansion of the Social Housing Energy Performance Initiative"
"M00841","AS","Budget Round Created","HL2025-2026"
"M00841","AS","Active","Y"
"M00841","AS","Funding Life","terminating"
"M00841","AA","CBMS","111033"
"M00842","AS","current","Y"
"M00842","AS","Termination Year","2029-2030"
"M00842","AS","title","AEMO Cyber Defendable Core"
"M00842","AS","Budget Round Created","HL2025-2026"
"M00842","AS","Active","Y"
"M00842","AS","Funding Life","terminating"
"M00842","AA","CBMS","111058"
"M00843","AS","current","Y"
"M00843","AS","Termination Year","2030-2031"
"M00843","AS","title","Enhancing Capacity of Existing Network Infrastructure"
"M00843","AS","Budget Round Created","HL2025-2026"
"M00843","AS","Active","Y"
"M00843","AS","Funding Life","terminating"
"M00843","AA","CBMS","111073"
"M00844","AS","current","Y"
"M00844","AS","Active","N"
"M00844","AS","Funding Life","terminating"
"M00845","AS","current","Y"
"M00845","AS","Active","N"
"M00845","AS","Funding Life","terminating"
"M00846","AS","current","Y"
"M00846","AS","Active","N"
"M00846","AS","Funding Life","terminating"
"M00847","AS","current","Y"
"M00847","AS","Active","N"
"M00847","AS","Funding Life","ongoing"
"M00848","AS","current","Y"
"M00848","AS","Termination Year","2025-2026"
"M00848","AS","title","Savings from Boosting Australia's Diesel Storage Program"
"M00848","AS","Budget Round Created","HL2025-2026"
"M00848","AS","Active","Y"
"M00848","AS","Funding Life","terminating"
"M00848","AA","CBMS","111374"
"M00849","AS","current","Y"
"M00849","AS","Termination Year","2026-2027"
"M00849","AS","title","Strategic International Partnerships Savings Options"
"M00849","AS","Budget Round Created","HL2025-2026"
"M00849","AS","Active","Y"
"M00849","AS","Funding Life","terminating"
"M00849","AA","CBMS","111291"
"M00850","AS","current","Y"
"M00850","AS","Termination Year","2031-2032"
"M00850","AS","title","Battery Breakthrough Program - additional resourcing"
"M00850","AS","Budget Round Created","HL2025-2026"
"M00850","AS","Active","Y"
"M00850","AS","Funding Life","terminating"
"M00850","AA","CBMS","TBD7"
"M00851","AS","current","Y"
"M00851","AS","Termination Year","2030-2031"
"M00851","AS","title","Saving Australia's Bushland Program"
"M00851","AS","Budget Round Created","HL2025-2026"
"M00851","AS","Active","Y"
"M00851","AS","Funding Life","terminating"
"M00851","AA","CBMS","111381"
"M00852","AS","current","Y"
"M00852","AS","Termination Year","2028-2029"
"M00852","AS","title","Additional Support for the Maugean Skate"
"M00852","AS","Budget Round Created","HL2025-2026"
"M00852","AS","Active","Y"
"M00852","AS","Funding Life","terminating"
"M00852","AA","CBMS","111268"
"M00853","AS","current","Y"
"M00853","AS","Termination Year","2027-2028"
"M00853","AS","title","National Water Grid Fund – responsible investment in water infrastructure"
"M00853","AS","Budget Round Created","HL2025-2026"
"M00853","AS","Active","Y"
"M00853","AS","Funding Life","terminating"
"M00853","AA","CBMS","111205"
"M00854","AS","current","Y"
"M00854","AS","Termination Year","2026-2027"
"M00854","AS","title","Nuclear-powered submarine program – initial implementation – System Regulation"
"M00854","AS","Budget Round Created","HL2025-2026"
"M00854","AS","Active","Y"
"M00854","AS","Funding Life","terminating"
"M00854","AA","CBMS","111442"
"M00855","AS","current","Y"
"M00855","AS","Termination Year","2031-2032"
"M00855","AS","title","Cheaper Home Batteries Program (Prior Round DTBNYA)"
"M00855","AS","Budget Round Created","HL2025-2026"
"M00855","AS","Active","Y"
"M00855","AS","Funding Life","terminating"
"M00855","AA","CBMS","111520"
"M00856","AS","current","Y"
"M00856","AS","Termination Year","2029-2030"
"M00856","AS","title","Savings from External Labour – Further extension"
"M00856","AS","Budget Round Created","HL2025-2026"
"M00856","AS","Active","Y"
"M00856","AS","Funding Life","terminating"
"M00856","AA","CBMS","111461"
"M00857","AS","current","Y"
"M00857","AS","Termination Year","2027-2028"
"M00857","AS","title","Continuing implementation of the Murray-Darling Basin Plan"
"M00857","AS","Budget Round Created","HL2025-2026"
"M00857","AS","Active","Y"
"M00857","AS","Funding Life","terminating"
"M00857","AA","CBMS","111463"
"M00858","AS","current","Y"
"M00858","AS","Termination Year","2026-2027"
"M00858","AS","title","Tourism Reef Protection Initiative - Extension"
"M00858","AS","Budget Round Created","HL2025-2026"
"M00858","AS","Active","Y"
"M00858","AS","Funding Life","terminating"
"M00858","AA","CBMS","111501"
"M00859","AS","current","Y"
"M00859","AS","Termination Year","2025-2026"
"M00859","AS","title","Savings from 2025 EC to Reduce Non-wage Expenses"
"M00859","AS","Budget Round Created","HL2025-2026"
"M00859","AS","Active","Y"
"M00859","AS","Funding Life","terminating"
"M00859","AA","CBMS","111535"
