"91002","AA","code and description","91002 - Tax suspense"
"91002","AA","description","Tax suspense"
"45005","AA","code and description","45005 - OseasGovtPension DP-Vets/Dep*D"
"45005","AA","description","OseasGovtPension DP-Vets/Dep*D"
"45010","AA","code and description","45010 - ANZAC Centenary Public Fund - Revenue"
"45010","AA","description","ANZAC Centenary Public Fund - Revenue"
"45020","AA","code and description","45020 - Oseas Agency Receivables*D"
"45020","AA","description","Oseas Agency Receivables*D"
"50000","AA","code and description","50000 - Contributions SES Veh"
"50000","AA","description","Contributions SES Veh"
"50005","AA","code and description","50005 - Contributions SES Veh-via PAHR"
"50005","AA","description","Contributions SES Veh-via PAHR"
"50010","AA","code and description","50010 - Contrib-Official Phone Service"
"50010","AA","description","Contrib-Official Phone Service"
"50015","AA","code and description","50015 - Contrib Conferences & Seminars"
"50015","AA","description","Contrib Conferences & Seminars"
"50020","AA","code and description","50020 - Contributions to Staff Housing"
"50020","AA","description","Contributions to Staff Housing"
"50021","AA","code and description","50021 - Fees from rent deductions"
"50021","AA","description","Fees from rent deductions"
"50023","AA","code and description","50023 - Salary Sacrifice Recoveries"
"50023","AA","description","Salary Sacrifice Recoveries"
"50027","AA","code and description","50027 - Recovery of Employee Receipts"
"50027","AA","description","Recovery of Employee Receipts"
"50030","AA","code and description","50030 - Sale of Assets"
"50030","AA","description","Sale of Assets"
"50031","AA","code and description","50031 - Sale of Portable&Attract Items"
"50031","AA","description","Sale of Portable&Attract Items"
"50035","AA","code and description","50035 - Sale of Annual Report"
"50035","AA","description","Sale of Annual Report"
"50039","AA","code and description","50039 - Sale of Books & Royalties"
"50039","AA","description","Sale of Books & Royalties"
"50040","AA","code and description","50040 - Sale of History of Repat Comm"
"50040","AA","description","Sale of History of Repat Comm"
"50042","AA","code and description","50042 - Sale of POWs Every Inch of Way"
"50042","AA","description","Sale of POWs Every Inch of Way"
"50045","AA","code and description","50045 - Sale of Dementia Products"
"50045","AA","description","Sale of Dementia Products"
"50047","AA","code and description","50047 - Sale of Prostate Book"
"50047","AA","description","Sale of Prostate Book"
"50048","AA","code and description","50048 - AtomicTest Prog Aust"
"50048","AA","description","AtomicTest Prog Aust"
"50049","AA","code and description","50049 - Sale of Nominal Roll"
"50049","AA","description","Sale of Nominal Roll"
"50050","AA","code and description","50050 - Sale of GARP"
"50050","AA","description","Sale of GARP"
"50051","AA","code and description","50051 - IBMGSA DOFA Contract Rcpts(NO)"
"50051","AA","description","IBMGSA DOFA Contract Rcpts(NO)"
"50055","AA","code and description","50055 - Training courses"
"50055","AA","description","Training courses"
"50058","AA","code and description","50058 - AMA Devel Prog-Trainees (WASO)"
"50058","AA","description","AMA Devel Prog-Trainees (WASO)"
"50060","AA","code and description","50060 - PABX Use"
"50060","AA","description","PABX Use"
"50065","AA","code and description","50065 - Computer Services (NO only)"
"50065","AA","description","Computer Services (NO only)"
"50070","AA","code and description","50070 - FOI & Subpoenas"
"50070","AA","description","FOI & Subpoenas"
"50072","AA","code and description","50072 - PPU Fees"
"50072","AA","description","PPU Fees"
"50073","AA","code and description","50073 - Payroll Services Commission"
"50073","AA","description","Payroll Services Commission"
"50075","AA","code and description","50075 - MilitaryComp&RehaSch"
"50075","AA","description","MilitaryComp&RehaSch"
"50076","AA","code and description","50076 - Transition Mgt Serv"
"50076","AA","description","Transition Mgt Serv"
"50077","AA","code and description","50077 - SHOAMP(StudyAirMaintPersonl"
"50077","AA","description","SHOAMP(StudyAirMaintPersonl"
"50078","AA","code and description","50078 - F-111 Deseal/Reseal HCS-HD"
"50078","AA","description","F-111 Deseal/Reseal HCS-HD"
"50079","AA","code and description","50079 - Counsel Serv to ADF-Recovery"
"50079","AA","description","Counsel Serv to ADF-Recovery"
"50081","AA","code and description","50081 - Property Lease*A"
"50081","AA","description","Property Lease*A"
"50082","AA","code and description","50082 - Recoveries from DSH"
"50082","AA","description","Recoveries from DSH"
"50083","AA","code and description","50083 - Revenue-Miscellaneous Receipts"
"50083","AA","description","Revenue-Miscellaneous Receipts"
"50085","AA","code and description","50085 - Rev-DSS RationaliseIncSupp(NO)"
"50085","AA","description","Rev-DSS RationaliseIncSupp(NO)"
"50100","AA","code and description","50100 - Accrued Revenue Adjustment"
"50100","AA","description","Accrued Revenue Adjustment"
"51000","AA","code and description","51000 - Resources Rec'd Free of Charge"
"51000","AA","description","Resources Rec'd Free of Charge"
"51500","AA","code and description","51500 - Revenue from Government"
"51500","AA","description","Revenue from Government"
"52000","AA","code and description","52000 - InterestReceived-TermDeposit*D"
"52000","AA","description","InterestReceived-TermDeposit*D"
"52001","AA","code and description","52001 - InterestReceived-BankAccount*D"
"52001","AA","description","InterestReceived-BankAccount*D"
"52010","AA","code and description","52010 - Interest Accrued*DISABLED"
"52010","AA","description","Interest Accrued*DISABLED"
"70000","AA","code and description","70000 - Basic Salary"
"70000","AA","description","Basic Salary"
"70010","AA","code and description","70010 - Overtime"
"70010","AA","description","Overtime"
"70015","AA","code and description","70015 - Super Employer Contrib (16.1%)"
"70015","AA","description","Super Employer Contrib (16.1%)"
"70020","AA","code and description","70020 - Other Accum Ben Schemes Except PSS"
"70020","AA","description","Other Accum Ben Schemes Except PSS"
"70022","AA","code and description","70022 - Super PSS Accum Fund Contrib"
"70022","AA","description","Super PSS Accum Fund Contrib"
"70025","AA","code and description","70025 - Eligible Termination Payments"
"70025","AA","description","Eligible Termination Payments"
"70030","AA","code and description","70030 - Voluntary Redundancy Pay (VRs)"
"70030","AA","description","Voluntary Redundancy Pay (VRs)"
"70035","AA","code and description","70035 - Separations(Not ETPs and VRs)"
"70035","AA","description","Separations(Not ETPs and VRs)"
"70040","AA","code and description","70040 - Other Below the Line Salary"
"70040","AA","description","Other Below the Line Salary"
"70045","AA","code and description","70045 - Performance pay"
"70045","AA","description","Performance pay"
"70050","AA","code and description","70050 - Overseas Salaries"
"70050","AA","description","Overseas Salaries"
"70055","AA","code and description","70055 - SES Salary Allowances"
"70055","AA","description","SES Salary Allowances"
"70060","AA","code and description","70060 - Salary via DOLARS"
"70060","AA","description","Salary via DOLARS"
"70065","AA","code and description","70065 - Comsuper Pre-assessment"
"70065","AA","description","Comsuper Pre-assessment"
"70070","AA","code and description","70070 - Compensation Expense"
"70070","AA","description","Compensation Expense"
"70071","AA","code and description","70071 - Compensation Recovery -last yr"
"70071","AA","description","Compensation Recovery -last yr"
"70072","AA","code and description","70072 - Compensation Recovery-this yr"
"70072","AA","description","Compensation Recovery-this yr"
"70080","AA","code and description","70080 - Comcare Prem*DIS USE71175"
"70080","AA","description","Comcare Prem*DIS USE71175"
"70085","AA","code and description","70085 - Fringe Benefits Tax - Salary"
"70085","AA","description","Fringe Benefits Tax - Salary"
"70086","AA","code and description","70086 - FBT Recoveries via PAHRIS"
"70086","AA","description","FBT Recoveries via PAHRIS"
"70090","AA","code and description","70090 - Oseas Advances-DFAT Pymts (NO)"
"70090","AA","description","Oseas Advances-DFAT Pymts (NO)"
"70099","AA","code and description","70099 - Funds Salary"
"70099","AA","description","Funds Salary"
"70100","AA","code and description","70100 - Long Service Leave accrued-HR"
"70100","AA","description","Long Service Leave accrued-HR"
"70110","AA","code and description","70110 - Long Service Leave accrued-Man"
"70110","AA","description","Long Service Leave accrued-Man"
"70115","AA","code and description","70115 - LSL Inter Agency Transfers"
"70115","AA","description","LSL Inter Agency Transfers"
"70119","AA","code and description","70119 - Funds LSL Accruals"
"70119","AA","description","Funds LSL Accruals"
"70120","AA","code and description","70120 - Annual Leave Accrued Expense"
"70120","AA","description","Annual Leave Accrued Expense"
"70140","AA","code and description","70140 - Leave-Inter Agency Transfers"
"70140","AA","description","Leave-Inter Agency Transfers"
"70150","AA","code and description","70150 - Employee Expenses Accrued"
"70150","AA","description","Employee Expenses Accrued"
"70199","AA","code and description","70199 - Funds Other Employee Expenses"
"70199","AA","description","Funds Other Employee Expenses"
"71000","AA","code and description","71000 - Registration Conference Fees"
"71000","AA","description","Registration Conference Fees"
"71005","AA","code and description","71005 - Fees - Training Courses"
"71005","AA","description","Fees - Training Courses"
"71010","AA","code and description","71010 - Refund of Study Fees"
"71010","AA","description","Refund of Study Fees"
"71015","AA","code and description","71015 - Membership Fees"
"71015","AA","description","Membership Fees"
"71020","AA","code and description","71020 - Other Training Expenses"
"71020","AA","description","Other Training Expenses"
"71025","AA","code and description","71025 - HECS Reimbursement"
"71025","AA","description","HECS Reimbursement"
"71030","AA","code and description","71030 - Study Bank*disabled"
"71030","AA","description","Study Bank*disabled"
"71035","AA","code and description","71035 - PSMC- Public Sector Mgt Course"
"71035","AA","description","PSMC- Public Sector Mgt Course"
"71040","AA","code and description","71040 - Competency Based Learning/Asst"
"71040","AA","description","Competency Based Learning/Asst"
"71044","AA","code and description","71044 - Studies Assistance Scheme"
"71044","AA","description","Studies Assistance Scheme"
"71045","AA","code and description","71045 - Study Awards - SWIM - EDS"
"71045","AA","description","Study Awards - SWIM - EDS"
"71046","AA","code and description","71046 - Study Awards & PSMC"
"71046","AA","description","Study Awards & PSMC"
"71047","AA","code and description","71047 - Team Performance Improvement"
"71047","AA","description","Team Performance Improvement"
"71050","AA","code and description","71050 - Miscellaneous"
"71050","AA","description","Miscellaneous"
"71055","AA","code and description","71055 - Miscellaneous - via PAHRIS"
"71055","AA","description","Miscellaneous - via PAHRIS"
"71057","AA","code and description","71057 - Copyright Fees"
"71057","AA","description","Copyright Fees"
"71060","AA","code and description","71060 - Official Hospitality(Tax@50%)"
"71060","AA","description","Official Hospitality(Tax@50%)"
"71065","AA","code and description","71065 - Venue Hire & Associated Costs"
"71065","AA","description","Venue Hire & Associated Costs"
"71070","AA","code and description","71070 - Ministers Entertainment (NO)"
"71070","AA","description","Ministers Entertainment (NO)"
"71075","AA","code and description","71075 - Fees - Holders of Public Offic"
"71075","AA","description","Fees - Holders of Public Offic"
"71080","AA","code and description","71080 - Sitting Fees"
"71080","AA","description","Sitting Fees"
"71085","AA","code and description","71085 - Agency Fees"
"71085","AA","description","Agency Fees"
"71090","AA","code and description","71090 - Union Expenses"
"71090","AA","description","Union Expenses"
"71095","AA","code and description","71095 - Airline Lounges"
"71095","AA","description","Airline Lounges"
"71100","AA","code and description","71100 - Pay to HIC for TAS Processing"
"71100","AA","description","Pay to HIC for TAS Processing"
"71105","AA","code and description","71105 - Fitness Program-CSD(N.O.only)"
"71105","AA","description","Fitness Program-CSD(N.O.only)"
"71110","AA","code and description","71110 - Fitness Program-HD(N.O.only)"
"71110","AA","description","Fitness Program-HD(N.O.only)"
"71115","AA","code and description","71115 - Fitness Program-CD(N.O. only)"
"71115","AA","description","Fitness Program-CD(N.O. only)"
"71119","AA","code and description","71119 - Healthy Lifestyle - EA"
"71119","AA","description","Healthy Lifestyle - EA"
"71120","AA","code and description","71120 - Fitness Program-In House"
"71120","AA","description","Fitness Program-In House"
"71121","AA","code and description","71121 - Fitness Program-External"
"71121","AA","description","Fitness Program-External"
"71122","AA","code and description","71122 - AWA FinancialAssistanceReimbur"
"71122","AA","description","AWA FinancialAssistanceReimbur"
"71123","AA","code and description","71123 - AWA Health & Fitness Reimburse"
"71123","AA","description","AWA Health & Fitness Reimburse"
"71124","AA","code and description","71124 - ProfessDevelAllow-Med Officers"
"71124","AA","description","ProfessDevelAllow-Med Officers"
"71125","AA","code and description","71125 - Gazette - Advertising"
"71125","AA","description","Gazette - Advertising"
"71130","AA","code and description","71130 - Gazette - Purchases"
"71130","AA","description","Gazette - Purchases"
"71131","AA","code and description","71131 - FRLI Registration"
"71131","AA","description","FRLI Registration"
"71135","AA","code and description","71135 - Photographic Expenses"
"71135","AA","description","Photographic Expenses"
"71137","AA","code and description","71137 - National Displays"
"71137","AA","description","National Displays"
"71139","AA","code and description","71139 - Media Press Clips"
"71139","AA","description","Media Press Clips"
"71140","AA","code and description","71140 - Media monitoring"
"71140","AA","description","Media monitoring"
"71141","AA","code and description","71141 - Media distribution"
"71141","AA","description","Media distribution"
"71142","AA","code and description","71142 - Media Alerts"
"71142","AA","description","Media Alerts"
"71143","AA","code and description","71143 - Promotional Expenses"
"71143","AA","description","Promotional Expenses"
"71145","AA","code and description","71145 - Provisioning for meetings"
"71145","AA","description","Provisioning for meetings"
"71150","AA","code and description","71150 - OH&S Training"
"71150","AA","description","OH&S Training"
"71155","AA","code and description","71155 - OH&S"
"71155","AA","description","OH&S"
"71157","AA","code and description","71157 - First Aid"
"71157","AA","description","First Aid"
"71160","AA","code and description","71160 - Eye Tests - Screen Based"
"71160","AA","description","Eye Tests - Screen Based"
"71165","AA","code and description","71165 - Veterans' Health Week"
"71165","AA","description","Veterans' Health Week"
"71168","AA","code and description","71168 - Health Promotion Admin"
"71168","AA","description","Health Promotion Admin"
"71170","AA","code and description","71170 - Healthy Lifestyle Incentive"
"71170","AA","description","Healthy Lifestyle Incentive"
"71173","AA","code and description","71173 - Commemorative Activities"
"71173","AA","description","Commemorative Activities"
"71174","AA","code and description","71174 - Wreaths"
"71174","AA","description","Wreaths"
"71175","AA","code and description","71175 - ComcarePrem"
"71175","AA","description","ComcarePrem"
"71178","AA","code and description","71178 - ComcoverPrem*DISABLED-USE71179"
"71178","AA","description","ComcoverPrem*DISABLED-USE71179"
"71179","AA","code and description","71179 - ComcoverPremiumDoFA"
"71179","AA","description","ComcoverPremiumDoFA"
"71180","AA","code and description","71180 - Payments to Registrar"
"71180","AA","description","Payments to Registrar"
"71182","AA","code and description","71182 - Payments to Service Tasmania"
"71182","AA","description","Payments to Service Tasmania"
"71185","AA","code and description","71185 - Security Costs"
"71185","AA","description","Security Costs"
"71190","AA","code and description","71190 - Misc - Security Services"
"71190","AA","description","Misc - Security Services"
"71195","AA","code and description","71195 - Handling and Storage"
"71195","AA","description","Handling and Storage"
"71200","AA","code and description","71200 - Office Removals"
"71200","AA","description","Office Removals"
"71205","AA","code and description","71205 - Office - Gen Consumables"
"71205","AA","description","Office - Gen Consumables"
"71210","AA","code and description","71210 - Reunion Travel - Taxable"
"71210","AA","description","Reunion Travel - Taxable"
"71215","AA","code and description","71215 - Employee Assistance Program"
"71215","AA","description","Employee Assistance Program"
"71220","AA","code and description","71220 - Retirement Counselling"
"71220","AA","description","Retirement Counselling"
"71225","AA","code and description","71225 - Temporary Staff"
"71225","AA","description","Temporary Staff"
"71230","AA","code and description","71230 - Scribes"
"71230","AA","description","Scribes"
"71235","AA","code and description","71235 - Staff Transfer Expenses"
"71235","AA","description","Staff Transfer Expenses"
"71237","AA","code and description","71237 - SES Mobility Transfer Expenses"
"71237","AA","description","SES Mobility Transfer Expenses"
"71240","AA","code and description","71240 - Other Staff Expenses"
"71240","AA","description","Other Staff Expenses"
"71245","AA","code and description","71245 - Staff Recruitment"
"71245","AA","description","Staff Recruitment"
"71248","AA","code and description","71248 - EmploymentSupportServices"
"71248","AA","description","EmploymentSupportServices"
"71250","AA","code and description","71250 - Medical Expenses"
"71250","AA","description","Medical Expenses"
"71255","AA","code and description","71255 - Advertising-Procurement"
"71255","AA","description","Advertising-Procurement"
"71260","AA","code and description","71260 - Advertising-Staff recruitment"
"71260","AA","description","Advertising-Staff recruitment"
"71265","AA","code and description","71265 - Advertising-Other"
"71265","AA","description","Advertising-Other"
"71270","AA","code and description","71270 - Freight and Cartage"
"71270","AA","description","Freight and Cartage"
"71275","AA","code and description","71275 - Archives"
"71275","AA","description","Archives"
"71280","AA","code and description","71280 - Warehousing of Forms(ACT only)"
"71280","AA","description","Warehousing of Forms(ACT only)"
"71283","AA","code and description","71283 - JointBusinessSysts-OthAgencies"
"71283","AA","description","JointBusinessSysts-OthAgencies"
"71284","AA","code and description","71284 - System Maintenance Fees"
"71284","AA","description","System Maintenance Fees"
"71285","AA","code and description","71285 - Fringe Benefits Tax-Admin*M"
"71285","AA","description","Fringe Benefits Tax-Admin*M"
"71290","AA","code and description","71290 - Cheque Production Costs"
"71290","AA","description","Cheque Production Costs"
"71293","AA","code and description","71293 - Bank Charges-DVA"
"71293","AA","description","Bank Charges-DVA"
"71295","AA","code and description","71295 - Superannuation Admin Charges"
"71295","AA","description","Superannuation Admin Charges"
"71297","AA","code and description","71297 - GDES - RBA Payments"
"71297","AA","description","GDES - RBA Payments"
"71298","AA","code and description","71298 - Property Valuations"
"71298","AA","description","Property Valuations"
"71300","AA","code and description","71300 - Contract Monitoring"
"71300","AA","description","Contract Monitoring"
"71301","AA","code and description","71301 - Data Entry  Services"
"71301","AA","description","Data Entry  Services"
"71303","AA","code and description","71303 - Hellfire Pass Memor Seed Fund"
"71303","AA","description","Hellfire Pass Memor Seed Fund"
"71305","AA","code and description","71305 - O/S Pay'ts(incl Comm)via DFAT"
"71305","AA","description","O/S Pay'ts(incl Comm)via DFAT"
"71310","AA","code and description","71310 - Domestic Exp for O/S Activitie"
"71310","AA","description","Domestic Exp for O/S Activitie"
"71315","AA","code and description","71315 - Furniture Non-Depreciable"
"71315","AA","description","Furniture Non-Depreciable"
"71320","AA","code and description","71320 - Security Equip Non-Depreciable"
"71320","AA","description","Security Equip Non-Depreciable"
"71325","AA","code and description","71325 - Office Fitout Repairs & Maint"
"71325","AA","description","Office Fitout Repairs & Maint"
"71330","AA","code and description","71330 - Indoor Plants"
"71330","AA","description","Indoor Plants"
"71331","AA","code and description","71331 - Artwork"
"71331","AA","description","Artwork"
"71335","AA","code and description","71335 - Repair Office Furniture"
"71335","AA","description","Repair Office Furniture"
"71340","AA","code and description","71340 - Maintenance ofSecurity Equip*D"
"71340","AA","description","Maintenance ofSecurity Equip*D"
"71345","AA","code and description","71345 - Other R&M"
"71345","AA","description","Other R&M"
"71350","AA","code and description","71350 - Cleaning*Disabled"
"71350","AA","description","Cleaning*Disabled"
"71355","AA","code and description","71355 - Fuel Light & Power*Disabled"
"71355","AA","description","Fuel Light & Power*Disabled"
"71360","AA","code and description","71360 - WaterSupplySanitary&Waste*Disa"
"71360","AA","description","WaterSupplySanitary&Waste*Disa"
"71370","AA","code and description","71370 - Legal Costs(NFCU only)"
"71370","AA","description","Legal Costs(NFCU only)"
"71371","AA","code and description","71371 - Searches(NFCU only)"
"71371","AA","description","Searches(NFCU only)"
"71372","AA","code and description","71372 - Document Examination(NFCUonly)"
"71372","AA","description","Document Examination(NFCUonly)"
"71373","AA","code and description","71373 - Tape Recording(NFCU only)"
"71373","AA","description","Tape Recording(NFCU only)"
"71500","AA","code and description","71500 - Phones-Purchases-Office"
"71500","AA","description","Phones-Purchases-Office"
"71505","AA","code and description","71505 - Phones-Mobile&Access"
"71505","AA","description","Phones-Mobile&Access"
"71510","AA","code and description","71510 - Phones-Purchases-Other"
"71510","AA","description","Phones-Purchases-Other"
"71512","AA","code and description","71512 - Phones Mobile Repairs & Maint."
"71512","AA","description","Phones Mobile Repairs & Maint."
"71515","AA","code and description","71515 - Rent&Calls-Off Phones(IMUonly)"
"71515","AA","description","Rent&Calls-Off Phones(IMUonly)"
"71520","AA","code and description","71520 - Rent&Calls-Mob Phones(IMUonly)"
"71520","AA","description","Rent&Calls-Mob Phones(IMUonly)"
"71525","AA","code and description","71525 - Rent&Calls-Other (IMU only)"
"71525","AA","description","Rent&Calls-Other (IMU only)"
"71530","AA","code and description","71530 - Rent&Calls-1800 Nos (IMU only)"
"71530","AA","description","Rent&Calls-1800 Nos (IMU only)"
"71533","AA","code and description","71533 - WAN -OPTUS (IMU only)"
"71533","AA","description","WAN -OPTUS (IMU only)"
"71534","AA","code and description","71534 - Telecommunication Cost"
"71534","AA","description","Telecommunication Cost"
"71535","AA","code and description","71535 - Telephonist Contract"
"71535","AA","description","Telephonist Contract"
"71540","AA","code and description","71540 - Postage-Bulk post/stamp PO Box"
"71540","AA","description","Postage-Bulk post/stamp PO Box"
"71545","AA","code and description","71545 - Postage-Business Reply Paid"
"71545","AA","description","Postage-Business Reply Paid"
"71550","AA","code and description","71550 - Postage-Pension Cheques"
"71550","AA","description","Postage-Pension Cheques"
"71555","AA","code and description","71555 - Postage-Franking Machine"
"71555","AA","description","Postage-Franking Machine"
"71560","AA","code and description","71560 - Postage-Other"
"71560","AA","description","Postage-Other"
"71562","AA","code and description","71562 - External Mail Handling/Courier"
"71562","AA","description","External Mail Handling/Courier"
"71565","AA","code and description","71565 - Printing-Publications"
"71565","AA","description","Printing-Publications"
"71570","AA","code and description","71570 - Printing-VETAFFAIRS"
"71570","AA","description","Printing-VETAFFAIRS"
"71573","AA","code and description","71573 - Printing-Staff Newsletter"
"71573","AA","description","Printing-Staff Newsletter"
"71575","AA","code and description","71575 - Printing-Forms"
"71575","AA","description","Printing-Forms"
"71577","AA","code and description","71577 - Printing-Business Cards"
"71577","AA","description","Printing-Business Cards"
"71580","AA","code and description","71580 - Printing-Other"
"71580","AA","description","Printing-Other"
"71582","AA","code and description","71582 - Online Publications"
"71582","AA","description","Online Publications"
"71585","AA","code and description","71585 - Newspapers & Miscellaneous"
"71585","AA","description","Newspapers & Miscellaneous"
"71590","AA","code and description","71590 - Magazines&Journals(Libr only)"
"71590","AA","description","Magazines&Journals(Libr only)"
"71595","AA","code and description","71595 - Books (Library only)"
"71595","AA","description","Books (Library only)"
"71600","AA","code and description","71600 - ABN (Library only)"
"71600","AA","description","ABN (Library only)"
"71605","AA","code and description","71605 - Information Retrieval(Lib only"
"71605","AA","description","Information Retrieval(Lib only"
"71610","AA","code and description","71610 - Other Reference Materials"
"71610","AA","description","Other Reference Materials"
"71700","AA","code and description","71700 - Office Machines-R&M"
"71700","AA","description","Office Machines-R&M"
"71705","AA","code and description","71705 - Office Machines-Hire"
"71705","AA","description","Office Machines-Hire"
"71710","AA","code and description","71710 - Office Mach-Purch-Non-Dep"
"71710","AA","description","Office Mach-Purch-Non-Dep"
"71711","AA","code and description","71711 - Office Mach-Purch-Port&Att"
"71711","AA","description","Office Mach-Purch-Port&Att"
"71712","AA","code and description","71712 - Photocopiers Leases"
"71712","AA","description","Photocopiers Leases"
"71713","AA","code and description","71713 - PhotocopiersPrintPageChgs"
"71713","AA","description","PhotocopiersPrintPageChgs"
"71714","AA","code and description","71714 - PhotocopiersRepairs&Accessorie"
"71714","AA","description","PhotocopiersRepairs&Accessorie"
"71715","AA","code and description","71715 - Stationery & Office Req'ns"
"71715","AA","description","Stationery & Office Req'ns"
"71800","AA","code and description","71800 - Travel-Fares"
"71800","AA","description","Travel-Fares"
"71805","AA","code and description","71805 - Travel-Travel Allowance"
"71805","AA","description","Travel-Travel Allowance"
"71810","AA","code and description","71810 - Travel-HireOfLongVehIncl Fuel"
"71810","AA","description","Travel-HireOfLongVehIncl Fuel"
"71811","AA","code and description","71811 - Travel-HireOfShortVehIncl Fuel"
"71811","AA","description","Travel-HireOfShortVehIncl Fuel"
"71815","AA","code and description","71815 - Travel-Cabcharge / Taxis"
"71815","AA","description","Travel-Cabcharge / Taxis"
"71820","AA","code and description","71820 - Travel-SES Cars (inc Petrol)"
"71820","AA","description","Travel-SES Cars (inc Petrol)"
"71822","AA","code and description","71822 - TravelOtheThanAccomBrok/NonCom"
"71822","AA","description","TravelOtheThanAccomBrok/NonCom"
"71823","AA","code and description","71823 - Travel - Accomodation Broker"
"71823","AA","description","Travel - Accomodation Broker"
"71824","AA","code and description","71824 - Travel - Accom Non-Commercial"
"71824","AA","description","Travel - Accom Non-Commercial"
"71825","AA","code and description","71825 - Travel-Other"
"71825","AA","description","Travel-Other"
"71830","AA","code and description","71830 - Travel-Other-via PAHRIS"
"71830","AA","description","Travel-Other-via PAHRIS"
"71831","AA","code and description","71831 - Travel-MV Allowance-via PAHRIS"
"71831","AA","description","Travel-MV Allowance-via PAHRIS"
"71835","AA","code and description","71835 - Travel-Overseas-Fares"
"71835","AA","description","Travel-Overseas-Fares"
"71840","AA","code and description","71840 - Travel-Overseas-Travel Allow"
"71840","AA","description","Travel-Overseas-Travel Allow"
"71841","AA","code and description","71841 - Travel-Overseas-EquipmentAllow"
"71841","AA","description","Travel-Overseas-EquipmentAllow"
"71845","AA","code and description","71845 - Travel-HOPO-Fares"
"71845","AA","description","Travel-HOPO-Fares"
"71850","AA","code and description","71850 - Travel-HOPO-Travel Allowance"
"71850","AA","description","Travel-HOPO-Travel Allowance"
"71855","AA","code and description","71855 - Meal Allowance*DISABLED"
"71855","AA","description","Meal Allowance*DISABLED"
"71860","AA","code and description","71860 - Meal Allowance - via PAHRIS"
"71860","AA","description","Meal Allowance - via PAHRIS"
"71900","AA","code and description","71900 - Consultants-Fees"
"71900","AA","description","Consultants-Fees"
"71905","AA","code and description","71905 - Consultants-Fares"
"71905","AA","description","Consultants-Fares"
"71910","AA","code and description","71910 - Consultants-Travel Allowance"
"71910","AA","description","Consultants-Travel Allowance"
"71915","AA","code and description","71915 - Consultants-Car hire"
"71915","AA","description","Consultants-Car hire"
"71920","AA","code and description","71920 - Consultants-Other Expenses"
"71920","AA","description","Consultants-Other Expenses"
"71923","AA","code and description","71923 - Consultants-Market Research"
"71923","AA","description","Consultants-Market Research"
"71925","AA","code and description","71925 - Consultants-Training(all costs"
"71925","AA","description","Consultants-Training(all costs"
"71926","AA","code and description","71926 - Consultants-Legal (from Admin)"
"71926","AA","description","Consultants-Legal (from Admin)"
"71927","AA","code and description","71927 - Consult-Data Collect/EntryServ"
"71927","AA","description","Consult-Data Collect/EntryServ"
"71928","AA","code and description","71928 - Contract Service Fee"
"71928","AA","description","Contract Service Fee"
"71930","AA","code and description","71930 - Sessional Payments-via PAHRIS"
"71930","AA","description","Sessional Payments-via PAHRIS"
"71950","AA","code and description","71950 - Contract Project Managers"
"71950","AA","description","Contract Project Managers"
"71951","AA","code and description","71951 - Contract Business Analysts"
"71951","AA","description","Contract Business Analysts"
"72000","AA","code and description","72000 - Computer Consumables"
"72000","AA","description","Computer Consumables"
"72001","AA","code and description","72001 - Computer Phripherals"
"72001","AA","description","Computer Phripherals"
"72005","AA","code and description","72005 - ComputerConsumables-Stationery"
"72005","AA","description","ComputerConsumables-Stationery"
"72010","AA","code and description","72010 - Mainframe Software charges"
"72010","AA","description","Mainframe Software charges"
"72015","AA","code and description","72015 - Specialised Training*DISABLED"
"72015","AA","description","Specialised Training*DISABLED"
"72020","AA","code and description","72020 - Contract Programmers"
"72020","AA","description","Contract Programmers"
"72030","AA","code and description","72030 - PC Software-Non-depreciable"
"72030","AA","description","PC Software-Non-depreciable"
"72031","AA","code and description","72031 - Mid Range Software-Non Depreci"
"72031","AA","description","Mid Range Software-Non Depreci"
"72035","AA","code and description","72035 - Repairs & Maint-Computers"
"72035","AA","description","Repairs & Maint-Computers"
"72037","AA","code and description","72037 - Printers/Faxes-Repairs&Mainten"
"72037","AA","description","Printers/Faxes-Repairs&Mainten"
"72038","AA","code and description","72038 - Printers/Faxes-Consumables"
"72038","AA","description","Printers/Faxes-Consumables"
"72039","AA","code and description","72039 - LexmarkClickChrgs/LexmarkChrgs"
"72039","AA","description","LexmarkClickChrgs/LexmarkChrgs"
"72040","AA","code and description","72040 - Telecommunications Cabling"
"72040","AA","description","Telecommunications Cabling"
"72045","AA","code and description","72045 - Existing Telecom Services"
"72045","AA","description","Existing Telecom Services"
"72048","AA","code and description","72048 - Remote Access"
"72048","AA","description","Remote Access"
"72050","AA","code and description","72050 - Dial-up Access"
"72050","AA","description","Dial-up Access"
"72055","AA","code and description","72055 - Other Computer Services"
"72055","AA","description","Other Computer Services"
"72060","AA","code and description","72060 - Manuals - Other"
"72060","AA","description","Manuals - Other"
"72070","AA","code and description","72070 - IBMA Mainframe"
"72070","AA","description","IBMA Mainframe"
"72075","AA","code and description","72075 - IBMA Servers"
"72075","AA","description","IBMA Servers"
"72080","AA","code and description","72080 - IBMA Comms - Networks"
"72080","AA","description","IBMA Comms - Networks"
"72081","AA","code and description","72081 - IBMA Project Office"
"72081","AA","description","IBMA Project Office"
"72082","AA","code and description","72082 - IBMA Shared Storage"
"72082","AA","description","IBMA Shared Storage"
"72085","AA","code and description","72085 - IBMA Comms - Cabling"
"72085","AA","description","IBMA Comms - Cabling"
"72090","AA","code and description","72090 - IBMA 3rd Party Software"
"72090","AA","description","IBMA 3rd Party Software"
"72095","AA","code and description","72095 - IBMA File & Print"
"72095","AA","description","IBMA File & Print"
"72100","AA","code and description","72100 - IBMA Consultancy Services"
"72100","AA","description","IBMA Consultancy Services"
"72105","AA","code and description","72105 - IBMA Contract Implem Costs"
"72105","AA","description","IBMA Contract Implem Costs"
"72110","AA","code and description","72110 - IBMA Comms Voice"
"72110","AA","description","IBMA Comms Voice"
"72115","AA","code and description","72115 - IBMA Desktop"
"72115","AA","description","IBMA Desktop"
"72116","AA","code and description","72116 - IBMA Mailboxes"
"72116","AA","description","IBMA Mailboxes"
"72117","AA","code and description","72117 - IBMA Help Desk"
"72117","AA","description","IBMA Help Desk"
"72118","AA","code and description","72118 - IBMA MACs"
"72118","AA","description","IBMA MACs"
"72128","AA","code and description","72128 - IBMA ASR Software"
"72128","AA","description","IBMA ASR Software"
"72129","AA","code and description","72129 - IBMA ASR Labour"
"72129","AA","description","IBMA ASR Labour"
"72130","AA","code and description","72130 - IBMA ASR PC Desktop"
"72130","AA","description","IBMA ASR PC Desktop"
"72131","AA","code and description","72131 - IBMA ASR Server Equipment"
"72131","AA","description","IBMA ASR Server Equipment"
"72132","AA","code and description","72132 - IBMA ASR Printers"
"72132","AA","description","IBMA ASR Printers"
"72133","AA","code and description","72133 - IBMA ASR CommsInfrastructure"
"72133","AA","description","IBMA ASR CommsInfrastructure"
"72134","AA","code and description","72134 - IBMA ASR Office Phones"
"72134","AA","description","IBMA ASR Office Phones"
"72135","AA","code and description","72135 - IBMA ASR Mobile Phones"
"72135","AA","description","IBMA ASR Mobile Phones"
"72136","AA","code and description","72136 - IBMA ASR Fax &Other Phones"
"72136","AA","description","IBMA ASR Fax &Other Phones"
"72150","AA","code and description","72150 - Spare*AVAILABLE FOR REUSE"
"72150","AA","description","Spare*AVAILABLE FOR REUSE"
"72160","AA","code and description","72160 - Oseas Advances-DFAT Pymts (NO)"
"72170","AA","code and description","72170 - DSHI AdminCostsRecover-ResBr*M"
"72170","AA","description","DSHI AdminCostsRecover-ResBr*M"
"72200","AA","code and description","72200 - Debt Recovery"
"72200","AA","description","Debt Recovery"
"72205","AA","code and description","72205 - Litigation"
"72205","AA","description","Litigation"
"72210","AA","code and description","72210 - Contracts"
"72210","AA","description","Contracts"
"72215","AA","code and description","72215 - Other Legal Matters"
"72215","AA","description","Other Legal Matters"
"72299","AA","code and description","72299 - Funds Admin"
"72299","AA","description","Funds Admin"
"72300","AA","code and description","72300 - Rent - Leased Premises"
"72300","AA","description","Rent - Leased Premises"
"72305","AA","code and description","72305 - Fees - Lease Management"
"72305","AA","description","Fees - Lease Management"
"72310","AA","code and description","72310 - Leases - Outgoings"
"72310","AA","description","Leases - Outgoings"
"72315","AA","code and description","72315 - Leases - Outgoings - Security"
"72315","AA","description","Leases - Outgoings - Security"
"72320","AA","code and description","72320 - Leases - Outgoings - Energy"
"72320","AA","description","Leases - Outgoings - Energy"
"72325","AA","code and description","72325 - Leases - Outgoings - Cleaning"
"72325","AA","description","Leases - Outgoings - Cleaning"
"72330","AA","code and description","72330 - Leases-Outgoings-Rates & Taxes"
"72330","AA","description","Leases-Outgoings-Rates & Taxes"
"72335","AA","code and description","72335 - Leases - Outgoings - Misc"
"72335","AA","description","Leases - Outgoings - Misc"
"72338","AA","code and description","72338 - Leases-Outgoings-WasteDisposal"
"72338","AA","description","Leases-Outgoings-WasteDisposal"
"72340","AA","code and description","72340 - Leases-Outgoings-Water Supply"
"72340","AA","description","Leases-Outgoings-Water Supply"
"72345","AA","code and description","72345 - Repairs & Maintenance"
"72345","AA","description","Repairs & Maintenance"
"72350","AA","code and description","72350 - Minor Works"
"72350","AA","description","Minor Works"
"72395","AA","code and description","72395 - Oseas Rent"
"72395","AA","description","Oseas Rent"
"72399","AA","code and description","72399 - Funds POE Current"
"72399","AA","description","Funds POE Current"
"73199","AA","code and description","73199 - Funds Depreciation"
"73199","AA","description","Funds Depreciation"
"74205","AA","code and description","74205 - Doubtful Debts"
"74205","AA","description","Doubtful Debts"
"74300","AA","code and description","74300 - Bank Charges"
"74300","AA","description","Bank Charges"
"74400","AA","code and description","74400 - Accrued Suppliers Expenses"
"74400","AA","description","Accrued Suppliers Expenses"
"74500","AA","code and description","74500 - Interest Expense*DISABLED"
"74500","AA","description","Interest Expense*DISABLED"
"74599","AA","code and description","74599 - Funds Financing Costs"
"74599","AA","description","Funds Financing Costs"
"DSHI-11111","AA","code and description","DSHI-11111-House Premium revenue"
"DSHI-11111","AA","description","House Premium revenue"
"DSHI-11112","AA","code and description","DSHI-11112-Liability Premium revenue"
"DSHI-11112","AA","description","Liability Premium revenue"
"DSHI-11114","AA","code and description","DSHI-11114-Premium revenue earned house (movement)"
"DSHI-11114","AA","description","Premium revenue earned house (movement)"
"DSHI-11115","AA","code and description","DSHI-11115-Premium revenue earned liab (movement)"
"DSHI-11115","AA","description","Premium revenue earned liab (movement)"
"DSHI-11118","AA","code and description","DSHI-11118-Other Premiums"
"DSHI-11118","AA","description","Other Premiums"
"DSHI-11211","AA","code and description","DSHI-11211-Fire levy"
"DSHI-11211","AA","description","Fire levy"
"DSHI-12111","AA","code and description","DSHI-12111-House Claim quantum"
"DSHI-12111","AA","description","House Claim quantum"
"DSHI-12113","AA","code and description","DSHI-12113-House Legal expenses"
"DSHI-12113","AA","description","House Legal expenses"
"DSHI-12114","AA","code and description","DSHI-12114-House Assessor expenses"
"DSHI-12114","AA","description","House Assessor expenses"
"DSHI-12121","AA","code and description","DSHI-12121-Liability Claim quantum"
"DSHI-12121","AA","description","Liability Claim quantum"
"DSHI-12123","AA","code and description","DSHI-12123-Liability Legal expenses"
"DSHI-12123","AA","description","Liability Legal expenses"
"DSHI-12124","AA","code and description","DSHI-12124-Liability Assessor expenses"
"DSHI-12124","AA","description","Liability Assessor expenses"
"DSHI-12412","AA","code and description","DSHI-12412-Third Party Recoveries House"
"DSHI-12412","AA","description","Third Party Recoveries House"
"DSHI-12422","AA","code and description","DSHI-12422-Liability third party recoveries"
"DSHI-12422","AA","description","Liability third party recoveries"
"DSHI-12511","AA","code and description","DSHI-12511-House Reinsurance recoveries"
"DSHI-12511","AA","description","House Reinsurance recoveries"
"DSHI-13111","AA","code and description","DSHI-13111-Fire brigade expenses"
"DSHI-13111","AA","description","Fire brigade expenses"
"DSHI-14111","AA","code and description","DSHI-14111-Reinsurance expense House"
"DSHI-14111","AA","description","Reinsurance expense House"
"DSHI-14112","AA","code and description","DSHI-14112-Reinsurance expense Liability"
"DSHI-14112","AA","description","Reinsurance expense Liability"
"DSHI-14121","AA","code and description","DSHI-14121-Reinsurance Broker Expense"
"DSHI-14121","AA","description","Reinsurance Broker Expense"
"DSHI-21111","AA","code and description","DSHI-21111-QBE Contents Commission"
"DSHI-21111","AA","description","QBE Contents Commission revenue"
"DSHI-31111","AA","code and description","DSHI-31111-UBS Interest Revenue"
"DSHI-31111","AA","description","UBS Interest Revenue"
"DSHI-31121","AA","code and description","DSHI-31121-Investment revenue gain/loss"
"DSHI-31121","AA","description","Investment revenue gain/loss"
"DSHI-41111","AA","code and description","DSHI-41111-Basic salaries"
"DSHI-41111","AA","description","Basic salaries"
"DSHI-41131","AA","code and description","DSHI-41131-Superannuation"
"DSHI-41131","AA","description","Superannuation"
"10000","AA","code and description","10000 - Petty Cash"
"10000","AA","description","Petty Cash"
"10150","AA","code and description","10150 - DVA Main Bank Account"
"10150","AA","description","DVA Main Bank Account"
"10175","AA","code and description","10175 - DVA Bank Ac-Payroll Settlement"
"10175","AA","description","DVA Bank Ac-Payroll Settlement"
"10200","AA","code and description","10200 - Sundry Debtors"
"10200","AA","description","Sundry Debtors"
"10205","AA","code and description","10205 - SundryDebtors-FixedAssets"
"10205","AA","description","SundryDebtors-FixedAssets"
"10220","AA","code and description","10220 - Appropriation Receivable"
"10220","AA","description","Appropriation Receivable"
"10230","AA","code and description","10230 - Other Receivables"
"10230","AA","description","Other Receivables"
"10250","AA","code and description","10250 - Debtors Control Account"
"10250","AA","description","Debtors Control Account"
"10260","AA","code and description","10260 - Provision for Doubtful Debts"
"10260","AA","description","Provision for Doubtful Debts"
"10290","AA","code and description","10290 - Tax Holding Account"
"10290","AA","description","Tax Holding Account"
"10310","AA","code and description","10310 - Prepayments-Other"
"10310","AA","description","Prepayments-Other"
"11042","AA","code and description","11042 - Computer Equipment-Accum Dep"
"11042","AA","description","Computer Equipment-Accum Dep"
"12003","AA","code and description","12003 - Software-Devel In-house WIP"
"12003","AA","description","Software-Devel In-house WIP"
"13000","AA","code and description","13000 - GST Input Account"
"13000","AA","description","GST Input Account"
"13005","AA","code and description","13005 - GST Suspense Account"
"13005","AA","description","GST Suspense Account"
"13010","AA","code and description","13010 - GST Tax Variance Account"
"13010","AA","description","GST Tax Variance Account"
"13015","AA","code and description","13015 - GST Detail Tax Variance Acct"
"13015","AA","description","GST Detail Tax Variance Acct"
"13020","AA","code and description","13020 - GST 100% Tax Payments"
"13020","AA","description","GST 100% Tax Payments"
"20000","AA","code and description","20000 - Prov Ann Leave (renamed1/7/00)"
"20000","AA","description","Prov Ann Leave (renamed1/7/00)"
"20010","AA","code and description","20010 - Provision LSL*(renamed 1/7/00)"
"20010","AA","description","Provision LSL*(renamed 1/7/00)"
"20030","AA","code and description","20030 - Accrued Salary"
"20030","AA","description","Accrued Salary"
"20040","AA","code and description","20040 - Other Employee Provisions"
"20040","AA","description","Other Employee Provisions"
"20100","AA","code and description","20100 - Trade Creditors"
"20100","AA","description","Trade Creditors"
"20150","AA","code and description","20150 - Creditors Control Account"
"20150","AA","description","Creditors Control Account"
"20170","AA","code and description","20170 - Revenue Received in Advance"
"20170","AA","description","Revenue Received in Advance"
"20175","AA","code and description","20175 - AppropriationReceived inAdvace"
"20175","AA","description","AppropriationReceived inAdvace"
"20200","AA","code and description","20200 - POP Accrual Control"
"20200","AA","description","POP Accrual Control"
"20400","AA","code and description","20400 - Lease Incentive"
"20400","AA","description","Lease Incentive"
"21000","AA","code and description","21000 - GST Output Account"
"21000","AA","description","GST Output Account"
"30000","AA","code and description","30000 - Accumulated Results"
"30000","AA","description","Accumulated Results"
"30010","AA","code and description","30010 - Close Out Account"
"30010","AA","description","Close Out Account"
"30020","AA","code and description","30020 - Asset Revaluation Reserve"
"30020","AA","description","Asset Revaluation Reserve"
"30030","AA","code and description","30030 - Capital Injection"
"30030","AA","description","Capital Injection"
"73020","AA","code and description","73020 - Depr Computer Equipment"
"73020","AA","description","Depr Computer Equipment"
"74015","AA","code and description","74015 - Loss Furniture & Office Equip"
"74015","AA","description","Loss Furniture & Office Equip"
"74030","AA","code and description","74030 - Loss Portable & Attractive=NIL"
"74030","AA","description","Loss Portable & Attractive=NIL"
"74100","AA","code and description","74100 - Loss Computer Software"
"74100","AA","description","Loss Computer Software"
"11020","AA","code and description","11020 - Plant & Equipment-At Cost"
"11020","AA","description","Plant & Equipment-At Cost"
"11022","AA","code and description","11022 - Plant & Equipment-Accum Depr"
"11022","AA","description","Plant & Equipment-Accum Depr"
"11030","AA","code and description","11030 - Furn & Office Equip-At Cost"
"11030","AA","description","Furn & Office Equip-At Cost"
"11032","AA","code and description","11032 - Furn & Office Equip-Accum Depr"
"11032","AA","description","Furn & Office Equip-Accum Depr"
"11040","AA","code and description","11040 - Computer Equipment-At Cost"
"11040","AA","description","Computer Equipment-At Cost"
"11050","AA","code and description","11050 - Leasehold Improvements-At Cost"
"11050","AA","description","Leasehold Improvements-At Cost"
"11052","AA","code and description","11052 - Leasehold Improv-Accum Depr"
"11052","AA","description","Leasehold Improv-Accum Depr"
"12000","AA","code and description","12000 - Software-Development In-house"
"12000","AA","description","Software-Development In-house"
"12001","AA","code and description","12001 - Software-Dev In-house-Amortn"
"12001","AA","description","Software-Dev In-house-Amortn"
"12004","AA","code and description","12004 - Software-Development IH 98-00"
"12004","AA","description","Software-Development IH 98-00"
"12005","AA","code and description","12005 - Software-DevIH 98-00Amortisati"
"12005","AA","description","Software-DevIH 98-00Amortisati"
"12010","AA","code and description","12010 - Software-Purchased"
"12010","AA","description","Software-Purchased"
"12011","AA","code and description","12011 - Software-Purchased-Amortisatio"
"12011","AA","description","Software-Purchased-Amortisatio"
"11090","AA","code and description","11090 - Port&AttractItemsNIL*FR&P ONLY"
"11090","AA","description","Port&AttractItemsNIL*FR&P ONLY"
"11053","AA","code and description","11053 - Leasehold Improv-WIP"
"11053","AA","description","Leasehold Improv-WIP"
"73015","AA","code and description","73015 - Depr Furniture & Office Equip"
"73015","AA","description","Depr Furniture & Office Equip"
"73025","AA","code and description","73025 - Depr Leasehold Improvements"
"73025","AA","description","Depr Leasehold Improvements"
"11092","AA","code and description","11092 - Port&AttractAccumDepr=NIL*FR&P"
"11092","AA","description","Port&AttractAccumDepr=NIL*FR&P"
"73030","AA","code and description","73030 - Depr Port & Attractive - NIL"
"73030","AA","description","Depr Port & Attractive - NIL"
"73100","AA","code and description","73100 - Amortisation of Computer Softw"
"73100","AA","description","Amortisation of Computer Softw"
"78600","AA","code and description","78600 - OseasBritish&OthersDP Outcome1"
"78600","AA","description","OseasBritish&OthersDP Outcome1"
"78610","AA","code and description","78610 - OseasBritish&OthersWW Outcome1"
"78610","AA","description","OseasBritish&OthersWW Outcome1"
"68351","AA","code and description","68351 - MedicalExams&Reports-Outcome1"
"68351","AA","description","MedicalExams&Reports-Outcome1"
"68830","AA","code and description","68830 - Advance Payment-Paid to Client"
"68830","AA","description","Advance Payment-Paid to Client"
"68831","AA","code and description","68831 - Advance Pymt-DefIncapacityPymt"
"68831","AA","description","Advance Pymt-DefIncapacityPymt"
"68204","AA","code and description","68204 - LegalExpsOtherLegalAdvOutcome1"
"68204","AA","description","LegalExpsOtherLegalAdvOutcome1"
"65030","AA","code and description","65030 - Incapacity Pymts-Members"
"65030","AA","description","Incapacity Pymts-Members"
"68010","AA","code and description","68010 - GP Consultants"
"68010","AA","description","GP Consultants"
"68020","AA","code and description","68020 - Specialist Consultants"
"68020","AA","description","Specialist Consultants"
"68030","AA","code and description","68030 - Physiotherapy Services"
"68030","AA","description","Physiotherapy Services"
"68090","AA","code and description","68090 - Pharmaceuticals"
"68090","AA","description","Pharmaceuticals"
"68170","AA","code and description","68170 - House Services"
"68170","AA","description","House Services"
"15270","AA","code and description","15270 - Debtors Control Account Prog 997"
"15270","AA","description","Debtors Control Account Prog 997"
"15285","AA","code and description","15285 - Tax Holding Account Prog 997"
"15285","AA","description","Tax Holding Account Prog 997"
"16000","AA","code and description","16000 - GST Input Account"
"16010","AA","code and description","16010 - GST Tax Variance Account"
"16015","AA","code and description","16015 - GST Detail Tax Variance Acct"
"16020","AA","code and description","16020 - GST 100% Tax Payments"
"25150","AA","code and description","25150 - Creditors Control Account Prog 997"
"25150","AA","description","Creditors Control Account Prog 997"
"26000","AA","code and description","26000 - GST Output Account"
"91065","AA","code and description","91065 - HR Interface Clear Acc 6307"
"91065","AA","description","HR Interface Clear Acc 6307"
"15010","AA","code and description","15010 - Bank - MA Advance Account Prog 044"
"15010","AA","description","Bank - MA Advance Account Prog 044"
"15060","AA","code and description","15060 - Petty Cash Advances Prog 997"
"15060","AA","description","Petty Cash Advances Prog 997"
"15120","AA","code and description","15120 - Admin Investments - AWM Prog 997"
"15120","AA","description","Admin Investments - AWM Pro997"
"15150","AA","code and description","15150 - DVA Main Bank Prog 997"
"15150","AA","description","DVA Main Bank Prog 997"
"15155","AA","code and description","15155 - DVA Bank - AR Prog 997"
"15155","AA","description","DVA Bank - AR Prog 997"
"15200","AA","code and description","15200 - Pension Receivables Prog 045"
"15200","AA","description","Pension Receivables Prog 045"
"15242","AA","code and description","15242 - Loan to TPI Vet Assoc. Prog 035"
"15242","AA","description","Loan to TPI Vet Assoc. Prog 035"
"15243","AA","code and description","15243 - LoanReceivable-discountForAccr Prog 035"
"15243","AA","description","LoanReceivable-discountForAccr Prog 035"
"15280","AA","code and description","15280 - Provison for Doubtful Debts Prog 045"
"15280","AA","description","Provison for Doubtful Debts Prog 045"
"15290","AA","code and description","15290 - Appropriation Receivable"
"15295","AA","code and description","15295 - Special Approp Receivable"
"15295","AA","description","Special Approp Receivable"
"25000","AA","code and description","25000 - TAS Provision Prog 044"
"25000","AA","description","TAS provision Prog 044"
"25010","AA","code and description","25010 - ProvisionMCRS(SCRA)Liability Prog 034"
"25010","AA","description","ProvisionMCRS(SCRA)Liability Prog 034"
"25020","AA","code and description","25020 - Provision MRCS(MRCA) Liability Prog 033"
"25020","AA","description","Provision MRCS(MRCA) Liability Prog 033"
"25105","AA","code and description","25105 - Creditors-Pension Accruals Prog 036"
"25105","AA","description","Creditors-Pension Accruals Prog 036"
"25120","AA","code and description","25120 - Creditors-Section 49 Prog 997"
"25120","AA","description","Creditors-Section 49 Prog 997"
"25125","AA","code and description","25125 - Amount Payable to DOFA Prog 997"
"25125","AA","description","Amount Payable to DOFA Prog 997"
"25126","AA","code and description","25126 - Amount Payable to OPA Prog 997"
"25126","AA","description","Amount Payable to OPA Prog 997"
"25127","AA","code and description","25127 - TFOTM Liability Prog 997"
"25127","AA","description","TFOTM Liability Prog 997"
"25130","AA","code and description","25130 - Creditors-Other Prog 997"
"25130","AA","description","Creditors-Other Prog 997"
"25140","AA","code and description","25140 - Amount payable to MA Prog 044"
"25140","AA","description","Amount payable to MA Prog 044"
"25200","AA","code and description","25200 - POP Accrual Control Prog 997"
"25200","AA","description","POP Accrual Control Prog 997"
"25300","AA","code and description","25300 - Provision Long Service Leave Prog 042"
"25300","AA","description","Provision Long Service Leave Prog 042"
"25310","AA","code and description","25310 - Accrual Salary & Benefits Prog 042"
"25310","AA","description","Accrual Salary & Benefits Prog 042"
"35000","AA","code and description","35000 - Accumulated Results"
"35010","AA","code and description","35010 - Close Out Account"
"35020","AA","code and description","35020 - Admin Entities Invest Reserve"
"35020","AA","description","Admin Entities Invest Reserve"
"35030","AA","code and description","35030 - Other Reserve"
"35030","AA","description","Other Reserve"
"35040","AA","code and description","35040 - Equity Injection"
"35040","AA","description","Equity Injection"
"44200","AA","code and description","44200 - Reimbursements from FACS"
"44200","AA","description","Reimbursements from FACS"
"55125","AA","code and description","55125 - Section 93 & 93A recoveries"
"55125","AA","description","Section 93 & 93A recoveries"
"57000","AA","code and description","57000 - Cash from Cmlth Public A/c"
"57000","AA","description","Cash from Cmlth Public A/c"
"57005","AA","code and description","57005 - Cash to Cmlth Public A/c"
"57005","AA","description","Cash to Cmlth Public A/c"
"57010","AA","code and description","57010 - Special Appropriations Accrued"
"57010","AA","description","Special Appropriations Accrued"
"89110","AA","code and description","89110 - Sect93 Waivers"
"89110","AA","description","Sect93 Waivers"
"91080","AA","code and description","91080 - HR Interface Clear Acc GENERAL"
"91080","AA","description","HR Interface Clear Acc GENERAL"
"78000","AA","code and description","78000 - Comp for Detriment-Defect Admi"
"78000","AA","description","Comp for Detriment-Defect Admi"
"85460","AA","code and description","85460 - Data Matching Investigat Unit"
"85460","AA","description","Data Matching Investigat Unit"
"85495","AA","code and description","85495 - SP Accrual (NO FR&P use only)"
"85495","AA","description","SP Accrual (NO FR&P use only)"
"75200","AA","code and description","75200 - Act of Grace S34A(1)"
"75200","AA","description","Act of Grace S34A(1)"
"75290","AA","code and description","75290 - Oseas Advances-DFAT Pymts (NO)"
"75400","AA","code and description","75400 - Pathology"
"75400","AA","description","Pathology"
"78435","AA","code and description","78435 - Bursary Payments"
"78435","AA","description","Bursary Payments"
"84930","AA","code and description","84930 - PrisonersOfWarEuropeVEA Regula"
"84930","AA","description","PrisonersOfWarEuropeVEA Regula"
"85295","AA","code and description","85295 - DP Accrual (NO FP&P use only)"
"85295","AA","description","DP Accrual (NO FP&P use only)"
"85395","AA","code and description","85395 - WWP Accrual (NO FR&P use only)"
"85395","AA","description","WWP Accrual (NO FR&P use only)"
"68230","AA","code and description","68230 - DefenceActFinancialAssistance"
"68230","AA","description","DefenceActFinancialAssistance"
"68250","AA","code and description","68250 - SRCA Death Lump Sum"
"68250","AA","description","SRCA Death Lump Sum"
"68260","AA","code and description","68260 - Defence Act ADB"
"68260","AA","description","Defence Act ADB"
"68300","AA","code and description","68300 - S24 Permanent Impairment"
"68300","AA","description","S24 Permanent Impairment"
"68310","AA","code and description","68310 - S27 Permanent Impairment"
"68310","AA","description","S27 Permanent Impairment"
"68420","AA","code and description","68420 - Funeral Expenses"
"65014","AA","code and description","65014 - AdditionDeathBenefitPartners(2"
"65014","AA","description","AdditionDeathBenefitPartners(2"
"65051","AA","code and description","65051 - LossOfAids & Appliances - s226"
"65051","AA","description","LossOfAids & Appliances - s226"
"65060","AA","code and description","65060 - Special Assisstance"
"65060","AA","description","Special Assisstance"
"65100","AA","code and description","65100 - Motor Vehicle Scheme"
"65100","AA","description","Motor Vehicle Scheme"
"65301","AA","code and description","65301 - PrivateHospitals-AdvancesToHIC"
"65301","AA","description","PrivateHospitals-AdvancesToHIC"
"65401","AA","code and description","65401 - LMO ConsultationsAdvancesToHIC"
"65401","AA","description","LMO ConsultationsAdvancesToHIC"
"65501","AA","code and description","65501 - SpecialistsConsultsAdvancesHIC"
"65501","AA","description","SpecialistsConsultsAdvancesHIC"
"65601","AA","code and description","65601 - Medical&OtherSvcsAdvancesToHIC"
"65601","AA","description","Medical&OtherSvcsAdvancesToHIC"
"65701","AA","code and description","65701 - Pharmaceuticals -AdvancesToHIC"
"65701","AA","description","Pharmaceuticals -AdvancesToHIC"
"65900","AA","code and description","65900 - MedExamsRelComPensationEntitle"
"65900","AA","description","MedExamsRelComPensationEntitle"
"65901","AA","code and description","65901 - Travel&OtherRelComPensEntitle"
"65901","AA","description","Travel&OtherRelComPensEntitle"
"65003","AA","code and description","65003 - PLLumpSumEligibleYoungPersons"
"65003","AA","description","PLLumpSumEligibleYoungPersons"
"65041","AA","code and description","65041 - Financial Advice - SRDP"
"65041","AA","description","Financial Advice - SRDP"
"65143","AA","code and description","65143 - LegalExpBarristersFeesOutcome1"
"65143","AA","description","LegalExpBarristersFeesOutcome1"
"65146","AA","code and description","65146 - Legal Expenses VRB - Outcome 1"
"65146","AA","description","Legal Expenses VRB - Outcome 1"
"65140","AA","code and description","65140 - LegalExpReconsidAdviceOutcome1"
"65140","AA","description","LegalExpReconsidAdviceOutcome1"
"64790","AA","code and description","64790 - BritishNuclearTestParticipant"
"64790","AA","description","BritishNuclearTestParticipant"
"75568","AA","code and description","75568 - BHP - GP Consultations"
"75568","AA","description","BHP - GP Consultations"
"75569","AA","code and description","75569 - BHP - Anaesthetist"
"75569","AA","description","BHP - Anaesthetist"
"75570","AA","code and description","75570 - BHP - Day Procedure Centre"
"75570","AA","description","BHP - Day Procedure Centre"
"75571","AA","code and description","75571 - BHP - Dermatologist"
"75571","AA","description","BHP - Dermatologist"
"75572","AA","code and description","75572 - BHP - Gastroenterologist"
"75572","AA","description","BHP - Gastroenterologist"
"75573","AA","code and description","75573 - BHP - General Surgeon"
"75573","AA","description","BHP - General Surgeon"
"75574","AA","code and description","75574 - BHP - Hospital"
"75574","AA","description","BHP - Hospital"
"75575","AA","code and description","75575 - BHP - Travel"
"75575","AA","description","BHP - Travel"
"78700","AA","code and description","78700 - SHOAMP - Pharmaceuticals"
"78700","AA","description","SHOAMP - Pharmaceuticals"
"78701","AA","code and description","78701 - SHOAMP - Appliances"
"78701","AA","description","SHOAMP - Appliances"
"78702","AA","code and description","78702 - SHOAMP - Travel"
"78702","AA","description","SHOAMP - Travel"
"78703","AA","code and description","78703 - SHOAMP - Household Services"
"78703","AA","description","SHOAMP - Household Services"
"78704","AA","code and description","78704 - SHOAMP - GP Consultations"
"78704","AA","description","SHOAMP - GP Consultations"
"78707","AA","code and description","78707 - SHOAMP - Physiotherapy"
"78707","AA","description","SHOAMP - Physiotherapy"
"78708","AA","code and description","78708 - SHOAMP - Occupational Therapy"
"78708","AA","description","SHOAMP - Occupational Therapy"
"78709","AA","code and description","78709 - SHOAMP-SpecOther incXrays&Gast"
"78709","AA","description","SHOAMP-SpecOther incXrays&Gast"
"78710","AA","code and description","78710 - SHOAMP - Neurologists"
"78710","AA","description","SHOAMP - Neurologists"
"78712","AA","code and description","78712 - SHOAMP - Psychiatrists"
"78712","AA","description","SHOAMP - Psychiatrists"
"68000","AA","code and description","68000 - Hospital Services"
"68000","AA","description","Hospital Services"
"68040","AA","code and description","68040 - Chiropractic Services"
"68040","AA","description","Chiropractic Services"
"68050","AA","code and description","68050 - Medical Travel - Treatment"
"68050","AA","description","Medical Travel - Treatment"
"68100","AA","code and description","68100 - S16Medical Aids&Appliances"
"68100","AA","description","S16Medical Aids&Appliances"
"68120","AA","code and description","68120 - S36 Rehabilitation Assessment"
"68120","AA","description","S36 Rehabilitation Assessment"
"68130","AA","code and description","68130 - S37 Rehabilitation Services"
"68130","AA","description","S37 Rehabilitation Services"
"68140","AA","code and description","68140 - S39Aids.Appliances& Modificati"
"68140","AA","description","S39Aids.Appliances& Modificati"
"68180","AA","code and description","68180 - Attendant Care"
"65141","AA","code and description","65141 - LegalExpsAAT RepresentOutcome1"
"65141","AA","description","LegalExpsAAT RepresentOutcome1"
"65142","AA","code and description","65142 - LegalExpFedCourtRepresOutcome1"
"65142","AA","description","LegalExpFedCourtRepresOutcome1"
"65200","AA","code and description","65200 - PublicHospitals-Part2(Reimb.)"
"65200","AA","description","PublicHospitals-Part2(Reimb.)"
"65300","AA","code and description","65300 - PrivateHospitals-Part2(Reimb.)"
"65300","AA","description","PrivateHospitals-Part2(Reimb.)"
"65400","AA","code and description","65400 - LMO ConsultationsPart2(Reimb.)"
"65400","AA","description","LMO ConsultationsPart2(Reimb.)"
"65500","AA","code and description","65500 - SpecialistsconsultPart2(Reimb)"
"65500","AA","description","SpecialistsconsultPart2(Reimb)"
"65600","AA","code and description","65600 - Medical&OtherSvcs-Part2(Reimb)"
"65600","AA","description","Medical&OtherSvcs-Part2(Reimb)"
"65700","AA","code and description","65700 - Pharmaceuticals-Part2(Reimb.)"
"65700","AA","description","Pharmaceuticals-Part2(Reimb.)"
"65800","AA","code and description","65800 - Rehabilitation Assessments"
"65800","AA","description","Rehabilitation Assessments"
"65801","AA","code and description","65801 - Vocational Programs"
"65801","AA","description","Vocational Programs"
"65802","AA","code and description","65802 - Other RehabiltationPrograms"
"65802","AA","description","Other RehabiltationPrograms"
"65804","AA","code and description","65804 - RehabAids&Applicances(MCRACh3)"
"65804","AA","description","RehabAids&Applicances(MCRACh3)"
"65805","AA","code and description","65805 - RepairAids&Applicance(MCRACh3)"
"65805","AA","description","RepairAids&Applicance(MCRACh3)"
"65950","AA","code and description","65950 - Attendant Care"
"65950","AA","description","Attendant Care"
"65960","AA","code and description","65960 - Household Services"
"65960","AA","description","Household Services"
"78200","AA","code and description","78200 - Claims Assist Grants Scheme"
"78200","AA","description","Claims Assist Grants Scheme"
"77100","AA","code and description","77100 - Legal Expenses (Outcome 2)"
"77100","AA","description","Legal Expenses (Outcome 2)"
"77125","AA","code and description","77125 - Ex-GratiaPymtsOthers(Outcome2)"
"77125","AA","description","Ex-GratiaPymtsOthers(Outcome2)"
"77130","AA","code and description","77130 - Legal Expenses (Outcome 1)"
"77130","AA","description","Legal Expenses (Outcome 1)"
"77150","AA","code and description","77150 - Legal Expenses (Outcome 3"
"77150","AA","description","Legal Expenses (Outcome 3"
"86710","AA","code and description","86710 - Other Hospital Services"
"86710","AA","description","Other Hospital Services"
"86720","AA","code and description","86720 - Resid Respite Daily Care Fees"
"86720","AA","description","Resid Respite Daily Care Fees"
"86737","AA","code and description","86737 - Payments to ACT- Canberra Hosp"
"86737","AA","description","Payments to ACT- Canberra Hosp"
"86746","AA","code and description","86746 - CMVH-DVA ContributToDefence"
"86746","AA","description","CMVH-DVA ContributToDefence"
"86790","AA","code and description","86790 - Other Hospital Services"
"78620","AA","code and description","78620 - OseasPatients/Recove-PharmOut2"
"78620","AA","description","OseasPatients/Recove-PharmOut2"
"87800","AA","code and description","87800 - Pharmaceut Serv-Adv to HIC"
"87800","AA","description","Pharmaceut Serv-Adv to HIC"
"86900","AA","code and description","86900 - LMO Consultations-Adv to HIC"
"86900","AA","description","LMO Consultations-Adv to HIC"
"86903","AA","code and description","86903 - LMO SupplementPymts 03-04 NPP"
"86903","AA","description","LMO SupplementPymts 03-04 NPP"
"86915","AA","code and description","86915 - RadiationOncologyCapCom(NOonly"
"86915","AA","description","RadiationOncologyCapCom(NOonly"
"86919","AA","code and description","86919 - Care Coordination Pilots"
"86919","AA","description","Care Coordination Pilots"
"86925","AA","code and description","86925 - SpecialistConsult-Prov(NOonly)"
"86925","AA","description","SpecialistConsult-Prov(NOonly)"
"86935","AA","code and description","86935 - LMO&Specialist Svcs-Advisers"
"86935","AA","description","LMO&Specialist Svcs-Advisers"
"86940","AA","code and description","86940 - LMO&Specialist Svcs-Providers"
"86940","AA","description","LMO&Specialist Svcs-Providers"
"86941","AA","code and description","86941 - Gulf Vets Medical Examinations"
"86941","AA","description","Gulf Vets Medical Examinations"
"86946","AA","code and description","86946 - Visudyne treatment-HPG"
"86946","AA","description","Visudyne treatment-HPG"
"86947","AA","code and description","86947 - Gulf War & SHOAMP SerumStorage"
"86947","AA","description","Gulf War & SHOAMP SerumStorage"
"86950","AA","code and description","86950 - MedServsAdvisoryCommtt(NOonly)"
"86950","AA","description","MedServsAdvisoryCommtt(NOonly)"
"78630","AA","code and description","78630 - OseasPatients/RecovNonInstOut2"
"78630","AA","description","OseasPatients/RecovNonInstOut2"
"86401","AA","code and description","86401 - Community Nursing-HIC GST Cr*M"
"86401","AA","description","Community Nursing-HIC GST Cr*M"
"86425","AA","code and description","86425 - Community Nursing Audits"
"86425","AA","description","Community Nursing Audits"
"86430","AA","code and description","86430 - ECU Contractor Costs"
"86430","AA","description","ECU Contractor Costs"
"86435","AA","code and description","86435 - ECU Operational Costs"
"86435","AA","description","ECU Operational Costs"
"87305","AA","code and description","87305 - Payments-Hearing Aid Maint Fee"
"87305","AA","description","Payments-Hearing Aid Maint Fee"
"87307","AA","code and description","87307 - Medication Management"
"87307","AA","description","Medication Management"
"87430","AA","code and description","87430 - Social Workers"
"87430","AA","description","Social Workers"
"87453","AA","code and description","87453 - Other AHP"
"87453","AA","description","Other AHP"
"87535","AA","code and description","87535 - Other Refunds-Other Medical"
"87535","AA","description","Other Refunds-Other Medical"
"87196","AA","code and description","87196 - Diabetic Ed Promotion"
"87196","AA","description","Diabetic Ed Promotion"
"87264","AA","code and description","87264 - Homefront99/00 NPP Call Costs"
"87264","AA","description","Homefront99/00 NPP Call Costs"
"87265","AA","code and description","87265 - Homefront99/00 NPP Assessors"
"87265","AA","description","Homefront99/00 NPP Assessors"
"87266","AA","code and description","87266 - Homefront99/00 NPP Item&Instal"
"87266","AA","description","Homefront99/00 NPP Item&Instal"
"86540","AA","code and description","86540 - Air"
"86540","AA","description","Air"
"87700","AA","code and description","87700 - Emergency Relief"
"87700","AA","description","Emergency Relief"
"87705","AA","code and description","87705 - In-Home Respite"
"87705","AA","description","In-Home Respite"
"87706","AA","code and description","87706 - VHC Cordinated Respite"
"87706","AA","description","VHC Cordinated Respite"
"87935","AA","code and description","87935 - State Nursing Homes-viaDH&CS"
"87935","AA","description","State Nursing Homes-viaDH&CS"
"87995","AA","code and description","87995 - StateNursHomesAccrual(NO FR&P"
"87995","AA","description","StateNursHomesAccrual(NO FR&P"
"88100","AA","code and description","88100 - VHC Assessment/Co-ordination"
"88100","AA","description","VHC Assessment/Co-ordination"
"88150","AA","code and description","88150 - VHC Service Provision"
"88150","AA","description","VHC Service Provision"
"88155","AA","code and description","88155 - MOU/Deedof AgreemtPymts"
"88155","AA","description","MOU/Deedof AgreemtPymts"
"75567","AA","code and description","75567 - VVHS ChildSupportProg(A Approp"
"75567","AA","description","VVHS ChildSupportProg(A Approp"
"86235","AA","code and description","86235 - National Centre forPTSD(ACPMH)"
"86235","AA","description","National Centre forPTSD(ACPMH)"
"86266","AA","code and description","86266 - VVCS Mental Hlth NPP 06/07"
"86266","AA","description","VVCS Mental Hlth NPP 06/07"
"86267","AA","code and description","86267 - Pol Mental Hlth NPP 06/07"
"86267","AA","description","Pol Mental Hlth NPP 06/07"
"86273","AA","code and description","86273 - VVHSAlcoholMgt(TheRightMixProj"
"86273","AA","description","VVHSAlcoholMgt(TheRightMixProj"
"86274","AA","code and description","86274 - VVHS Men's Hlth Peer Educ Proj"
"86274","AA","description","VVHS Men's Hlth Peer Educ Proj"
"86275","AA","code and description","86275 - VVHS ACPTMH StateTrnInit(ACPMH"
"86275","AA","description","VVHS ACPTMH StateTrnInit(ACPMH"
"77220","AA","code and description","77220 - TPI"
"77220","AA","description","TPI"
"77225","AA","code and description","77225 - Aust Veteran and Def Serv Coun"
"77225","AA","description","Aust Veteran and Def Serv Coun"
"77230","AA","code and description","77230 - Regular Def Force Welfare Assn"
"77230","AA","description","Regular Def Force Welfare Assn"
"77235","AA","code and description","77235 - World Veterans Federation"
"77235","AA","description","World Veterans Federation"
"77255","AA","code and description","77255 - Legacy Co-ordinating Council"
"77255","AA","description","Legacy Co-ordinating Council"
"77263","AA","code and description","77263 - AusPeacekeeper&PeacemakerVetAs"
"77263","AA","description","AusPeacekeeper&PeacemakerVetAs"
"77265","AA","code and description","77265 - Partners of VetsAssnofAust Inc"
"77265","AA","description","Partners of VetsAssnofAust Inc"
"77270","AA","code and description","77270 - VietnamVeteransFederationofAUS"
"77270","AA","description","VietnamVeteransFederationofAUS"
"77275","AA","code and description","77275 - AustSpecial AirService Associa"
"77275","AA","description","AustSpecial AirService Associa"
"79140","AA","code and description","79140 - Helpline Services"
"79140","AA","description","Helpline Services"
"79100","AA","code and description","79100 - Payment Joint Ventures-Vets"
"79100","AA","description","Payment Joint Ventures-Vets"
"77300","AA","code and description","77300 - Health & Medical Res Program"
"77300","AA","description","Health & Medical Res Program"
"77400","AA","code and description","77400 - Commem Missions/Delegat Oseas"
"77400","AA","description","Commem Missions/Delegat Oseas"
"77401","AA","code and description","77401 - Commem Missions/Delegat Domest"
"77401","AA","description","Commem Missions/Delegat Domest"
"77405","AA","code and description","77405 - Commemorative Events"
"77405","AA","description","Commemorative Events"
"77410","AA","code and description","77410 - Community Awareness"
"77410","AA","description","Community Awareness"
"77411","AA","code and description","77411 - Museums Relations"
"77411","AA","description","Museums Relations"
"77413","AA","code and description","77413 - Australians at War Film Archiv"
"77413","AA","description","Australians at War Film Archiv"
"77414","AA","code and description","77414 - Documantaries/OtherSignifcProj"
"77414","AA","description","Documantaries/OtherSignifcProj"
"77415","AA","code and description","77415 - Education"
"77415","AA","description","Education"
"77440","AA","code and description","77440 - Memorials"
"77440","AA","description","Memorials"
"77490","AA","code and description","77490 - Oseas Advances-DFAT Pymts (NO)"
"77205","AA","code and description","77205 - RSL General Purpose Grant"
"77205","AA","description","RSL General Purpose Grant"
"77240","AA","code and description","77240 - Naval Association of Aust"
"77240","AA","description","Naval Association of Aust"
"77273","AA","code and description","77273 - NatAssocOfExtremDisabled W/Vet"
"77273","AA","description","NatAssocOfExtremDisabled W/Vet"
"55100","AA","code and description","55100 - Surgical Aids (RALAC)"
"55100","AA","description","Surgical Aids (RALAC)"
"55155","AA","code and description","55155 - Appropriation Former Years"
"55155","AA","description","Appropriation Former Years"
"55165","AA","code and description","55165 - Other Revenue"
"55165","AA","description","Other Revenue"
"55175","AA","code and description","55175 - Commission on Imperial Pension"
"55175","AA","description","Commission on Imperial Pension"
"55176","AA","code and description","55176 - Overseas Pension Payments"
"55176","AA","description","Overseas Pension Payments"
"55177","AA","code and description","55177 - Overseas Health Payments"
"55177","AA","description","Overseas Health Payments"
"75556","AA","code and description","75556 - VVCS - Professional Supervisio"
"75556","AA","description","VVCS - Professional Supervisio"
"75561","AA","code and description","75561 - Relief costs sess staff VVCS"
"75561","AA","description","Relief costs sess staff VVCS"
"86200","AA","code and description","86200 - Progs Residential-Travel"
"86200","AA","description","Progs Residential-Travel"
"86202","AA","code and description","86202 - Progs Residential-Overhead"
"86202","AA","description","Progs Residential-Overhead"
"86203","AA","code and description","86203 - Progs Residential-Sessional"
"86203","AA","description","Progs Residential-Sessional"
"86204","AA","code and description","86204 - Progs Partners-Travel"
"86204","AA","description","Progs Partners-Travel"
"86206","AA","code and description","86206 - Progs Partners-Overheads"
"86206","AA","description","Progs Partners-Overheads"
"86207","AA","code and description","86207 - Progs Partners-Sessional"
"86207","AA","description","Progs Partners-Sessional"
"86216","AA","code and description","86216 - Progs Other Psychoed-Travel"
"86216","AA","description","Progs Other Psychoed-Travel"
"86218","AA","code and description","86218 - Progs Other Psychoed-Overheads"
"86218","AA","description","Progs Other Psychoed-Overheads"
"86219","AA","code and description","86219 - Progs Other Psychoed-Sessional"
"86219","AA","description","Progs Other Psychoed-Sessional"
"86223","AA","code and description","86223 - ProgsHlth&FitnessSessional(HH)"
"86223","AA","description","ProgsHlth&FitnessSessional(HH)"
"86237","AA","code and description","86237 - ProgsGenGroupOverheads"
"86237","AA","description","ProgsGenGroupOverheads"
"86238","AA","code and description","86238 - ProgsCommunity Developemnt"
"86238","AA","description","ProgsCommunity Developemnt"
"86239","AA","code and description","86239 - ProgsMarketing Expenses"
"86239","AA","description","ProgsMarketing Expenses"
"86244","AA","code and description","86244 - COP Travel Allowance"
"86244","AA","description","COP Travel Allowance"
"86245","AA","code and description","86245 - COP Vehicles/Temporary Hire"
"86245","AA","description","COP Vehicles/Temporary Hire"
"86246","AA","code and description","86246 - COP Other Trans(inc Cabcharge)"
"86246","AA","description","COP Other Trans(inc Cabcharge)"
"86250","AA","code and description","86250 - COP Contract Counsellor Fees"
"86250","AA","description","COP Contract Counsellor Fees"
"86262","AA","code and description","86262 - Psych Assessment-Children"
"86262","AA","description","Psych Assessment-Children"
"86210","AA","code and description","86210 - Progs Children-Overhead(S&D)"
"86210","AA","description","Progs Children-Overhead(S&D)"
"86212","AA","code and description","86212 - Progs Alc&Sub Abuse-Travel"
"86212","AA","description","Progs Alc&Sub Abuse-Travel"
"86217","AA","code and description","86217 - Progs Other Psychoed-Pers Exp"
"86217","AA","description","Progs Other Psychoed-Pers Exp"
"86220","AA","code and description","86220 - ProgsHealth&Fitness-Travel(HH)"
"86220","AA","description","ProgsHealth&Fitness-Travel(HH)"
"86222","AA","code and description","86222 - ProgsHlth&FitnessOverheads(HH)"
"86222","AA","description","ProgsHlth&FitnessOverheads(HH)"
"86225","AA","code and description","86225 - Progs Medical Links-Pers Exp"
"86225","AA","description","Progs Medical Links-Pers Exp"
"86240","AA","code and description","86240 - COP Support Expenses"
"86240","AA","description","COP Support Expenses"
"86248","AA","code and description","86248 - COP Advertising"
"86248","AA","description","COP Advertising"
"86252","AA","code and description","86252 - Counsel Serv to ADF-Recovery*M"
"86252","AA","description","Counsel Serv to ADF-Recovery*M"
"86256","AA","code and description","86256 - After Hours-Agency Fees(Vline)"
"86256","AA","description","After Hours-Agency Fees(Vline)"
"86259","AA","code and description","86259 - AfterHours-FaresT/A etc(Vline)"
"86259","AA","description","AfterHours-FaresT/A etc(Vline)"
"86278","AA","code and description","86278 - VVHS Crisis Relief"
"86278","AA","description","VVHS Crisis Relief"
"75010","AA","code and description","75010 - Travel Trav Allow Domestic"
"75010","AA","description","Travel Trav Allow Domestic"
"75075","AA","code and description","75075 - Vehicle Transport"
"75075","AA","description","Vehicle Transport"
"75080","AA","code and description","75080 - Structural Maintenance"
"75080","AA","description","Structural Maintenance"
"75085","AA","code and description","75085 - Horticultural Maintenance"
"75085","AA","description","Horticultural Maintenance"
"75090","AA","code and description","75090 - War Cemetery Maintenance"
"75090","AA","description","War Cemetery Maintenance"
"75095","AA","code and description","75095 - Water Charges"
"75095","AA","description","Water Charges"
"75015","AA","code and description","75015 - Travel Fares Domestic"
"75015","AA","description","Travel Fares Domestic"
"75060","AA","code and description","75060 - Security"
"75060","AA","description","Security"
"75011","AA","code and description","75011 - Travel TravAllow International"
"75011","AA","description","Travel TravAllow International"
"75016","AA","code and description","75016 - Travel Fares International"
"75016","AA","description","Travel Fares International"
"75017","AA","code and description","75017 - TravelOtheThanAccomBrok/NonCom"
"75117","AA","code and description","75117 - Western Front Initiatives"
"75117","AA","description","Western Front Initiatives"
"75190","AA","code and description","75190 - Oseas Advances-DFAT Pymts (NO)"
"75001","AA","code and description","75001 - Post War Commerations"
"75001","AA","description","Post War Commerations"
"75006","AA","code and description","75006 - Plaques Freight Costs"
"75006","AA","description","Plaques Freight Costs"
"75013","AA","code and description","75013 - Travel - Accomodation Broker"
"75065","AA","code and description","75065 - Miscellaneous"
"75100","AA","code and description","75100 - Contracting Out - Civil Maint"
"75100","AA","description","Contracting Out - Civil Maint"
"75113","AA","code and description","75113 - Overseas Memorial Construction"
"75113","AA","description","Overseas Memorial Construction"
"75114","AA","code and description","75114 - Overseas Memorial Maintenance"
"75114","AA","description","Overseas Memorial Maintenance"
"75115","AA","code and description","75115 - Hellfire Pass Maintenance"
"75115","AA","description","Hellfire Pass Maintenance"
"75116","AA","code and description","75116 - Sandakan Maint."
"75116","AA","description","Sandakan Maint."
"75118","AA","code and description","75118 - Le Hamel Reconstruction"
"75118","AA","description","Le Hamel Reconstruction"
"75127","AA","code and description","75127 - Gallipoli"
"75127","AA","description","Gallipoli"
"75131","AA","code and description","75131 - CWGC Paymemts"
"75131","AA","description","CWGC Paymemts"
"75141","AA","code and description","75141 - Other Annual Overseas Payments"
"75141","AA","description","Other Annual Overseas Payments"
"75165","AA","code and description","75165 - London Memorial"
"75165","AA","description","London Memorial"
"75170","AA","code and description","75170 - Overseas Salaries PNG (OAWG)"
"75170","AA","description","Overseas Salaries PNG (OAWG)"
"77810","AA","code and description","77810 - Hellfire Pass Project"
"77810","AA","description","Hellfire Pass Project"
"77815","AA","code and description","77815 - Sandakan Maint - NPP"
"77815","AA","description","Sandakan Maint - NPP"
"77816","AA","code and description","77816 - PNG Works Prog"
"77816","AA","description","PNG Works Prog"
"77890","AA","code and description","77890 - Oseas Advances-DFAT Pymts (NO)"
"77805","AA","code and description","77805 - Renov & Refurb for Aust"
"77805","AA","description","Renov & Refurb for Aust"
"75535","AA","code and description","75535 - Medical examination-SPPI"
"75535","AA","description","Medical examination-SPPI"
"85400","AA","code and description","85400 - SP Arrears"
"85400","AA","description","SP Arrears"
"85406","AA","code and description","85406 - SP Age"
"85406","AA","description","SP Age"
"85407","AA","code and description","85407 - SP Invalidity"
"85407","AA","description","SP Invalidity"
"85408","AA","code and description","85408 - SP Other"
"85408","AA","description","SP Other"
"85409","AA","code and description","85409 - Pension Bonus Scheme"
"85409","AA","description","Pension Bonus Scheme"
"85410","AA","code and description","85410 - Carers Pension"
"85410","AA","description","Carers Pension"
"85412","AA","code and description","85412 - DefForceIncomeSuppAllowance"
"85412","AA","description","DefForceIncomeSuppAllowance"
"85415","AA","code and description","85415 - Rent Assistance"
"85420","AA","code and description","85420 - Guardian Allowance"
"85420","AA","description","Guardian Allowance"
"85425","AA","code and description","85425 - Dependent Child Add On"
"85425","AA","description","Dependent Child Add On"
"85430","AA","code and description","85430 - Remote Area Allowance"
"85430","AA","description","Remote Area Allowance"
"85435","AA","code and description","85435 - Pharmaceutical Allowance"
"85440","AA","code and description","85440 - Bereavement Payment"
"85445","AA","code and description","85445 - Income Support Supplement"
"85445","AA","description","Income Support Supplement"
"85450","AA","code and description","85450 - Pension Bonus Scheme-ISS"
"85450","AA","description","Pension Bonus Scheme-ISS"
"85475","AA","code and description","85475 - Utilities Allowance"
"85475","AA","description","Utilities Allowance"
"85476","AA","code and description","85476 - Older Aust Payt SP/ISS"
"85476","AA","description","Older Aust Payt SP/ISS"
"85800","AA","code and description","85800 - Telephone Allowance-SP or ISS"
"85800","AA","description","Telephone Allowance-SP or ISS"
"75300","AA","code and description","75300 - Sessional Doctors"
"75300","AA","description","Sessional Doctors"
"75315","AA","code and description","75315 - Fee for claim form diagnosis"
"75315","AA","description","Fee for claim form diagnosis"
"75320","AA","code and description","75320 - Medical Impairment Assess form"
"75320","AA","description","Medical Impairment Assess form"
"75325","AA","code and description","75325 - Med Report Forms-Diagnosis-SOP"
"75325","AA","description","Med Report Forms-Diagnosis-SOP"
"75330","AA","code and description","75330 - Consultation(re forms completi"
"75330","AA","description","Consultation(re forms completi"
"75335","AA","code and description","75335 - Clinical Notes LMO non CCPS"
"75335","AA","description","Clinical Notes LMO non CCPS"
"75340","AA","code and description","75340 - Work Ability Form-Non CCPS"
"75340","AA","description","Work Ability Form-Non CCPS"
"75345","AA","code and description","75345 - Allowances (RTA Attend allow)"
"75345","AA","description","Allowances (RTA Attend allow)"
"75350","AA","code and description","75350 - Audiograms"
"75350","AA","description","Audiograms"
"75355","AA","code and description","75355 - Cardiology"
"75355","AA","description","Cardiology"
"75360","AA","code and description","75360 - Dermatology"
"75360","AA","description","Dermatology"
"75370","AA","code and description","75370 - Ear Nose Throat"
"75370","AA","description","Ear Nose Throat"
"75375","AA","code and description","75375 - Gastroenterology"
"75375","AA","description","Gastroenterology"
"75380","AA","code and description","75380 - Neurology"
"75380","AA","description","Neurology"
"75385","AA","code and description","75385 - Oncology"
"75385","AA","description","Oncology"
"75390","AA","code and description","75390 - Ophthalmology"
"75390","AA","description","Ophthalmology"
"75395","AA","code and description","75395 - Orthopaedic surgery & rheumat"
"75395","AA","description","Orthopaedic surgery & rheumat"
"75405","AA","code and description","75405 - Psychiatry"
"75405","AA","description","Psychiatry"
"75410","AA","code and description","75410 - Radiology"
"75410","AA","description","Radiology"
"75415","AA","code and description","75415 - Rehabilitation medicine"
"75415","AA","description","Rehabilitation medicine"
"75420","AA","code and description","75420 - Respiratory medicine"
"75420","AA","description","Respiratory medicine"
"75425","AA","code and description","75425 - Respiratory Function Tests"
"75425","AA","description","Respiratory Function Tests"
"75430","AA","code and description","75430 - Urology and Renal medicine"
"75430","AA","description","Urology and Renal medicine"
"75435","AA","code and description","75435 - Vascular Surgery"
"75435","AA","description","Vascular Surgery"
"75440","AA","code and description","75440 - Other Medical Specialists"
"75440","AA","description","Other Medical Specialists"
"75445","AA","code and description","75445 - Hospitals"
"75445","AA","description","Hospitals"
"75450","AA","code and description","75450 - Investigation-other"
"75450","AA","description","Investigation-other"
"75455","AA","code and description","75455 - CompensationClaimants-Fares"
"75455","AA","description","CompensationClaimants-Fares"
"75460","AA","code and description","75460 - Compens Claimants-Expenses"
"75460","AA","description","Compens Claimants-Expenses"
"75470","AA","code and description","75470 - LMO-Clinical Notes"
"75470","AA","description","LMO-Clinical Notes"
"75475","AA","code and description","75475 - Medical Specialist"
"75475","AA","description","Medical Specialist"
"75525","AA","code and description","75525 - OverseasMedicalInvestigatins*D"
"75525","AA","description","OverseasMedicalInvestigatins*D"
"78400","AA","code and description","78400 - Educ Grants-Primary Students"
"78400","AA","description","Educ Grants-Primary Students"
"78410","AA","code and description","78410 - Education Allowance-Secondary"
"78410","AA","description","Education Allowance-Secondary"
"78415","AA","code and description","78415 - Education Allowance-Tertiary"
"78415","AA","description","Education Allowance-Tertiary"
"78420","AA","code and description","78420 - Tuition Fees"
"78420","AA","description","Tuition Fees"
"78430","AA","code and description","78430 - Rent Assistance"
"78430","AA","description","Rent Assistance"
"78611","AA","code and description","78611 - BPOD Comp Med Invest NZ Out1"
"78611","AA","description","BPOD Comp Med Invest NZ Out1"
"78612","AA","code and description","78612 - BPOD Comp Med Invest UK Out1"
"78612","AA","description","BPOD Comp Med Invest UK Out1"
"79000","AA","code and description","79000 - Vehicle running costs"
"79000","AA","description","Vehicle running costs"
"79005","AA","code and description","79005 - Modification to vehicle"
"79005","AA","description","Modification to vehicle"
"79010","AA","code and description","79010 - Replacement vehicle"
"79010","AA","description","Replacement vehicle"
"84900","AA","code and description","84900 - POW(J) VE Reg-Vets&WarWidows"
"84900","AA","description","POW(J) VE Reg-Vets&WarWidows"
"85005","AA","code and description","85005 - PNG Pensions"
"85005","AA","description","PNG Pensions"
"85200","AA","code and description","85200 - DP Arrears"
"85200","AA","description","DP Arrears"
"85205","AA","code and description","85205 - Disability Pension Payments"
"85205","AA","description","Disability Pension Payments"
"85210","AA","code and description","85210 - Clothing Allowance"
"85210","AA","description","Clothing Allowance"
"85215","AA","code and description","85215 - Attendant Allowance"
"85215","AA","description","Attendant Allowance"
"85220","AA","code and description","85220 - Decoration Allowance"
"85220","AA","description","Decoration Allowance"
"85225","AA","code and description","85225 - Temporary Incapacity Allowance"
"85225","AA","description","Temporary Incapacity Allowance"
"85230","AA","code and description","85230 - Pharmaceutical Allowance"
"85235","AA","code and description","85235 - Bereavement Payment"
"85235","AA","description","Bereavement Payment"
"85300","AA","code and description","85300 - WW Arrears"
"85300","AA","description","WW Arrears"
"85305","AA","code and description","85305 - War Widow/ers Pension Payments"
"85305","AA","description","War Widow/ers Pension Payments"
"85310","AA","code and description","85310 - Orphan's Pension"
"85310","AA","description","Orphan's Pension"
"85315","AA","code and description","85315 - Non-Indexed Pension"
"85315","AA","description","Non-Indexed Pension"
"85320","AA","code and description","85320 - Pharmaceutical Allowance"
"85505","AA","code and description","85505 - Loss of Earnings Allowance"
"85505","AA","description","Loss of Earnings Allowance"
"85700","AA","code and description","85700 - S100 Dependants / War Widows"
"85700","AA","description","S100 Dependants / War Widows"
"85705","AA","code and description","85705 - S99(1)(e)Death at Hosp/Inst"
"85705","AA","description","S99(1)(e)Death at Hosp/Inst"
"85710","AA","code and description","85710 - S99(1)(d)Indigent circumstance"
"85710","AA","description","S99(1)(d)Indigent circumstance"
"85715","AA","code and description","85715 - S99(1)(a)TPI"
"85715","AA","description","S99(1)(a)TPI"
"85720","AA","code and description","85720 - S99(1)(a) Service Related Deat"
"85720","AA","description","S99(1)(a) Service Related Deat"
"85725","AA","code and description","85725 - S99(A)Ex-Prisoners of War"
"85725","AA","description","S99(A)Ex-Prisoners of War"
"85730","AA","code and description","85730 - S99(A)EDA Recipients"
"85730","AA","description","S99(A)EDA Recipients"
"85735","AA","code and description","85735 - S99(4)(b)Removal of Body"
"85735","AA","description","S99(4)(b)Removal of Body"
"85805","AA","code and description","85805 - Telephone Allowance-DP or WW"
"85805","AA","description","Telephone Allowance-DP or WW"
"85810","AA","code and description","85810 - Telephone Allowance-CSHC"
"85810","AA","description","Telephone Allowance-CSHC"
"85815","AA","code and description","85815 - Seniors Concession Allowance"
"85815","AA","description","Seniors Concession Allowance"
"85816","AA","code and description","85816 - Older Aust Payt SCA"
"85816","AA","description","Older Aust Payt SCA"
"85900","AA","code and description","85900 - Low Rate of Allowance (Class B"
"85900","AA","description","Low Rate of Allowance (Class B"
"85905","AA","code and description","85905 - High Rate of Allowance(ClassA)"
"85905","AA","description","High Rate of Allowance(ClassA)"
"85910","AA","code and description","85910 - Motorcycle GST Rebate"
"85910","AA","description","Motorcycle GST Rebate"
"75465","AA","code and description","75465 - LMO-GARP examination"
"75465","AA","description","LMO-GARP examination"
"75480","AA","code and description","75480 - Other (hosp  empl historian)"
"75480","AA","description","Other (hosp  empl historian)"
"75515","AA","code and description","75515 - Witness Exp-Trav & Appear Fees"
"75515","AA","description","Witness Exp-Trav & Appear Fees"
"75520","AA","code and description","75520 - Transcripts"
"75520","AA","description","Transcripts"
"68240","AA","code and description","68240 - Defence Act SIA"
"68240","AA","description","Defence Act SIA"
"65000","AA","code and description","65000 - PermImpairmentPeriodicPymts"
"65000","AA","description","PermImpairmentPeriodicPymts"
"65001","AA","code and description","65001 - PermImpairLumpSumInLieuOfPIPP"
"65001","AA","description","PermImpairLumpSumInLieuOfPIPP"
"65008","AA","code and description","65008 - Pharmacuetical Allowance"
"65008","AA","description","Pharmacuetical Allowance"
"65011","AA","code and description","65011 - Periodic Pymts - Partners"
"65011","AA","description","Periodic Pymts - Partners"
"65021","AA","code and description","65021 - PeriodicPayments-EligYoungPers"
"65021","AA","description","PeriodicPayments-EligYoungPers"
"65024","AA","code and description","65024 - BereavmtPymtsIncapacPymts&SRDP"
"65024","AA","description","BereavmtPymtsIncapacPymts&SRDP"
"65028","AA","code and description","65028 - Pharmaceutical Allowance"
"65028","AA","description","Pharmaceutical Allowance"
"65050","AA","code and description","65050 - Telephone Allowance"
"65050","AA","description","Telephone Allowance"
"65090","AA","code and description","65090 - Chrildren's Education Scheme"
"65090","AA","description","Chrildren's Education Scheme"
"80205","AA","code and description","80205 - Payments for RGH Concord"
"80205","AA","description","Payments for RGH Concord"
"80210","AA","code and description","80210 - Payments for RGH Daw Park"
"80210","AA","description","Payments for RGH Daw Park"
"86620","AA","code and description","86620 - Private Hosp-Advances to HIC"
"86620","AA","description","Private Hosp-Advances to HIC"
"86630","AA","code and description","86630 - Other Accommodation"
"86630","AA","description","Other Accommodation"
"86635","AA","code and description","86635 - Country"
"86635","AA","description","Country"
"86640","AA","code and description","86640 - Metro"
"86640","AA","description","Metro"
"86670","AA","code and description","86670 - Ramsays Contracts - svs"
"86670","AA","description","Ramsays Contracts - svs"
"86715","AA","code and description","86715 - Public Hosp-Advances to HIC"
"86715","AA","description","Public Hosp-Advances to HIC"
"86727","AA","code and description","86727 - Convalescent Care"
"86727","AA","description","Convalescent Care"
"86735","AA","code and description","86735 - Paymts to StateHealthAuthorit"
"86735","AA","description","Paymts to StateHealthAuthorit"
"86736","AA","code and description","86736 - Public Hospital-Norfolk Island"
"86736","AA","description","Public Hospital-Norfolk Island"
"86738","AA","code and description","86738 - Payments to ACT- Calvary Hosp"
"86738","AA","description","Payments to ACT- Calvary Hosp"
"86748","AA","code and description","86748 - SVS - Concord - NSW"
"86748","AA","description","SVS - Concord - NSW"
"86820","AA","code and description","86820 - Nursing Home-Advances to HIC"
"86820","AA","description","Nursing Home-Advances to HIC"
"86823","AA","code and description","86823 - Other Nursing Home"
"86823","AA","description","Other Nursing Home"
"86905","AA","code and description","86905 - LMO&Specialist Svcs-Adv HIC"
"86905","AA","description","LMO&Specialist Svcs-Adv HIC"
"86910","AA","code and description","86910 - Specialist Consultat-Adv HIC"
"86910","AA","description","Specialist Consultat-Adv HIC"
"86405","AA","code and description","86405 - Community Nursing-Advisers"
"86405","AA","description","Community Nursing-Advisers"
"86427","AA","code and description","86427 - Community Nursing Consumables"
"86427","AA","description","Community Nursing Consumables"
"87300","AA","code and description","87300 - Other AHP Advances to HIC"
"87300","AA","description","Other AHP Advances to HIC"
"87335","AA","code and description","87335 - Physiotherapy-Providers"
"87335","AA","description","Physiotherapy-Providers"
"87345","AA","code and description","87345 - Chiro&Osteo-Advisers"
"87345","AA","description","Chiro&Osteo-Advisers"
"87350","AA","code and description","87350 - Chiro&Osteo-Providers"
"87350","AA","description","Chiro&Osteo-Providers"
"87360","AA","code and description","87360 - Podiatry-Advisers"
"87360","AA","description","Podiatry-Advisers"
"87365","AA","code and description","87365 - Podiatry-Providers"
"87365","AA","description","Podiatry-Providers"
"87375","AA","code and description","87375 - Clin Psych-Advisers"
"87375","AA","description","Clin Psych-Advisers"
"87380","AA","code and description","87380 - Clin Psych-Providers"
"87380","AA","description","Clin Psych-Providers"
"87395","AA","code and description","87395 - Occ Therapy-Advisers"
"87395","AA","description","Occ Therapy-Advisers"
"87440","AA","code and description","87440 - Dieticians-Advisers"
"87440","AA","description","Dieticians-Advisers"
"87445","AA","code and description","87445 - Dieticians-Providers"
"87445","AA","description","Dieticians-Providers"
"87455","AA","code and description","87455 - Other AHP Salaries - via PAHRI"
"87455","AA","description","Other AHP Salaries - via PAHRI"
"87505","AA","code and description","87505 - Other Refunds-LMO & Specialist"
"87505","AA","description","Other Refunds-LMO & Specialist"
"87520","AA","code and description","87520 - Other Refunds-Optical Supplies"
"87520","AA","description","Other Refunds-Optical Supplies"
"87545","AA","code and description","87545 - Other Refunds-Pharmacy"
"87545","AA","description","Other Refunds-Pharmacy"
"87565","AA","code and description","87565 - Other Refunds-O/S reimbursemen"
"87565","AA","description","Other Refunds-O/S reimbursemen"
"87600","AA","code and description","87600 - Dental Services Adv to HIC"
"87600","AA","description","Dental Services Adv to HIC"
"87605","AA","code and description","87605 - Dental Services-Advisers"
"87605","AA","description","Dental Services-Advisers"
"87610","AA","code and description","87610 - Dental Services-Providers"
"87610","AA","description","Dental Services-Providers"
"87005","AA","code and description","87005 - Respiratory Therapy"
"87005","AA","description","Respiratory Therapy"
"87015","AA","code and description","87015 - Oxygen Cylinders"
"87015","AA","description","Oxygen Cylinders"
"87026","AA","code and description","87026 - CPAP Machines"
"87026","AA","description","CPAP Machines"
"87030","AA","code and description","87030 - Wheelchair-Electric hire/purch"
"87030","AA","description","Wheelchair-Electric hire/purch"
"87035","AA","code and description","87035 - Wheelchair-Manual hire/purch"
"87035","AA","description","Wheelchair-Manual hire/purch"
"87040","AA","code and description","87040 - Wheelchair-Maintenance Elect"
"87040","AA","description","Wheelchair-Maintenance Elect"
"87045","AA","code and description","87045 - Wheelchair-Maintenance Man"
"87045","AA","description","Wheelchair-Maintenance Man"
"87050","AA","code and description","87050 - Scooters-hire/purchase"
"87050","AA","description","Scooters-hire/purchase"
"87055","AA","code and description","87055 - Scooters-Maintenance"
"87055","AA","description","Scooters-Maintenance"
"87060","AA","code and description","87060 - Stair Climber/Lifts"
"87060","AA","description","Stair Climber/Lifts"
"87061","AA","code and description","87061 - Stair Climber/Lifts-Repr&Maint"
"87061","AA","description","Stair Climber/Lifts-Repr&Maint"
"87065","AA","code and description","87065 - Car Adaption"
"87065","AA","description","Car Adaption"
"87066","AA","code and description","87066 - Car Adaption-Vehicle Hoist"
"87066","AA","description","Car Adaption-Vehicle Hoist"
"87070","AA","code and description","87070 - Home Adaption-Ramps"
"87070","AA","description","Home Adaption-Ramps"
"87071","AA","code and description","87071 - Home Adaption-Rails"
"87071","AA","description","Home Adaption-Rails"
"87072","AA","code and description","87072 - Home Adaption-Bathr Struct Chg"
"87072","AA","description","Home Adaption-Bathr Struct Chg"
"87073","AA","code and description","87073 - Home Adaption-Other Struct Chg"
"87073","AA","description","Home Adaption-Other Struct Chg"
"87074","AA","code and description","87074 - Minor Home Mods"
"87074","AA","description","Minor Home Mods"
"87075","AA","code and description","87075 - Continence"
"87075","AA","description","Continence"
"87080","AA","code and description","87080 - Toileting"
"87080","AA","description","Toileting"
"87085","AA","code and description","87085 - Showering/Bathing"
"87085","AA","description","Showering/Bathing"
"87090","AA","code and description","87090 - Grooming/Dressing"
"87090","AA","description","Grooming/Dressing"
"87095","AA","code and description","87095 - Eating/Kitchen/Domestic"
"87095","AA","description","Eating/Kitchen/Domestic"
"87100","AA","code and description","87100 - Chairs"
"87100","AA","description","Chairs"
"87105","AA","code and description","87105 - Bedding"
"87105","AA","description","Bedding"
"87110","AA","code and description","87110 - Cushions/Pillows/Supports"
"87110","AA","description","Cushions/Pillows/Supports"
"87115","AA","code and description","87115 - Assisting Lifting Devices"
"87115","AA","description","Assisting Lifting Devices"
"87120","AA","code and description","87120 - Mobility"
"87120","AA","description","Mobility"
"87125","AA","code and description","87125 - Physiotherapy"
"87125","AA","description","Physiotherapy"
"87130","AA","code and description","87130 - TENS Equipment"
"87130","AA","description","TENS Equipment"
"87135","AA","code and description","87135 - Rehabilitation Method"
"87135","AA","description","Rehabilitation Method"
"87140","AA","code and description","87140 - Splints/Supports/etc"
"87140","AA","description","Splints/Supports/etc"
"87145","AA","code and description","87145 - Footwear"
"87145","AA","description","Footwear"
"87150","AA","code and description","87150 - Prosthesis"
"87150","AA","description","Prosthesis"
"87155","AA","code and description","87155 - Slippers/Elbow Pads/etc"
"87155","AA","description","Slippers/Elbow Pads/etc"
"87160","AA","code and description","87160 - Custom Made Footwear"
"87160","AA","description","Custom Made Footwear"
"87165","AA","code and description","87165 - Low Vision (non optical)"
"87165","AA","description","Low Vision (non optical)"
"87170","AA","code and description","87170 - Telephone Deaf"
"87170","AA","description","Telephone Deaf"
"87175","AA","code and description","87175 - Speech Pathology"
"87175","AA","description","Speech Pathology"
"87180","AA","code and description","87180 - Hearing Appliances"
"87180","AA","description","Hearing Appliances"
"87185","AA","code and description","87185 - Alarm System/TV Devices/etc"
"87185","AA","description","Alarm System/TV Devices/etc"
"87186","AA","code and description","87186 - Personal Res System(PRS)"
"87186","AA","description","Personal Res System(PRS)"
"87190","AA","code and description","87190 - Assessment&Services for Blind"
"87190","AA","description","Assessment&Services for Blind"
"87195","AA","code and description","87195 - Diabetic Supplies"
"87195","AA","description","Diabetic Supplies"
"87200","AA","code and description","87200 - Dressings"
"87200","AA","description","Dressings"
"87205","AA","code and description","87205 - Palliative Care"
"87205","AA","description","Palliative Care"
"87215","AA","code and description","87215 - Stoma"
"87215","AA","description","Stoma"
"87230","AA","code and description","87230 - Particular Appliances"
"87230","AA","description","Particular Appliances"
"87240","AA","code and description","87240 - Aids Supplied by Pharmacies"
"87240","AA","description","Aids Supplied by Pharmacies"
"87245","AA","code and description","87245 - Freight-Other Appliances"
"87245","AA","description","Freight-Other Appliances"
"87250","AA","code and description","87250 - Administrative Fees-Other Appl"
"87250","AA","description","Administrative Fees-Other Appl"
"78640","AA","code and description","78640 - OseasTranspor(TravelTreat)Out2"
"78640","AA","description","OseasTranspor(TravelTreat)Out2"
"85600","AA","code and description","85600 - Accommodation"
"85600","AA","description","Accommodation"
"86500","AA","code and description","86500 - Ambulance -Bulk"
"86500","AA","description","Ambulance -Bulk"
"86505","AA","code and description","86505 - Ambulance -Other"
"86505","AA","description","Ambulance -Other"
"86510","AA","code and description","86510 - Hire car"
"86510","AA","description","Hire car"
"86515","AA","code and description","86515 - Taxi TCU"
"86515","AA","description","Taxi TCU"
"86525","AA","code and description","86525 - Taxi CTVS"
"86525","AA","description","Taxi CTVS"
"86535","AA","code and description","86535 - Community Transport"
"86535","AA","description","Community Transport"
"86545","AA","code and description","86545 - Rail"
"86545","AA","description","Rail"
"86550","AA","code and description","86550 - Reimbursement - Private Car"
"86550","AA","description","Reimbursement - Private Car"
"86555","AA","code and description","86555 - Reimbursement - Taxi"
"86555","AA","description","Reimbursement - Taxi"
"86560","AA","code and description","86560 - Reimbursement-Other(Public Tra"
"86560","AA","description","Reimbursement-Other(Public Tra"
"87735","AA","code and description","87735 - Volunteer Support-Sessional Pa"
"87735","AA","description","Volunteer Support-Sessional Pa"
"78100","AA","code and description","78100 - VetsEmploytTrainingSch-VVRS"
"78100","AA","description","VetsEmploytTrainingSch-VVRS"
"65806","AA","code and description","65806 - Home Modifications"
"65806","AA","description","Home Modifications"
"78300","AA","code and description","78300 - Access to Community Info Sys"
"78300","AA","description","Access to Community Info Sys"
"77610","AA","code and description","77610 - Community Seeding Grants Prog"
"77610","AA","description","Community Seeding Grants Prog"
"79115","AA","code and description","79115 - Day Clubs-Sessional Payts"
"79115","AA","description","Day Clubs-Sessional Payts"
"79125","AA","code and description","79125 - Day Clubs-Travel Expenses"
"79125","AA","description","Day Clubs-Travel Expenses"
"79130","AA","code and description","79130 - Day Clubs-Car/Hire lease"
"79130","AA","description","Day Clubs-Car/Hire lease"
"79135","AA","code and description","79135 - Day Clubs-Fares"
"79135","AA","description","Day Clubs-Fares"
"79137","AA","code and description","79137 - Day Clubs-Day Club Support"
"79137","AA","description","Day Clubs-Day Club Support"
"55105","AA","code and description","55105 - Sale Aids & Appliances"
"55105","AA","description","Sale Aids & Appliances"
"44000","AA","code and description","44000 - Age Pension Basic"
"44000","AA","description","Age Pension Basic"
"44005","AA","code and description","44005 - Age Pension Rent Assistance"
"44005","AA","description","Age Pension Rent Assistance"
"44020","AA","code and description","44020 - Pension Bonus Scheme-Age Pens"
"44020","AA","description","Pension Bonus Scheme-Age Pens"
"44030","AA","code and description","44030 - SS BereavementPayment"
"44030","AA","description","SS BereavementPayment"
"44035","AA","code and description","44035 - AgePensionUtilitiesAllowance"
"44035","AA","description","AgePensionUtilitiesAllowance"
"44036","AA","code and description","44036 - Older Aust Payt AP"
"44036","AA","description","Older Aust Payt AP"
"44100","AA","code and description","44100 - Wife Pension (Age) Basic"
"44100","AA","description","Wife Pension (Age) Basic"
"75540","AA","code and description","75540 - VRB attendance-Applicants fare"
"75540","AA","description","VRB attendance-Applicants fare"
"75545","AA","code and description","75545 - VRB attendance-Applicants exp"
"75545","AA","description","VRB attendance-Applicants exp"
"86215","AA","code and description","86215 - Progs Alc&Sub Abuse-Sessional"
"86215","AA","description","Progs Alc&Sub Abuse-Sessional"
"86242","AA","code and description","86242 - COP CC Training & Support"
"86242","AA","description","COP CC Training & Support"
"86211","AA","code and description","86211 - Progs Children-Sessional(S&D)"
"86211","AA","description","Progs Children-Sessional(S&D)"
"86214","AA","code and description","86214 - Progs Alc&Sub Abuse-Overheads"
"86214","AA","description","Progs Alc&Sub Abuse-Overheads"
"86241","AA","code and description","86241 - COP AR Training & Support"
"86241","AA","description","COP AR Training & Support"
"86251","AA","code and description","86251 - COP Salaries- via PAHRIS"
"86251","AA","description","COP Salaries- via PAHRIS"
"86261","AA","code and description","86261 - Psych Assessment-Partners"
"86261","AA","description","Psych Assessment-Partners"
"78405","AA","code and description","78405 - VCES Travel"
"78405","AA","description","VCES Travel"
"78425","AA","code and description","78425 - Special Assistance"
"78425","AA","description","Special Assistance"
"75485","AA","code and description","75485 - Payt to VRB App-LMO Cost"
"75485","AA","description","Payt to VRB App-LMO Cost"
"75490","AA","code and description","75490 - Payt to VRB App-Med Spec Cost"
"75490","AA","description","Payt to VRB App-Med Spec Cost"
"75495","AA","code and description","75495 - ReimbVRB/SMRC Applicants fare"
"75495","AA","description","ReimbVRB/SMRC Applicants fare"
"75500","AA","code and description","75500 - Reimb VRB/SMRC Applicants exp"
"75500","AA","description","Reimb VRB/SMRC Applicants exp"
"89000","AA","code and description","89000 - Payment to bank"
"89000","AA","description","Payment to bank"
"80215","AA","code and description","80215 - Payments for RGH Heildelberg"
"80215","AA","description","Payments for RGH Heildelberg"
"86732","AA","code and description","86732 - PTSD related treatment costs"
"86732","AA","description","PTSD related treatment costs"
"86749","AA","code and description","86749 - SVS - Heidelberg- VIC"
"86749","AA","description","SVS - Heidelberg- VIC"
"86400","AA","code and description","86400 - Community Nursing Adv to HIC"
"86400","AA","description","Community Nursing Adv to HIC"
"87330","AA","code and description","87330 - Physiotherapy-Advisers"
"87330","AA","description","Physiotherapy-Advisers"
"87405","AA","code and description","87405 - Orthoptists - via PAHRIS"
"87405","AA","description","Orthoptists - via PAHRIS"
"87470","AA","code and description","87470 - TP2.3Refund-LMO & Specialist"
"87470","AA","description","TP2.3Refund-LMO & Specialist"
"87475","AA","code and description","87475 - TP2.3Refund-Dental"
"87475","AA","description","TP2.3Refund-Dental"
"87485","AA","code and description","87485 - TP2.3Refund-Optical Supplies"
"87485","AA","description","TP2.3Refund-Optical Supplies"
"87490","AA","code and description","87490 - TP2.3Refund-Physiotherapy"
"87490","AA","description","TP2.3Refund-Physiotherapy"
"87495","AA","code and description","87495 - TP2.3Refund-Podiatry"
"87495","AA","description","TP2.3Refund-Podiatry"
"87500","AA","code and description","87500 - TP2.3Refund-Other"
"87500","AA","description","TP2.3Refund-Other"
"87510","AA","code and description","87510 - Other Refunds-Dental"
"87510","AA","description","Other Refunds-Dental"
"87530","AA","code and description","87530 - Other Refunds-Podiatry"
"87530","AA","description","Other Refunds-Podiatry"
"87540","AA","code and description","87540 - Other Refunds-Chiro & Osteopat"
"87540","AA","description","Other Refunds-Chiro & Osteopat"
"87570","AA","code and description","87570 - Other Refunds-Other fees"
"87570","AA","description","Other Refunds-Other fees"
"87000","AA","code and description","87000 - Rehab Appliances Adv to HIC"
"87000","AA","description","Rehab Appliances Adv to HIC"
"87025","AA","code and description","87025 - Oxygen Other"
"87025","AA","description","Oxygen Other"
"87210","AA","code and description","87210 - Nutritional Supplements"
"87210","AA","description","Nutritional Supplements"
"86520","AA","code and description","86520 - Taxi warrant"
"86520","AA","description","Taxi warrant"
"87715","AA","code and description","87715 - Carer Support-Sessional Payts"
"87715","AA","description","Carer Support-Sessional Payts"
"86205","AA","code and description","86205 - Progs Partners-Pers Exp"
"86205","AA","description","Progs Partners-Pers Exp"
"86243","AA","code and description","86243 - COP Fares"
"86243","AA","description","COP Fares"
"75536","AA","code and description","75536 - ServicePens-OtherInvestigation"
"75536","AA","description","ServicePens-OtherInvestigation"
"75448","AA","code and description","75448 - Second Med Opinion-Psychiatry"
"75448","AA","description","Second Med Opinion-Psychiatry"
"78613","AA","code and description","78613 - BPOD CompMed Invest Other Out1"
"78613","AA","description","BPOD CompMed Invest Other Out1"
"79015","AA","code and description","79015 - New Vehicle"
"79015","AA","description","New Vehicle"
"65010","AA","code and description","65010 - AdditionalDeathBenefitPartners"
"65010","AA","description","AdditionalDeathBenefitPartners"
"65012","AA","code and description","65012 - LumpSumInLieuPeriodPymts-Partn"
"65012","AA","description","LumpSumInLieuPeriodPymts-Partn"
"86660","AA","code and description","86660 - Nursing Home Type Payt-Country"
"86660","AA","description","Nursing Home Type Payt-Country"
"86680","AA","code and description","86680 - Ramsays Contracts - Other"
"86680","AA","description","Ramsays Contracts - Other"
"87385","AA","code and description","87385 - Clin Psych-Adv Sal-via PAHRIS"
"87385","AA","description","Clin Psych-Adv Sal-via PAHRIS"
"87415","AA","code and description","87415 - Speech Therapy"
"87415","AA","description","Speech Therapy"
"87515","AA","code and description","87515 - Other Refunds-Community Nursin"
"87515","AA","description","Other Refunds-Community Nursin"
"87227","AA","code and description","87227 - Renal Dialysis Consumables"
"87227","AA","description","Renal Dialysis Consumables"
"87255","AA","code and description","87255 - Program Review-Rehab Appl (NO)"
"87255","AA","description","Program Review-Rehab Appl (NO)"
"85605","AA","code and description","85605 - Meals"
"85605","AA","description","Meals"
"68080","AA","code and description","68080 - Other Medical Services"
"68080","AA","description","Other Medical Services"
"89100","AA","code and description","89100 - Bad Debts"
"44105","AA","code and description","44105 - Wife Pension (Age) Rent Assist"
"44105","AA","description","Wife Pension (Age) Rent Assist"
"86201","AA","code and description","86201 - Progs Residential-Pers Exp"
"86201","AA","description","Progs Residential-Pers Exp"
"75551","AA","code and description","75551 - Sessional Doctors VVCS"
"75551","AA","description","Sessional Doctors VVCS"
"86228","AA","code and description","86228 - Progs IP Hosp Links-Travel"
"86228","AA","description","Progs IP Hosp Links-Travel"
"86230","AA","code and description","86230 - Progs IP Hosp Links-Overheads"
"86230","AA","description","Progs IP Hosp Links-Overheads"
"65080","AA","code and description","65080 - Funeral Expenses"
"65080","AA","description","Funeral Expenses"
"86747","AA","code and description","86747 - SVS - Daw Park - SA"
"86747","AA","description","SVS - Daw Park - SA"
"86785","AA","code and description","86785 - Prosthetic Services-Metro"
"86785","AA","description","Prosthetic Services-Metro"
"87260","AA","code and description","87260 - Homefront-Assessors"
"87260","AA","description","Homefront-Assessors"
"86542","AA","code and description","86542 - RoyalFlyingDoctorServices-RFDS"
"86542","AA","description","RoyalFlyingDoctorServices-RFDS"
"87730","AA","code and description","87730 - Volunteer Support"
"87730","AA","description","Volunteer Support"
"86232","AA","code and description","86232 - Progs Salaries-via PAHRIS"
"86232","AA","description","Progs Salaries-via PAHRIS"
"86224","AA","code and description","86224 - Progs Medical Links-Travel"
"86224","AA","description","Progs Medical Links-Travel"
"86683","AA","code and description","86683 - PTSD Programme"
"86683","AA","description","PTSD Programme"
"86410","AA","code and description","86410 - Comm Nursing-Providers metro"
"86410","AA","description","Comm Nursing-Providers metro"
"87010","AA","code and description","87010 - Oxygen Concentrators"
"87010","AA","description","Oxygen Concentrators"
"87020","AA","code and description","87020 - Oxygen Kit Hire"
"87020","AA","description","Oxygen Kit Hire"
"86305","AA","code and description","86305 - Other Home Help"
"86305","AA","description","Other Home Help"
"44110","AA","code and description","44110 - Wife Pension (Age) Recoveries"
"44110","AA","description","Wife Pension (Age) Recoveries"
"86208","AA","code and description","86208 - Progs Children-Travel(S&D)"
"86208","AA","description","Progs Children-Travel(S&D)"
"86209","AA","code and description","86209 - Progs Children-Pers Exp(S&D)"
"86209","AA","description","Progs Children-Pers Exp(S&D)"
"85500","AA","code and description","85500 - LOE Payment of Travelling Exp"
"85500","AA","description","LOE Payment of Travelling Exp"
"80200","AA","code and description","80200 - Payments for RGH Hobart"
"80200","AA","description","Payments for RGH Hobart"
"86775","AA","code and description","86775 - Block payments to HDV"
"86775","AA","description","Block payments to HDV"
"87560","AA","code and description","87560 - Other Refunds-Attend other non"
"87560","AA","description","Other Refunds-Attend other non"
"87710","AA","code and description","87710 - Carer Support"
"87710","AA","description","Carer Support"
"87720","AA","code and description","87720 - Carer Support - Travel"
"87720","AA","description","Carer Support - Travel"
"44006","AA","code and description","44006 - DFISA Payments"
"44006","AA","description","DFISA Payments"
"85490","AA","code and description","85490 - Oseas Advances-DFAT Pymts (NO)"
"85090","AA","code and description","85090 - Oseas Advances-DFAT Pymts (NO)"
"85290","AA","code and description","85290 - Oseas Advances-DFAT Pymts (NO)"
"85390","AA","code and description","85390 - Oseas Advances-DFAT Pymts (NO)"
"DSHI-12211","AA","code and description","DSHI-12211-House Claim quantum - Recovery"
"DSHI-12214","AA","code and description","DSHI-12214-House Assessor expenses - Recovery"
"DSHI-12216","AA","code and description","DSHI-12216-House Third Party - Recovery"
"DSHI-12218","AA","code and description","DSHI-12218-House Excess - Recovery"
"DSHI-12224","AA","code and description","DSHI-12224-Liability Fees expenses - Recovery"
"DSHI-12226","AA","code and description","DSHI-12226-Liability Third Party - Recovery"
"DSHI-31311","AA","code and description","DSHI-31311-Other revenue"
"DSHI-42211","AA","code and description","DSHI-42211-External course fees"
"DSHI-42221","AA","code and description","DSHI-42221-Internal course fees"
"DSHI-42241","AA","code and description","DSHI-42241-Staff Membership Fees"
"DSHI-43111","AA","code and description","DSHI-43111-IBM GSA expenses"
"DSHI-43121","AA","code and description","DSHI-43121-Software licence expense"
"DSHI-43131","AA","code and description","DSHI-43131-Amortisation"
"DSHI-43141","AA","code and description","DSHI-43141-Equipment purchases minor"
"DSHI-43212","AA","code and description","DSHI-43212-Land line charges"
"DSHI-43311","AA","code and description","DSHI-43311-Insurance renewal notices"
"DSHI-43312","AA","code and description","DSHI-43312-Stock"
"DSHI-43313","AA","code and description","DSHI-43313-Storage"
"DSHI-43314","AA","code and description","DSHI-43314-Annual licence fees"
"DSHI-43321","AA","code and description","DSHI-43321-Courier fees"
"DSHI-43331","AA","code and description","DSHI-43331-Postage fees"
"DSHI-43341","AA","code and description","DSHI-43341-Printing expenses"
"DSHI-43351","AA","code and description","DSHI-43351-Stationery expenses"
"DSHI-44111","AA","code and description","DSHI-44111-Airfares domestic"
"DSHI-44112","AA","code and description","DSHI-44112-Accommodation domestic"
"DSHI-44113","AA","code and description","DSHI-44113-Travel allowance domestic"
"DSHI-44114","AA","code and description","DSHI-44114-Cabcharge expenses Domestic"
"DSHI-44115","AA","code and description","DSHI-44115-Other Domestic Travel"
"DSHI-44123","AA","code and description","DSHI-44123-International Travel allowance"
"DSHI-45112","AA","code and description","DSHI-45112-Accounting consultancy expenses"
"DSHI-45113","AA","code and description","DSHI-45113-Other consultants expenses"
"DSHI-45121","AA","code and description","DSHI-45121-IT contractors expense"
"DSHI-45122","AA","code and description","DSHI-45122-Contractors Expense - Other"
"DSHI-45123","AA","code and description","DSHI-45123-Contractors Expense - Mondial"
"DSHI-46111","AA","code and description","DSHI-46111-Payment to DVA"
"DSHI-47131","AA","code and description","DSHI-47131-Credit card fee (DSH)"
"DSHI-47141","AA","code and description","DSHI-47141-Bank Fees Other"
"DSHI-47151","AA","code and description","DSHI-47151-Advertising Expenses"
"DSHI-47161","AA","code and description","DSHI-47161-Marketing Expenses"
"DSHI-48121","AA","code and description","DSHI-48121-Publications and subscriptions"
"DSHI-48131","AA","code and description","DSHI-48131-Motor Vehicle Lease expenses"
"DSHI-48132","AA","code and description","DSHI-48132-Motor Vehicle running costs"
"DSHI-48141","AA","code and description","DSHI-48141-Other Expenses"
"DSHI-48144","AA","code and description","DSHI-48144-Conference & Meeting Costs"
"DSHI-48145","AA","code and description","DSHI-48145-Kitchen Sundries"
"DSHI-48161","AA","code and description","DSHI-48161-Tolerance a/c"
"DSHI-52111","AA","code and description","DSHI-52111-National Office Allocation"
"DSHI-61111","AA","code and description","DSHI-61111-Official Public Account"
"DSHI-61112","AA","code and description","DSHI-61112-Official Public Account"
"DSHI-61121","AA","code and description","DSHI-61121-Collectors Receipt Accounts"
"DSHI-61131","AA","code and description","DSHI-61131-Westpac Over The Counter Sweep"
"DSHI-61132","AA","code and description","DSHI-61132-Westpac Credit Card Phone Receivables"
"DSHI-61133","AA","code and description","DSHI-61133-Westpac Credit Card Net Receivables"
"DSHI-61134","AA","code and description","DSHI-61134-Westpac Credit Card Phone Sweep"
"DSHI-61135","AA","code and description","DSHI-61135-Westpac Credit Card Net Sweep"
"DSHI-61136","AA","code and description","DSHI-61136-Westpac Over The Counter Receivables"
"DSHI-61137","AA","code and description","DSHI-61137-Westpac Australia Post Receivables"
"DSHI-61138","AA","code and description","DSHI-61138-Westpac Australia Post Sweep"
"DSHI-61139","AA","code and description","DSHI-61139-Westpac BPAY Receivables"
"DSHI-61140","AA","code and description","DSHI-61140-Westpac BPAY Sweep"
"DSHI-61211","AA","code and description","DSHI-61211-UBS at cost"
"DSHI-61221","AA","code and description","DSHI-61221-UBS capital gain/loss"
"DSHI-61222","AA","code and description","DSHI-61222-UBS interest reinvested"
"DSHI-61311","AA","code and description","DSHI-61311-Australia  Post receivable"
"DSHI-61321","AA","code and description","DSHI-61321-Building premium receivable"
"DSHI-61331","AA","code and description","DSHI-61331-Contents premium receivable"
"DSHI-61341","AA","code and description","DSHI-61341-House Reinsurance recoveries receivable"
"DSHI-61343","AA","code and description","DSHI-61343-Reinsurance Losses Reserve"
"DSHI-61351","AA","code and description","DSHI-61351-3rd party recoveries receivable"
"DSHI-61421","AA","code and description","DSHI-61421-General receivables"
"DSHI-61431","AA","code and description","DSHI-61431-Provision for Doubtful Debts"
"DSHI-61511","AA","code and description","DSHI-61511-Prepayments"
"DSHI-61521","AA","code and description","DSHI-61521-Deferred acquisition costs"
"DSHI-61531","AA","code and description","DSHI-61531-Deferred fire brigade costs"
"DSHI-62111","AA","code and description","DSHI-62111-Furniture and equipment at cost"
"DSHI-62121","AA","code and description","DSHI-62121-Furniture & equipment acc depreciation"
"DSHI-62211","AA","code and description","DSHI-62211-Software at cost"
"DSHI-62221","AA","code and description","DSHI-62221-Software accumulated depreciation"
"DSHI-71111","AA","code and description","DSHI-71111-Outstanding claims"
"DSHI-71221","AA","code and description","DSHI-71221-Annual Leave Provision"
"DSHI-71222","AA","code and description","DSHI-71222-Annual Leave Provision On Costs"
"DSHI-71311","AA","code and description","DSHI-71311-Unearned premium provision House"
"DSHI-71312","AA","code and description","DSHI-71312-Unearned premium provision Liability"
"DSHI-71321","AA","code and description","DSHI-71321-Building Premiums Received In Advance"
"DSHI-71323","AA","code and description","DSHI-71323-QBE Contents Commission in Advance"
"DSHI-71411","AA","code and description","DSHI-71411-Reinsurance premium payable"
"DSHI-71511","AA","code and description","DSHI-71511-QBE Payable (Contents)"
"DSHI-71611","AA","code and description","DSHI-71611-Fire Brigade Payable"
"DSHI-71721","AA","code and description","DSHI-71721-Accruals"
"DSHI-71722","AA","code and description","DSHI-71722-Accruals DVA Payment"
"DSHI-71819","AA","code and description","DSHI-71819-GST Payable - Payment of BAS"
"DSHI-71821","AA","code and description","DSHI-71821-GST on Accruals - NON BAS"
"DSHI-81111","AA","code and description","DSHI-81111-Accumulated surpluses"
"DSHI-91111","AA","code and description","DSHI-91111-Suspense account Westpac (AustPost)"
"DSHI-91112","AA","code and description","DSHI-91112-Suspense account Westpac (CC Phone)"
"DSHI-91113","AA","code and description","DSHI-91113-Suspense account Westpac (CC Net)"
"DSHI-91116","AA","code and description","DSHI-91116-Suspense account Branch Office"
"DSHI-91117","AA","code and description","DSHI-91117-Suspense account Westpac (OTC)"
"DSHI-91120","AA","code and description","DSHI-91120-Suspense account BPAY"
"20045","AA","code and description","20045 - Provision for Make Good"
"20045","AA","description","Provision for Make Good"
"53000","AA","code and description","53000 - Reval Profit/AFR"
"53000","AA","description","Reval Profit/AFR"
"74025","AA","code and description","74025 - Loss Leasehold Improvements"
"74025","AA","description","Loss Leasehold Improvements"
"74200","AA","code and description","74200 - Bad debts"
"74200","AA","description","Bad debts"
"11054","AA","code and description","11054 - LeaseholdImprovements-MakeGood"
"11054","AA","description","LeaseholdImprovements-MakeGood"
"11055","AA","code and description","11055 - AccumulatedDepreciationMakeGoo"
"11055","AA","description","AccumulatedDepreciationMakeGoo"
"73026","AA","code and description","73026 - Depreciation Expense-Make Good"
"73026","AA","description","Depreciation Expense-Make Good"
"73010","AA","code and description","73010 - Depr Plant & Equipment"
"73010","AA","description","Depr Plant & Equipment"
"11001","AA","code and description","11001 - Land-At Valuation*NOT IN USE"
"11001","AA","description","Land-At Valuation*NOT IN USE"
"72127","AA","code and description","72127 - IBMA ASR Virtual Server"
"72127","AA","description","IBMA ASR Virtual Server"
"12020","AA","code and description","12020 - SoftwarePurchased Desktop"
"12020","AA","description","SoftwarePurchased Desktop"
"65031","AA","code and description","65031 - Incapacity Pymts-FormerMembers"
"65031","AA","description","Incapacity Pymts-FormerMembers"
"55147","AA","code and description","55147 - Interest Revenue"
"55147","AA","description","Interest Revenue"
"57001","AA","code and description","57001 - Cash from OPA Prior Year"
"57001","AA","description","Cash from OPA Prior Year"
"78705","AA","code and description","78705 - SHOAMP - Counsellors"
"78705","AA","description","SHOAMP - Counsellors"
"78706","AA","code and description","78706 - SHOAMP - Hospitals"
"78706","AA","description","SHOAMP - Hospitals"
"78201","AA","code and description","78201 - TIP CRANTS"
"78201","AA","description","TIP CRANTS"
"78210","AA","code and description","78210 - Graythwaite Estate"
"78210","AA","description","Graythwaite Estate"
"77131","AA","code and description","77131 - Settlement-Lump Sum (Outcome 1"
"77131","AA","description","Settlement-Lump Sum (Outcome 1"
"77170","AA","code and description","77170 - Legal Expenses (Outcome 4"
"77170","AA","description","Legal Expenses (Outcome 4"
"86282","AA","code and description","86282 - VVHS Research"
"86282","AA","description","VVHS Research"
"75175","AA","code and description","75175 - PNG Managers Rental"
"75175","AA","description","PNG Managers Rental"
"87740","AA","code and description","87740 - Volunteer Support - Travel"
"87740","AA","description","Volunteer Support - Travel"
"65102","AA","code and description","65102 - Motor Vehicle Scheme - Modific"
"65102","AA","description","Motor Vehicle Scheme - Modific"
"86605","AA","code and description","86605 - Other charges"
"86605","AA","description","Other charges"
"87320","AA","code and description","87320 - Optical Supplies-Providers"
"87320","AA","description","Optical Supplies-Providers"
"86227","AA","code and description","86227 - Progs Medical Links-Sessional"
"86227","AA","description","Progs Medical Links-Sessional"
"87578","AA","code and description","87578 - Health Education Allied Health"
"87578","AA","description","Health Education Allied Health"
"86221","AA","code and description","86221 - ProgsHlth&Fitness-Pers Exp(HH)"
"86221","AA","description","ProgsHlth&Fitness-Pers Exp(HH)"
"DSHI-42231","AA","code and description","DSHI-42231-Compliance training fees"
"DSHI-44116","AA","code and description","DSHI-44116-Car usage allowance"
"DSHI-44121","AA","code and description","DSHI-44121-International Airfares"
"DSHI-48151","AA","code and description","DSHI-48151-Legal expenses"
"10170","AA","code and description","10170 - DVA Bank Account-External/Osea"
"10170","AA","description","DVA Bank Account-External/Osea"
"50028","AA","code and description","50028 - DHOS & DHOAS"
"50028","AA","description","DHOS & DHOAS"
"15300","AA","code and description","15300 - Health Preypayment Prog 038"
"15300","AA","description","Health Prepayments Prog 038"
"86895","AA","code and description","86895 - Non Dept Accrual (NO FR&P use"
"86895","AA","description","Non Dept Accrual (NO FR&P use"
"86995","AA","code and description","86995 - LMO Accrual (NO FR&P use only)"
"86995","AA","description","LMO Accrual (NO FR&P use only)"
"87595","AA","code and description","87595 - OtherAHPAccrual(NO FR&Puseonly"
"87595","AA","description","OtherAHPAccrual(NO FR&Puseonly"
"87695","AA","code and description","87695 - Dental Accrual (NO FR&Puseonly"
"87695","AA","description","Dental Accrual (NO FR&Puseonly"
"88202","AA","code and description","88202 - NSW HACC DoA (SPP) Pymts"
"88202","AA","description","NSW HACC DoA (SPP) Pymts"
"88204","AA","code and description","88204 - QLD HACC DoA (SPP) Pymts"
"88204","AA","description","QLD HACC DoA (SPP) Pymts"
"15170","AA","code and description","15170 - DVA Bank Account - External Prog 997"
"15170","AA","description","DVA Bank Account - External Prog 997"
"77407","AA","code and description","77407 - STS Grants (OUT 3)"
"77407","AA","description","STS Grants (OUT 3)"
"87575","AA","code and description","87575 - Health Education 1993/94 NPP"
"87575","AA","description","Health Education 1993/94 NPP"
"10210","AA","code and description","10210 - Salary Recoveries"
"10210","AA","description","Salary Recoveries"
"10300","AA","code and description","10300 - Prepayments-Rent"
"10300","AA","description","Prepayments-Rent"
"20020","AA","code and description","20020 - Provision Redundancies"
"20020","AA","description","Provision Redundancies"
"20110","AA","code and description","20110 - Other Creditors"
"20110","AA","description","Other Creditors"
"74516","AA","code and description","74516 - Finance Cost - Make Good"
"74516","AA","description","Finance Cost - Make Good"
"15260","AA","code and description","15260 - Debtors Prog 041"
"15260","AA","description","Debtors Prog 041"
"15320","AA","code and description","15320 - Ambulance"
"15320","AA","description","Ambulance"
"15330","AA","code and description","15330 - Other Prepayments Prog 997"
"15330","AA","description","Other Prepayments Prog 997"
"15335","AA","code and description","15335 - Prepayments - Rel Entity Prog 046"
"15335","AA","description","Prepayments - Rel Entity Prog 046"
"25100","AA","code and description","25100 - Creditors-Pension Arrears Prog 043"
"25100","AA","description","Creditors-Pension Arrears Prog 043"
"25110","AA","code and description","25110 - Creditors-Health Services Prog 038"
"25110","AA","description","Creditors-Health Services Prog 038"
"65070","AA","code and description","65070 - MRCS Liability Adj OUTCOME 1"
"65070","AA","description","MRCS Liability Adj OUTCOME 1"
"65980","AA","code and description","65980 - MRCS Liability Adj OUTCOME 2"
"65980","AA","description","MRCS Liability Adj OUTCOME 2"
"68220","AA","code and description","68220 - MCRS Liability Adj OUTCOME 1"
"68220","AA","description","MCRS Liability Adj OUTCOME 1"
"68370","AA","code and description","68370 - MCRS Liability Adj OUTCOME 2"
"68370","AA","description","MCRS Liability Adj OUTCOME 2"
"89105","AA","code and description","89105 - Doubtful debts"
"75132","AA","code and description","75132 - OAWG Pte O/S Memorials(OUT3)"
"75132","AA","description","OAWG Pte O/S Memorials(OUT3)"
"DSHI-71331","AA","code and description","DSHI-71331-Unexpired Risk Liability"
"DSHI-71711","AA","code and description","DSHI-71711-Trade creditors"
"DSHI-71715","AA","code and description","DSHI-71715-Unclaimed Monies"
"DSHI-71811","AA","code and description","DSHI-71811-GST payable - Appears on BAS"
"DSHI-12231","AA","code and description","DSHI-12231-Liability Adequecy test expense"
"DSHI-12512","AA","code and description","DSHI-12512-Liability Reinsurance recoveries"
"DSHI-31211","AA","code and description","DSHI-31211-Resources received free of charge"
"DSHI-31511","AA","code and description","DSHI-31511-Interest Appropriations"
"DSHI-44122","AA","code and description","DSHI-44122-International Accommodation"
"DSHI-45114","AA","code and description","DSHI-45114-Audit Remuneration"
"DSHI-48143","AA","code and description","DSHI-48143-Doubtful Debts expense"
"88200","AA","code and description","88200 - ACT  HACC DoA (SPP) Pymts"
"88200","AA","description","ACT  HACC DoA (SPP) Pymts"
"88201","AA","code and description","88201 - NT HACC DoA (SPP) Pymts"
"88201","AA","description","NT HACC DoA (SPP) Pymts"
"88205","AA","code and description","88205 - SA HACC DoA (SPP) Pymts"
"88205","AA","description","SA HACC DoA (SPP) Pymts"
"88207","AA","code and description","88207 - TAS HACC DoA (SPP) Pymts"
"88207","AA","description","TAS HACC DoA (SPP) Pymts"
"86233","AA","code and description","86233 - Mental Health CommuintyReforms"
"86233","AA","description","Mental Health CommuintyReforms"
"86610","AA","code and description","86610 - Bulk Pay-Administrative Staff"
"86610","AA","description","Bulk Pay-Administrative Staff"
"DSHI-","AA","code and description","DSHI--"
"70001","AA","code and description","70001 - Salary Annual leave payments"
"70001","AA","description","Salary Annual leave payments"
"70003","AA","code and description","70003 - Salary Annual leave cashed out"
"70003","AA","description","Salary Annual leave cashed out"
"70002","AA","code and description","70002 - Salary LSL payments"
"70002","AA","description","Salary LSL payments"
"71286","AA","code and description","71286 - CompetitiveNeutrality Pymts"
"71286","AA","description","CompetitiveNeutrality Pymts"
"16005","AA","code and description","16005 - GST Suspense  Account"
"88203","AA","code and description","88203 - VIC HACC DoA (SPP) Pymts"
"88203","AA","description","VIC HACC DoA (SPP) Pymts"
"88206","AA","code and description","88206 - WA HACC DoA (SPP) Pymts"
"88206","AA","description","WA HACC DoA (SPP) Pymts"
"77408","AA","code and description","77408 - Commemorative Events - Major Grants"
"77408","AA","description","Commemorative Events - Major Grants"
"85465","AA","code and description","85465 - One-off Payment to Aged"
"85465","AA","description","One-off Payment to Aged"
"75305","AA","code and description","75305 - Advisers Salaries-via PAHRIS"
"75305","AA","description","Advisers Salaries-via PAHRIS"
"65013","AA","code and description","65013 - Financial Advice - Partners"
"65013","AA","description","Financial Advice - Partners"
"86226","AA","code and description","86226 - Progs Medical Links - Overheads"
"86226","AA","description","Progs Medical Links - Overheads"
"DSHI-43211","AA","code and description","DSHI-43211-Mobile phone charges"
"77441","AA","code and description","77441 - Memorials - Major Grants"
"77441","AA","description","Memorials - Major Grants"
"75516","AA","code and description","75516 - Exhibit and other Evidence"
"75516","AA","description","Exhibit and other Evidence"
"77409","AA","code and description","77409 - Comunity Awareness - Major Grants"
"77409","AA","description","Comunity Awareness - Major Grants"
"65101","AA","code and description","65101 - Motor Vehicle Scheme - Replacement Vehicle"
"65101","AA","description","Motor Vehicle Scheme - Replacement Vehicle"
"DSHI-61161","AA","code and description","DSHI-61161-QBE Refunds"
"DSHI-91115","AA","code and description","DSHI-91115-Suspense QBE receipts"
"DSHI-99999","AA","code and description","DSHI-99999-SYSTEM SUSPENSE"
"20190","AA","code and description","20190 - Unclaimed Monies Liability"
"25170","AA","code and description","25170 - Unclaimed Monies Liability Prog 997"
"25170","AA","description","Unclaimed Monies Liability Prog 997"
"57200","AA","code and description","57200 - Aust War Memorial Drawdown"
"57200","AA","description","Aust War Memorial Drawdown"
"64780","AA","code and description","64780 - Aus War Memorial Payments"
"64780","AA","description","Aust War Memorial Payments"
"86268","AA","code and description","86268 - Suicide Intervention Trng"
"86268","AA","description","Suicide Intervention Trng"
"87579","AA","code and description","87579 - Major Health Promotions"
"87579","AA","description","Major Health Promotions"
"87261","AA","code and description","87261 - Homefront Items & Installations"
"87261","AA","description","Homefront Items & Installations"
"86563","AA","code and description","86563 - Contributory Allowance"
"86563","AA","description","Contributory Allowance"
"65110","AA","code and description","65110 - Act of Grace Payments (MRCS)"
"65110","AA","description","Act of Grace Payments (MRCS)"
"DSHI-12223","AA","code and description","DSHI-12223-Liability Legal expenses - Recovery"
"DSHI-45111","AA","code and description","DSHI-45111-IT consultants expense"
"DSHI-47132","AA","code and description","DSHI-47132-Credit Card Fee (Phone)"
"DSHI-47133","AA","code and description","DSHI-47133-Credit Card Fee (Net)"
"65144","AA","code and description","65144 - Legalexp-OtherLegalAdviceOutome1"
"65144","AA","description","LegalExpOtherLegalAdviceOutcome1"
"65145","AA","code and description","65145 - LegalExp - S349 Outcome 1"
"65145","AA","description","Legal Expenses - S349 Outcome 1"
"68410","AA","code and description","68410 - Compensation For Detriment (mcrs)"
"68410","AA","description","Compensation for Detriment (mcrs)"
"87805","AA","code and description","87805 - Overseas Payments"
"87805","AA","description","Overseas Payments"
"DSHI-47121","AA","code and description","DSHI-47121-Bank fees (Westpac OTC)"
"70023","AA","code and description","70023 - Compsuper ESPC/ Other Accum Ben Scheme"
"70023","AA","description","Compsuper ESPC/Other Accum Ben Scheme"
"DSHI-41121","AA","code and description","DSHI-41121-Overtime"
"86700","AA","code and description","86700 - Country"
"78713","AA","code and description","78713 - SHOAMP - Ear Nose & Throat"
"78713","AA","description","SHOAMP - Ear Nose & Throat"
"DSHI-44124","AA","code and description","DSHI-44124-International taxi fares"
"20041","AA","code and description","20041 - SmartSalary Provision"
"20041","AA","description","SmartSalary Provision"
"74210","AA","code and description","74210 - Impairment Intangible Assets"
"74210","AA","description","Impairment Intangible Assets"
"74212","AA","code and description","74212 - Impairment - IDS WIP"
"74212","AA","description","Impairment - IDS WIP"
"74600","AA","code and description","74600 - Reval Loss"
"74600","AA","description","Reval Loss"
"71288","AA","code and description","71288 - Competitive Newtrality Payroll"
"71288","AA","description","Competitive Newtrality Payroll"
"15020","AA","code and description","15020 - Bank DHOAS Prog 997"
"15020","AA","description","Bank DHOAS Prog 997"
"25030","AA","code and description","25030 - Provision - Hospitals Prog 044"
"25030","AA","description","Provision - Hospitals Prog 044"
"87310","AA","code and description","87310 - Overseas Patients/Recoveries"
"87310","AA","description","Overseas Patients/Recoveries"
"77000","AA","code and description","77000 - Refund former Sect 49 Maint"
"77000","AA","description","Refund Former Sect 49 maint"
"86730","AA","code and description","86730 - CDU"
"86730","AA","description","CDU"
"75365","AA","code and description","75365 - Diabetes Mellitus & Other Endocrine"
"75365","AA","description","Diabetes Mellitus & other Endocrine"
"DSHI-62222","AA","code and description","DSHI-62222-Work in Progress (WIP)"
"13090","AA","code and description","13090 - GST Receivable Accruals"
"13090","AA","description","GST Receivable Accruals"
"16090","AA","code and description","16090 - GST Receivable Accruals"
"25040","AA","code and description","25040 - Provision RPBS Prog 046"
"25040","AA","description","Provision RPBS Prog 046"
"74220","AA","code and description","74220 - Leasehold WIP - Expenses"
"74220","AA","description","leasehold WIP - Expenses"
"50080","AA","code and description","50080 - Sub-Lease"
"50080","AA","description","Sub-Lease"
"85240","AA","code and description","85240 - Overseas British & Others"
"85240","AA","description","Overseas British & Others"
"85325","AA","code and description","85325 - Overseas British & Others"
"25301","AA","code and description","25301 - provision Annual leave Prog 042"
"25301","AA","description","Provision Annual Leave Prog 042"
"86255","AA","code and description","86255 - COP(Country Outreach Program) Accrual LSL/Annual Leave Exp"
"86255","AA","description","COP(Country Outreach) Accrual LSL/Annual leave Expense"
"75000","AA","code and description","75000 - Memorials"
"74000","AA","code and description","74000 - Loss Building"
"74000","AA","description","Loss Building"
"85241","AA","code and description","85241 - BCAL Med Exams NZ Outcome 1"
"85241","AA","description","BCAL Med Exams NZ Outcome 1"
"85242","AA","code and description","85242 - BCAL Med Exams UK Outcome 1"
"85242","AA","description","BCAL Med Exams UK Outcome 1"
"86575","AA","code and description","86575 - Overseas Recoveries"
"86575","AA","description","Overseas Recoveries"
"86258","AA","code and description","86258 - After hours - Advertising(Vline)"
"86258","AA","description","After hours - Advertising(Vline)"
"86760","AA","code and description","86760 - Outpatients - Metro"
"86760","AA","description","Outpatients - Metro"
"86253","AA","code and description","86253 - COP(Country Outreach Program) - Superannuation"
"86253","AA","description","COP(Country Outreach Program) Superannuation"
"75566","AA","code and description","75566 - Salaries Relief Staff - VVCS - Via PAHRIS"
"75566","AA","description","Salaries Relief Staff - VVCS - Via PAHRIS"
"87400","AA","code and description","87400 - Occ Therapy - Providers"
"87400","AA","description","Occ Therapy - Providers"
"88151","AA","code and description","88151 - VHC Ref Group & AA Meetings"
"88151","AA","description","VHC Ref Group & AA Meetings"
"DSHI-12221","AA","code and description","DSHI-12221-Liability Claim - quantum - Recovery"
"86420","AA","code and description","86420 - Community Nursing Adv Sal via PAHRIS"
"86420","AA","description","Community Nursing Adv Sal Via PAHRIS"
"20405","AA","code and description","20405 - Lease Straightlining Provision"
"20405","AA","description","Lease Straightlining Provision"
"85243","AA","code and description","85243 - BCAL Med Exams Other Outcome 1"
"85243","AA","description","BCAL Med Exams Other Outcome 1"
"78714","AA","code and description","78714 - SHOAMP - Reumatologists"
"78714","AA","description","SHOAMP - Reumatologists"
"87577","AA","code and description","87577 - Demetia 1995/96 NPP"
"87577","AA","description","Demetia 1995/96 NPP"
"DSHI-44125","AA","code and description","DSHI-44125-International Other"
"51505","AA","code and description","51505 - Sec 31 return to Finance"
"51505","AA","description","Sec 31 Return to Finance"
"51510","AA","code and description","51510 - Sec 31 Drawdowns"
"51510","AA","description","Sec 31 Drawdowns"
"65022","AA","code and description","65022 - Lump Sum Payments - Other Dependants"
"65022","AA","description","Lump Sum Payments - Other Dependants"
"15011","AA","code and description","15011 - Bank MA Advance Account Prog 038"
"15011","AA","description","Bank MA Advance Account Prog 038"
"15012","AA","code and description","15012 - Bank MA Advance Account Prog 042"
"15012","AA","description","Bank MA Advance Account Prog 042"
"15303","AA","code and description","15303 - Health Prepayments prog 042"
"15303","AA","description","Health prepayments Prog 042"
"15304","AA","code and description","15304 - Health Prepayments Prog 044"
"15304","AA","description","Health Prepayments Prog 044"
"25001","AA","code and description","25001 - TAS Provision Prog 038"
"25001","AA","description","TAS Provision Prog 038"
"25002","AA","code and description","25002 - TAS Provision Prog 042"
"25002","AA","description","TAS Provision Prog 042"
"25101","AA","code and description","25101 - Creditors-Pension Arrears Prog 036"
"25101","AA","description","Creditors-Pensions Arrears Prog 036"
"25104","AA","code and description","25104 - Creditors - Pension Accruals prog 043"
"25104","AA","description","Creditors - Pensions Accruals Prog 043"
"25106","AA","code and description","25106 - Creditors - Pension Accruals prog 045"
"25106","AA","description","Creditors - Pensions Accruals Prog 045"
"25107","AA","code and description","25107 - Creditors - Pensions Accruals Prog 035"
"25107","AA","description","Creditors - Pensions Accruals prog 035"
"25113","AA","code and description","25113 - Creditors Health Services Prog 042"
"25113","AA","description","Creditors Health Services Prog 042"
"25141","AA","code and description","25141 - Amount Payable to MA Prog 038"
"25141","AA","description","Amount Payable to MA Prog 038"
"25142","AA","code and description","25142 - Amount Payable to MA Prog 042"
"25142","AA","description","Amount Payable to MA Prog 042"
"86260","AA","code and description","86260 - VVCS NAC"
"86260","AA","description","VVCS NAC"
"65040","AA","code and description","65040 - Special Rate Disability Pension Payments"
"65040","AA","description","Special Rate Disability Pension Payments"
"DSHI-41181","AA","code and description","DSHI-41181-Salaries Temp Staff"
"78401","AA","code and description","78401 - VCES Relocation Scholarship"
"78401","AA","description","VCES Relocation Scholarship"
"78402","AA","code and description","78402 - VCES Startup Scholarship"
"78402","AA","description","VCES Startup Scholarship"
"71287","AA","code and description","71287 - Intra Agency Transfers"
"71287","AA","description","Intra Agency Transfers"
"21080","AA","code and description","21080 - Competetive Neutrality Income Tax Liability"
"21080","AA","description","Competitive Neutrality Income Tax Liability"
"25102","AA","code and description","25102 - Creditors - Pension Arrears Prog 045"
"25102","AA","description","Creditors - Pension arrears Prog 045"
"86283","AA","code and description","86283 - Implementation of Dunt study"
"86283","AA","description","Implementation of Dunt study"
"DSHI-62212","AA","code and description","DSHI-62212-Internally Developed Software at cost"
"DSHI-62223","AA","code and description","DSHI-62223-IDS Accumulated Depreciation"
"DSHI-63000","AA","code and description","DSHI-63000-Work In Progress - Internal Devel Softwa"
"10180","AA","code and description","10180 - Smart Salary Bank Account"
"10180","AA","description","Smart Salary Bank Account"
"25112","AA","code and description","25112 - Creditors - Health Services Prog 041"
"25112","AA","description","Creditors - Health Services Prog 041"
"25132","AA","code and description","25132 - Creditors Prog 047"
"25132","AA","description","Creditors - Prog 047"
"55166","AA","code and description","55166 - FX Gains/Losses"
"55166","AA","description","FX Gains/Losses"
"72354","AA","code and description","72354 - C06 Waste Removal Direct to Vendor"
"72354","AA","description","C06 Waste Removal Direct to Vendor"
"72357","AA","code and description","72357 - C07 Security Direct to Vendor"
"72357","AA","description","C07 Security Direct to Vendor"
"72353","AA","code and description","72353 - C05 Water & Sewerage Direct to Vendor"
"72353","AA","description","C05 Water & Sewerage Direct to Vendor"
"72351","AA","code and description","72351 - C06 Cleaning Direct to Vendor"
"72351","AA","description","C06 Cleaning Direct to Vendor"
"72352","AA","code and description","72352 C04 Energy direct to vendor"
"72352","AA","description","C04 Energy direct to vendor"
"72036","AA","code and description","72036 - Printers/Faxes - Leases"
"72036","AA","description","Printers/Faxes - Leases"
"25114","AA","code and description","25114 - Creditor - RPBS Prog 046"
"25114","AA","description","Creditor - RPBS Prog 046"
"15302","AA","code and description","15302 - Health Prepayments Prog 041"
"15302","AA","description","Health Prepayment Prog 041"
"DSHI-12217","AA","code and description","DSHI-12217-House salvage - Recover"
"72355","AA","code and description","72355 - C08 Emergency Evacuation Procedures"
"72355","AA","description","C08 Emergency Evacuation Procedures"
"72329","AA","code and description","72329 - C02 Leases - outgoing - Water & Sewerage"
"72329","AA","description","C02 Leases - Outgoings - Water & Sewerage"
"88152","AA","code and description","88152 - GAP Payment - Complkex Assessment"
"88152","AA","description","GAP Payment - Complkex Assessment"
"DSHI-12213","AA","code and description","DSHI-12213-House Legal expenses - Recovery"
"DSHI-41191","AA","code and description","DSHI-41191-Other Staff Expenses"
"72356","AA","code and description","72356 - C09 Other Operating"
"72356","AA","description","C09 Other Operating"
"65092","AA","code and description","65092 - Childrens Education Special Assistance"
"65092","AA","description","Childrens Education Special Assistance"
"15340","AA","code and description","15340 - Prepayments - Pensions Prog 036"
"15340","AA","description","Prepayments - Pensions Prog 036"
"15341","AA","code and description","15341 - Prepayments - Pensions Prog 043"
"15341","AA","description","Prepayments - Pensions Prog 043"
"15342","AA","code and description","15342 - Prepayments - Pensions Prog 045"
"15342","AA","description","Prepayments - Pensions Prog 045"
"86254","AA","code and description","86254 - COP (Country Outreach Program) Allowances"
"86254","AA","description","COP (Country Outreach Program) Allowances"
"77416","AA","code and description","77416 - Documentries/other significant projects - major grants"
"77416","AA","description","Documentries/other significant projects - major grants"
"30035","AA","code and description","30035 - DCB Injection"
"30035","AA","description","DCB Injection"
"77215","AA","code and description","77215 - Vietnam Veterans Assoc of Australia"
"77215","AA","description","Vietnam Veterans Assoc of Australia"
"87525","AA","code and description","87525 - Other Refunds-Physiotherapy (MEPI)"
"87525","AA","description","Other Refunds-Physiotherapy (MEPI)"
"74230","AA","code and description","74230 - Leasehold WIP Capitalisation"
"74230","AA","description","Leasehold WIP Capitalisation"
"72328","AA","code and description","72328 - C02 Leases - outgoings - Waste Disposal"
"72328","AA","description","C02 Leases - Outgoings - Waste Disposal"
"65094","AA","code and description","65094 - MRCAETS Startup Scholarship"
"65094","AA","description","MRCAETS Startup Scholarship"
"86426","AA","code and description","86426 - CN Clinical Adv Ref Grp Meet"
"86426","AA","description","CN Clinical Adv Ref Grp Meet"
"75550","AA","code and description","75550 - F-111 Recommendations 9 & 12 VVCS"
"75550","AA","description","F-111 Recomendations 9 & 12 VVCS"
"75105","AA","code and description","75105 - OAWGS Minor Works"
"75105","AA","description","OAWGS Minor Works"
"70075","AA","code and description","70075 - Paid Parental Leave"
"70075","AA","description","Paid Parental Leave"
"72069","AA","code and description","72069 - MOU SS Cross Platform"
"72069","AA","description","MOU SS Cross Platform"
"86943","AA","code and description","86943 - Trng & Res - GPs & Nurses"
"86943","AA","description","Trng & Res - GPs & Nurses"
"65093","AA","code and description","65093 - MRCAETS Relocation Scholarship"
"65093","AA","description","MRCAETS Relocation Scholarship"
"85455","AA","code and description","85455 - Crisis Payment"
"85455","AA","description","Crisis Payment"
"10221","AA","code and description","10221 - Appropriation Receivable - Equity"
"10221","AA","description","Appropriation Receivable - Equity"
"70076","AA","code and description","70076 - Paid Parental Leave Receipts"
"70076","AA","description","Paid Parental Leave Receipts"
"72396","AA","code and description","72396 - Office Removals IT Equipment only"
"72396","AA","description","Office Removals IT Equipment only"
"15261","AA","code and description","15261 - Other Debtors Prog 997"
"15261","AA","description","Other Debtors Prog 997"
"25003","AA","code and description","25003 - TAS Provision Prog 041"
"25003","AA","description","TAS Provision Prog 041"
"25109","AA","code and description","25109 - Creditors - Pension Accruals Prog 005"
"25109","AA","description","Creditors - Pension Accruals Prog 005"
"25143","AA","code and description","25143 - Amount Payable to MA Prog 041"
"25143","AA","description","Amount Payable to MA Prog 041"
"86495","AA","code and description","86495 - Community Nursing Accrual (FR&P Only)"
"86495","AA","description","Community Nursing Accrual (FR&P Only)"
"72061","AA","code and description","72061 - MOU SS Mainframe"
"72061","AA","description","MOU SS Mainframe"
"72062","AA","code and description","72062 - MOU SS End User"
"72062","AA","description","MOU SS End User"
"72064","AA","code and description","72064 - MOU SS Gateway"
"72064","AA","description","MOU SS Gateway"
"72065","AA","code and description","72065 - MOU SS LAN & RAS"
"72065","AA","description","MOU SS LAN & RAS"
"72068","AA","code and description","72068 - MOU SS WAN"
"72068","AA","description","MOU SS WAN"
"DSHI-21114","AA","code and description","DSHI-21114-QBE CTP Commission (Disabled)"
"DSHI-61142","AA","code and description","DSHI-61142-Westpac Direct Debit Receivables"
"DSHI-61322","AA","code and description","DSHI-61322-Building IB Premium Receivable"
"15013","AA","code and description","15013 - Bank MA Advance Account Prog 041"
"DSHI-21113","AA","code and description","DSHI-21113-QBE Travel Commission (Disabled)"
"78711","AA","code and description","78711 - SHOAMP - Dermatologists"
"78711","AA","description","SHOAMP - Dermatologists"
"88153","AA","code and description","88153 - Social Assistance CVC"
"88153","AA","description","Social Assistance CVC"
"84931","AA","code and description","84931 - POW Rec Supp"
"84931","AA","description","POW Rec Supp"
"84932","AA","code and description","84932 - POW Rec Supp Civ J"
"84932","AA","description","POW Rec Supp Civ J"
"84933","AA","code and description","84933 - POW Rec Supp Civ E"
"84933","AA","description","POW Rec Supp Civ E"
"DSHI-47171","AA","code and description","DSHI-47171-Recovery Expenses"
"77446","AA","code and description","77446 - ANZAC Centenary Advisory Board"
"77446","AA","description","ANZAC Centenary Advisory Board"
"DSHI-21112","AA","code and description","DSHI-21112-QBE Contents IB Commission"
"DSHI-21121","AA","code and description","DSHI-21121-QBE Travel Commission"
"DSHI-21131","AA","code and description","DSHI-21131-QBE CTP Commission"
"DSHI-61123","AA","code and description","DSHI-61123-QBE Instalment Billing Account"
"DSHI-61332","AA","code and description","DSHI-61332-Contents IB Premium Receivable"
"DSHI-71512","AA","code and description","DSHI-71512-QBE IB Payable (Contents)"
"65091","AA","code and description","65091 - Children's Education Scheme - Primary Allowances"
"65091","AA","description","Children's Education Scheme - Primary Allowances"
"DSHI-91114","AA","code and description","DSHI-91114-Suspense  QBE Refunds"
"86527","AA","code and description","86527 - CMVS (Choice & Maintainability in Veterans Services)"
"86527","AA","description","CMVS (Choice & Maintainability in Veterans Services)"
"71183","AA","code and description","71183 - Interest on Late Payments"
"71183","AA","description","Interest on Late Payments"
"87267","AA","code and description","87267 - RAP Reference Group Members"
"87267","AA","description","RAP Reference Group Members"
"72063","AA","code and description","72063 - MOU SS Facilities"
"72063","AA","description","MOU SS Facilities"
"72066","AA","code and description","72066 - MOU SS Midrange"
"72066","AA","description","MOU SS Midrange"
"72067","AA","code and description","72067 - MOU SS Voice"
"72067","AA","description","MOU SS Voice"
"44010","AA","code and description","44010 - Pension Loan Scheme Payments"
"44010","AA","description","Pension Loan Scheme Payments"
"65151","AA","code and description","65151 - Legal Expenses - AAT Representation - Outcome 2"
"65151","AA","description","Legal Expenses - AAT Representation - Outcome 2"
"77105","AA","code and description","77105 - Settlement-Lump sum (Outcome 2)"
"77105","AA","description","Settlement-Lump sum (Outcome 2)"
"77110","AA","code and description","77110 - Medical & Other Expenses (Outcome 2)"
"77110","AA","description","Medical & Other Expenses (Outcome 2)"
"72071","AA","code and description","72071 -  MOU SS Additional Services"
"72071","AA","description","MOU SS Additional Services"
"72072","AA","code and description","72072 - MOU SS Application"
"72072","AA","description","MOU SS Application"
"72073","AA","code and description","72073 - MOU SS ICT Management"
"72073","AA","description","MOU SS ICT Management"
"72074","AA","code and description","72074 - MOU SS Change"
"72076","AA","code and description","72076 - MOU SS Helpdesk"
"72076","AA","description","MOU SS Helpdesk"
"65005","AA","code and description","65006 - MRCA Permanent Impairment Clean Energy Supplement"
"65005","AA","description","MRCA Permanent Impairment Clean Energy Supplement"
"77448","AA","code and description","77448 - Centenary of ANZAC NPP-Grants"
"77448","AA","description","Centenary of ANZA NPP-Grants"
"85466","AA","code and description","85466 - Income Support Pensions Clean Energy Advance"
"85466","AA","description","Income Support Pensions Clean Energy Advance"
"78406","AA","code and description","78406 - VCES Clean Energy Advance"
"78406","AA","description","VCES Clean Energy Advance"
"85244","AA","code and description","85244 - Disability Pensions Clean Energy Advance"
"85244","AA","description","Disability Pensions Clean Energy Advance"
"85321","AA","code and description","85321 - War & Defence Widows Pensions Clean Energy Advance"
"85321","AA","description","War & Defence Widows Pensions Clean Energy Advance"
"85817","AA","code and description","85817 - Telephone & Other Allowances"
"85817","AA","description","Telephone & Other Allowances"
"85819","AA","code and description","85819 - VCES Education Tax Reform"
"85819","AA","description","VCES Education Tax Reform"
"85820","AA","code and description","85820 - MRCAETS Education Tax Reform"
"85820","AA","description","MRCAETS Education Tax Reform"
"65006","AA","code and description","65005 - MRCA Permanent Impairment Clean Energy Advance"
"65006","AA","description","MRCA Permanent Impairment Clean Energy Advance"
"65025","AA","code and description","65025 - MRCA Dependant Benefits Clean Energy Advance"
"65025","AA","description","MRCA Dependant Benefits Clean Energy Advance"
"65035","AA","code and description","65035 - MRCA Income Maintenance Payments Clean Energy Advance"
"65035","AA","description","MRCA Income Maintenance Payments Clean Energy Advance"
"65095","AA","code and description","65095 - MRCAEATS Clean Energy Advance"
"65095","AA","description","MRCAEATS Clean Energy Advance"
"44037","AA","code and description","44037 - Age Pension -  Clean Energy Advance"
"44037","AA","description","Age Pension - Clean Energy Advance"
"65023","AA","code and description","65023 - Bereavement Payments - PIPS"
"65023","AA","description","Bereavement Payments - PIPS"
"DSHI-21141","AA","code and description","DSHI-21141-QBE Home Commission"
"DSHI-21151","AA","code and description","DSHI-21151-QBE Motor Commission"
"DSHI-21152","AA","code and description","DSHI-21152-QBE Motor IB Commission"
"DSHI-21161","AA","code and description","DSHI-21161-QBE Marine Commission"
"DSHI-21162","AA","code and description","DSHI-21162-QBE Marine IB Commission"
"DSHI-21172","AA","code and description","DSHI-21172-QBE Other Products IB Commission"
"DSHI-61361","AA","code and description","DSHI-61361-QBE Home Premium Receivable"
"DSHI-61362","AA","code and description","DSHI-61362-QBE Home IB Premium Receivable"
"DSHI-61371","AA","code and description","DSHI-61371-QBE Motor Premium Receivable"
"DSHI-61372","AA","code and description","DSHI-61372-QBE Motor IB Premium Receivable"
"DSHI-61381","AA","code and description","DSHI-61381-QBE Marine Premium Receivable"
"DSHI-61382","AA","code and description","DSHI-61382-QBE Marine IB Premium Receivable"
"DSHI-61391","AA","code and description","DSHI-61391-QBE Other Products Premium Receivable"
"DSHI-61392","AA","code and description","DSHI-61392-QBE Other Products IB Premium Receivable"
"DSHI-71521","AA","code and description","DSHI-71521-QBE Payable (Home)"
"DSHI-71522","AA","code and description","DSHI-71522-QBE IB Payable (Home)"
"DSHI-71531","AA","code and description","DSHI-71531-QBE Payable (Motor)"
"DSHI-71532","AA","code and description","DSHI-71532-QBE IB Payable (Motor)"
"DSHI-71541","AA","code and description","DSHI-71541-QBE Payable (Marine)"
"DSHI-71542","AA","code and description","DSHI-71542-QBE IB Payable (Marine)"
"DSHI-71551","AA","code and description","DSHI-71551-QBE Payable (Other Products)"
"DSHI-71552","AA","code and description","DSHI-71552-QBE IB Payable (Other Products)"
"74410","AA","code and description","74410 - NPP Supplier Capitalisation"
"74410","AA","description","NPP Supplier Capitalisation"
"77447","AA","code and description","77447 - Centenary of ANZAC NPP"
"77447","AA","description","Centenary of ANZAC NPP"
"75101","AA","code and description","75101 - Cent of ANZAC NPP HON WAR Dead"
"75101","AA","description","Cent of ANZAC NPP Hon War Dead"
"87302","AA","code and description","87302 - Other AHP - Advances to HIC Products"
"87302","AA","description","Other AHP - Advances to HIC Products"
"87268","AA","code and description","87268 - EMEP Payments (Essential Medical Equipment Payments)"
"87268","AA","description","EMEP Payments (Essential Medical Equipment Payments)"
"DSHI-;;;;1;;False;;","AA","code and description","DSHI-;;;;1;;False;;-Suspense account Westpac (OTC)"
"DSHI-21171","AA","code and description","DSHI-21171-QBE Other Products Commission"
"DSHI-47181","AA","code and description","DSHI-47181-Property Valuation Expenses"
"74010","AA","code and description","74010 - Loss Plant & Equipment"
"74010","AA","description","Loss Plant & Equipment"
"86906","AA","code and description","86906 - Practice Nurse Incentive Program (PNIP)"
"86906","AA","description","Practice Nurse Incentive Program (PNIP)"
"88154","AA","code and description","88154 - Social & Com Serv QLD Pay Equity"
"88154","AA","description","Social & Com Serv QLD Pay Equity"
"DSHI-21142","AA","code and description","DSHI-21142-QBE Home IB Commission"
"77134","AA","code and description","77134 - Legal Expenses - RMA Advisings (Outcome 1)"
"77134","AA","description","Legal Expenses - RMA Advisings (Outcome 1)"
"77135","AA","code and description","77135 - Legal Expenses - SMRC Advisings (outcome 1)"
"77135","AA","description","Legal Expenses - SMRC Advisings (Outcome 1)"
"44221","AA","code and description","44221 - VCES ETR Admin Scheme (Education Tax Refund)"
"44221","AA","description","VCES ETR ADMIN Scheme (Education Tax Refund)"
"65604","AA","code and description","65604 - Treatment for Contemporary Dependants under 287(2)"
"65604","AA","description","Treatment for Contemporary Dependants under 287(2)"
"11043","AA","code and description","11043 - PP&E WIP (Property, Plant & Equipment)"
"11043","AA","description","PP&E - WIP (Property, Plant & Equipment)"
"75014","AA","code and description","75014 - Travel - Accom Non-Commercial"
"87370","AA","code and description","87370 - Podiatry - Adv Sals - Via PAHRIS"
"87370","AA","description","Podiatry - Adv Sals - Via PAHRIS"
"44410","AA","code and description","44410 - SACS Expenditure"
"44410","AA","description","SACS Expenditure"
"44420","AA","code and description","44420 - Reimb From Fahcsia SACS SA (Social & Community Svcs - Special Account)"
"44420","AA","description","Reimb from Fahcsia SACS SA (Social & Community Svcs - Special Account)"
"44220","AA","code and description","44220 - MRCAETS Schoolkids Bonus (MRCA Education & Training Scheme)"
"44220","AA","description","MRCAETS Schoolkids Bonus (MRCA Education & Training Scheme)"
"44223","AA","code and description","44223 - VCES Schoolkids Bonus (Veterans' Children Education Scheme)"
"44223","AA","description","VCES Schoolkids Bonus (Veterans' Children Education Scheme)"
"75312","AA","code and description","75312 - SMRC councillor Costs (Special Medical Research Council)"
"75312","AA","description","SMRC Councillor Costs (Special Medical Research Council)"
"86408","AA","code and description","86408 - SACS Expenditure Community Nursing"
"86408","AA","description","SACS Expenditure Community Nursing"
"68350","AA","code and description","68350 - Medical Travel Claims Outcome 1"
"68350","AA","description","Medical Travel Claims Outcome 1"
"77412","AA","code and description","77412 - Museum Relations - Major Grants"
"77412","AA","description","Museum Relations - Major Grants"
"85467","AA","code and description","85467 - Income Support Pensions Cean Energy Supplement"
"85467","AA","description","Income Support Pensions Clean Energy Supplement"
"78408","AA","code and description","78408 - VCES Income Support bonus"
"78408","AA","description","VCES Income Support Bonus"
"85245","AA","code and description","85245 - Disability Pensions Clean Energy Supplement"
"85245","AA","description","Disability Pensions Clean Energy Supplement"
"85322","AA","code and description","85321 - War & Defence Widows Pensions Clean Energy Supplement"
"85322","AA","description","War & Defence Widows Clean Energy Supplement"
"65026","AA","code and description","65026 - MRCA Dependant Benefits Clean Energy Supplement"
"65026","AA","description","MRCA Dependant Benefits Clean Energy Supplement"
"65036","AA","code and description","65036 - MRCA Income Maintenance Clean Energy Supplement"
"65036","AA","description","MRCA Income Maintenance Clean Energy Supplement"
"65097","AA","code and description","65097 - MRCAETS Income Support Bonus"
"65097","AA","description","MRCAETS Income Support Bonus"
"87801","AA","code and description","87801 - Vet Pharm Reimbursement Scheme"
"87801","AA","description","Vet Pharm Reimbursement Scheme"
"44038","AA","code and description","44038 - Age Pension-Clean Energy Supplement"
"44038","AA","description","Age Pension  - Clean Energy Supplement"
"71851","AA","code and description","71851 - Travel - Expenses Suspense"
"71851","AA","description","Travel - Expenses Suspense"
"10176","AA","code and description","10176 - DVA Travel Settlement Account"
"10176","AA","description","DVA Travel Settlement Account"
"85818","AA","code and description","85818 - Telephone & Other Allowances Clean Energy Supplement"
"85818","AA","description","Telephone & Other Allowances Clean Energy Supplement"
"DSHI-13112","AA","code and description","DSHI-13112-VIC FSL Transition Expenses"
"71807","AA","code and description","71807 - Travel Booking Fees"
"71807","AA","description","Travel Booking fees"
"71808","AA","code and description","71808 - Travel WOAG Fees (Whole of Australian Government)"
"71808","AA","description","Travel WOAG Fees (Whole of Australian Government)"
"50007","AA","code and description","50007 - Contributions - O'seas Vehicle"
"50007","AA","description","Contributions - O'seas Vehicle"
"15281","AA","code and description","15281 - Provision for Doubtful Debts Other Prog 997"
"15281","AA","description","Provision for Doubtful Debts Other Prog 997"
"45000","AA","code and description","45000 - ANZAC Centenary Public Fund - Bank"
"45000","AA","description","ANZAC Centenary Public Fund - Bank"
"71832","AA","code and description","71832 - Travel Debtors"
"71832","AA","description","Travel Debtors"
"DSHI-47143","AA","code and description","DSHI-47143-UBS Management Fees"
"DSHI-61223","AA","code and description","DSHI-61223-UBS Investment Mgmt Fees"
"71184","AA","code and description","71184 - Interest on late payments (60+ Days Late)"
"71184","AA","description","Interest on late payments (60+ days late)"
"77280","AA","code and description","77280 - Grants in Aid"
"77280","AA","description","Grants in Aid"
"86247","AA","code and description","86247 - COP Telephone Bills"
"86247","AA","description","COP Telephone Bills"
"75313","AA","code and description","75313 - RMA Authority Members Costs"
"75313","AA","description","RMA Authority Members Costs"
"15025","AA","code and description","15025 - Bank Derived Payments Prog 038"
"15025","AA","description","Bank Derived Payments Prog 038"
"75552","AA","code and description","75552 - Operation Lifesuicide Awareness Workshops"
"75552","AA","description","Operation Lifesuiside Awareness Workshops"
