"af","AS","Region","Afrikaans"
"af","AS","Language","Afrikaans"
"af","AS","LCID","0036"
"af-NA","AS","Region","Afrikaans (Namibia)"
"af-NA","AS","Language","Afrikaans"
"af-NA","AS","LCID","0036"
"af-NA","AS","BaseCulture","af"
"af-ZA","AS","Region","Afrikaans (South Africa)"
"af-ZA","AS","Language","Afrikaans"
"af-ZA","AS","LCID","0436"
"af-ZA","AS","BaseCulture","af"
"agq","AS","Region","Aghem"
"agq","AS","Language","Aghem"
"agq","AS","LCID","0000"
"agq-CM","AS","Region","Aghem (Cameroon)"
"agq-CM","AS","Language","Aghem"
"agq-CM","AS","LCID","0000"
"agq-CM","AS","BaseCulture","agq"
"ak","AS","Region","Akan"
"ak","AS","Language","Akan"
"ak","AS","LCID","0000"
"ak-GH","AS","Region","Akan (Ghana)"
"ak-GH","AS","Language","Akan"
"ak-GH","AS","LCID","0000"
"ak-GH","AS","BaseCulture","ak"
"am","AS","Region","Amharic"
"am","AS","Language","Amharic"
"am","AS","LCID","005E"
"am-ET","AS","Region","Amharic (Ethiopia)"
"am-ET","AS","Language","Amharic"
"am-ET","AS","LCID","045E"
"am-ET","AS","BaseCulture","am"
"ar","AS","Region","Arabic"
"ar","AS","Language","Arabic"
"ar","AS","LCID","0001"
"ar-001","AS","Region","Arabic (World)"
"ar-001","AS","Language","Arabic"
"ar-001","AS","LCID","0001"
"ar-001","AS","BaseCulture","ar"
"ar-AE","AS","Region","Arabic (United Arab Emirates)"
"ar-AE","AS","Language","Arabic"
"ar-AE","AS","LCID","3801"
"ar-AE","AS","BaseCulture","ar"
"ar-BH","AS","Region","Arabic (Bahrain)"
"ar-BH","AS","Language","Arabic"
"ar-BH","AS","LCID","3C01"
"ar-BH","AS","BaseCulture","ar"
"ar-DJ","AS","Region","Arabic (Djibouti)"
"ar-DJ","AS","Language","Arabic"
"ar-DJ","AS","LCID","0001"
"ar-DJ","AS","BaseCulture","ar"
"ar-DZ","AS","Region","Arabic (Algeria)"
"ar-DZ","AS","Language","Arabic"
"ar-DZ","AS","LCID","1401"
"ar-DZ","AS","BaseCulture","ar"
"ar-EG","AS","Region","Arabic (Egypt)"
"ar-EG","AS","Language","Arabic"
"ar-EG","AS","LCID","0C01"
"ar-EG","AS","BaseCulture","ar"
"ar-EH","AS","Region","Arabic (Western Sahara)"
"ar-EH","AS","Language","Arabic"
"ar-EH","AS","LCID","0001"
"ar-EH","AS","BaseCulture","ar"
"ar-ER","AS","Region","Arabic (Eritrea)"
"ar-ER","AS","Language","Arabic"
"ar-ER","AS","LCID","0001"
"ar-ER","AS","BaseCulture","ar"
"ar-IL","AS","Region","Arabic (Israel)"
"ar-IL","AS","Language","Arabic"
"ar-IL","AS","LCID","0001"
"ar-IL","AS","BaseCulture","ar"
"ar-IQ","AS","Region","Arabic (Iraq)"
"ar-IQ","AS","Language","Arabic"
"ar-IQ","AS","LCID","0801"
"ar-IQ","AS","BaseCulture","ar"
"ar-JO","AS","Region","Arabic (Jordan)"
"ar-JO","AS","Language","Arabic"
"ar-JO","AS","LCID","2C01"
"ar-JO","AS","BaseCulture","ar"
"ar-KM","AS","Region","Arabic (Comoros)"
"ar-KM","AS","Language","Arabic"
"ar-KM","AS","LCID","0001"
"ar-KM","AS","BaseCulture","ar"
"ar-KW","AS","Region","Arabic (Kuwait)"
"ar-KW","AS","Language","Arabic"
"ar-KW","AS","LCID","3401"
"ar-KW","AS","BaseCulture","ar"
"ar-LB","AS","Region","Arabic (Lebanon)"
"ar-LB","AS","Language","Arabic"
"ar-LB","AS","LCID","3001"
"ar-LB","AS","BaseCulture","ar"
"ar-LY","AS","Region","Arabic (Libya)"
"ar-LY","AS","Language","Arabic"
"ar-LY","AS","LCID","1001"
"ar-LY","AS","BaseCulture","ar"
"ar-MA","AS","Region","Arabic (Morocco)"
"ar-MA","AS","Language","Arabic"
"ar-MA","AS","LCID","1801"
"ar-MA","AS","BaseCulture","ar"
"ar-MR","AS","Region","Arabic (Mauritania)"
"ar-MR","AS","Language","Arabic"
"ar-MR","AS","LCID","0001"
"ar-MR","AS","BaseCulture","ar"
"ar-OM","AS","Region","Arabic (Oman)"
"ar-OM","AS","Language","Arabic"
"ar-OM","AS","LCID","2001"
"ar-OM","AS","BaseCulture","ar"
"ar-PS","AS","Region","Arabic (Palestinian Territories)"
"ar-PS","AS","Language","Arabic"
"ar-PS","AS","LCID","0001"
"ar-PS","AS","BaseCulture","ar"
"ar-QA","AS","Region","Arabic (Qatar)"
"ar-QA","AS","Language","Arabic"
"ar-QA","AS","LCID","4001"
"ar-QA","AS","BaseCulture","ar"
"ar-SA","AS","Region","Arabic (Saudi Arabia)"
"ar-SA","AS","Language","Arabic"
"ar-SA","AS","LCID","0401"
"ar-SA","AS","BaseCulture","ar"
"ar-SD","AS","Region","Arabic (Sudan)"
"ar-SD","AS","Language","Arabic"
"ar-SD","AS","LCID","0001"
"ar-SD","AS","BaseCulture","ar"
"ar-SO","AS","Region","Arabic (Somalia)"
"ar-SO","AS","Language","Arabic"
"ar-SO","AS","LCID","0001"
"ar-SO","AS","BaseCulture","ar"
"ar-SS","AS","Region","Arabic (South Sudan)"
"ar-SS","AS","Language","Arabic"
"ar-SS","AS","LCID","0001"
"ar-SS","AS","BaseCulture","ar"
"ar-SY","AS","Region","Arabic (Syria)"
"ar-SY","AS","Language","Arabic"
"ar-SY","AS","LCID","2801"
"ar-SY","AS","BaseCulture","ar"
"ar-TD","AS","Region","Arabic (Chad)"
"ar-TD","AS","Language","Arabic"
"ar-TD","AS","LCID","0001"
"ar-TD","AS","BaseCulture","ar"
"ar-TN","AS","Region","Arabic (Tunisia)"
"ar-TN","AS","Language","Arabic"
"ar-TN","AS","LCID","1C01"
"ar-TN","AS","BaseCulture","ar"
"ar-YE","AS","Region","Arabic (Yemen)"
"ar-YE","AS","Language","Arabic"
"ar-YE","AS","LCID","2401"
"ar-YE","AS","BaseCulture","ar"
"as","AS","Region","Assamese"
"as","AS","Language","Assamese"
"as","AS","LCID","004D"
"as-IN","AS","Region","Assamese (India)"
"as-IN","AS","Language","Assamese"
"as-IN","AS","LCID","044D"
"as-IN","AS","BaseCulture","as"
"asa","AS","Region","Asu"
"asa","AS","Language","Asu"
"asa","AS","LCID","0000"
"asa-TZ","AS","Region","Asu (Tanzania)"
"asa-TZ","AS","Language","Asu"
"asa-TZ","AS","LCID","0000"
"asa-TZ","AS","BaseCulture","asa"
"ast","AS","Region","Asturian"
"ast","AS","Language","Asturian"
"ast","AS","LCID","0000"
"ast-ES","AS","Region","Asturian (Spain)"
"ast-ES","AS","Language","Asturian"
"ast-ES","AS","LCID","0000"
"ast-ES","AS","BaseCulture","ast"
"az","AS","Region","Azerbaijani"
"az","AS","Language","Azerbaijani"
"az","AS","LCID","002C"
"az-Cyrl","AS","Region","Azerbaijani (Cyrillic)"
"az-Cyrl","AS","Language","Azerbaijani (Cyrillic)"
"az-Cyrl","AS","LCID","742C"
"az-Cyrl","AS","BaseCulture","az"
"az-Cyrl-AZ","AS","Region","Azerbaijani (Cyrillic, Azerbaijan)"
"az-Cyrl-AZ","AS","Language","Azerbaijani (Cyrillic)"
"az-Cyrl-AZ","AS","LCID","082C"
"az-Cyrl-AZ","AS","BaseCulture","az"
"az-Latn","AS","Region","Azerbaijani (Latin)"
"az-Latn","AS","Language","Azerbaijani (Latin)"
"az-Latn","AS","LCID","782C"
"az-Latn","AS","BaseCulture","az"
"az-Latn-AZ","AS","Region","Azerbaijani (Latin, Azerbaijan)"
"az-Latn-AZ","AS","Language","Azerbaijani (Latin)"
"az-Latn-AZ","AS","LCID","042C"
"az-Latn-AZ","AS","BaseCulture","az"
"bas","AS","Region","Basaa"
"bas","AS","Language","Basaa"
"bas","AS","LCID","0000"
"bas-CM","AS","Region","Basaa (Cameroon)"
"bas-CM","AS","Language","Basaa"
"bas-CM","AS","LCID","0000"
"bas-CM","AS","BaseCulture","bas"
"be","AS","Region","Belarusian"
"be","AS","Language","Belarusian"
"be","AS","LCID","0023"
"be-BY","AS","Region","Belarusian (Belarus)"
"be-BY","AS","Language","Belarusian"
"be-BY","AS","LCID","0423"
"be-BY","AS","BaseCulture","be"
"bem","AS","Region","Bemba"
"bem","AS","Language","Bemba"
"bem","AS","LCID","0000"
"bem-ZM","AS","Region","Bemba (Zambia)"
"bem-ZM","AS","Language","Bemba"
"bem-ZM","AS","LCID","0000"
"bem-ZM","AS","BaseCulture","bem"
"bez","AS","Region","Bena"
"bez","AS","Language","Bena"
"bez","AS","LCID","0000"
"bez-TZ","AS","Region","Bena (Tanzania)"
"bez-TZ","AS","Language","Bena"
"bez-TZ","AS","LCID","0000"
"bez-TZ","AS","BaseCulture","bez"
"bg","AS","Region","Bulgarian"
"bg","AS","Language","Bulgarian"
"bg","AS","LCID","0002"
"bg-BG","AS","Region","Bulgarian (Bulgaria)"
"bg-BG","AS","Language","Bulgarian"
"bg-BG","AS","LCID","0402"
"bg-BG","AS","BaseCulture","bg"
"bm","AS","Region","Bambara"
"bm","AS","Language","Bambara"
"bm","AS","LCID","0000"
"bm-ML","AS","Region","Bambara (Mali)"
"bm-ML","AS","Language","Bambara"
"bm-ML","AS","LCID","0000"
"bm-ML","AS","BaseCulture","bm"
"bn","AS","Region","Bengali"
"bn","AS","Language","Bengali"
"bn","AS","LCID","0045"
"bn-BD","AS","Region","Bengali (Bangladesh)"
"bn-BD","AS","Language","Bengali"
"bn-BD","AS","LCID","0845"
"bn-BD","AS","BaseCulture","bn"
"bn-IN","AS","Region","Bengali (India)"
"bn-IN","AS","Language","Bengali"
"bn-IN","AS","LCID","0445"
"bn-IN","AS","BaseCulture","bn"
"bo","AS","Region","Tibetan"
"bo","AS","Language","Tibetan"
"bo","AS","LCID","0051"
"bo-CN","AS","Region","Tibetan (China)"
"bo-CN","AS","Language","Tibetan"
"bo-CN","AS","LCID","0451"
"bo-CN","AS","BaseCulture","bo"
"bo-IN","AS","Region","Tibetan (India)"
"bo-IN","AS","Language","Tibetan"
"bo-IN","AS","LCID","0051"
"bo-IN","AS","BaseCulture","bo"
"br","AS","Region","Breton"
"br","AS","Language","Breton"
"br","AS","LCID","007E"
"br-FR","AS","Region","Breton (France)"
"br-FR","AS","Language","Breton"
"br-FR","AS","LCID","047E"
"br-FR","AS","BaseCulture","br"
"brx","AS","Region","Bodo"
"brx","AS","Language","Bodo"
"brx","AS","LCID","0000"
"brx-IN","AS","Region","Bodo (India)"
"brx-IN","AS","Language","Bodo"
"brx-IN","AS","LCID","0000"
"brx-IN","AS","BaseCulture","brx"
"bs","AS","Region","Bosnian"
"bs","AS","Language","Bosnian"
"bs","AS","LCID","781A"
"bs-Cyrl","AS","Region","Bosnian (Cyrillic)"
"bs-Cyrl","AS","Language","Bosnian (Cyrillic)"
"bs-Cyrl","AS","LCID","641A"
"bs-Cyrl","AS","BaseCulture","bs"
"bs-Cyrl-BA","AS","Region","Bosnian (Cyrillic, Bosnia & Herzegovina)"
"bs-Cyrl-BA","AS","Language","Bosnian (Cyrillic)"
"bs-Cyrl-BA","AS","LCID","201A"
"bs-Cyrl-BA","AS","BaseCulture","bs"
"bs-Latn","AS","Region","Bosnian (Latin)"
"bs-Latn","AS","Language","Bosnian (Latin)"
"bs-Latn","AS","LCID","681A"
"bs-Latn","AS","BaseCulture","bs"
"bs-Latn-BA","AS","Region","Bosnian (Latin, Bosnia & Herzegovina)"
"bs-Latn-BA","AS","Language","Bosnian (Latin)"
"bs-Latn-BA","AS","LCID","141A"
"bs-Latn-BA","AS","BaseCulture","bs"
"ca","AS","Region","Catalan"
"ca","AS","Language","Catalan"
"ca","AS","LCID","0003"
"ca-AD","AS","Region","Catalan (Andorra)"
"ca-AD","AS","Language","Catalan"
"ca-AD","AS","LCID","0003"
"ca-AD","AS","BaseCulture","ca"
"ca-ES","AS","Region","Catalan (Spain)"
"ca-ES","AS","Language","Catalan"
"ca-ES","AS","LCID","0403"
"ca-ES","AS","BaseCulture","ca"
"ca-FR","AS","Region","Catalan (France)"
"ca-FR","AS","Language","Catalan"
"ca-FR","AS","LCID","0003"
"ca-FR","AS","BaseCulture","ca"
"ca-IT","AS","Region","Catalan (Italy)"
"ca-IT","AS","Language","Catalan"
"ca-IT","AS","LCID","0003"
"ca-IT","AS","BaseCulture","ca"
"ccp","AS","Region","Chakma"
"ccp","AS","Language","Chakma"
"ccp","AS","LCID","0000"
"ccp-BD","AS","Region","Chakma (Bangladesh)"
"ccp-BD","AS","Language","Chakma"
"ccp-BD","AS","LCID","0000"
"ccp-BD","AS","BaseCulture","ccp"
"ccp-IN","AS","Region","Chakma (India)"
"ccp-IN","AS","Language","Chakma"
"ccp-IN","AS","LCID","0000"
"ccp-IN","AS","BaseCulture","ccp"
"ce","AS","Region","Chechen"
"ce","AS","Language","Chechen"
"ce","AS","LCID","0000"
"ce-RU","AS","Region","Chechen (Russia)"
"ce-RU","AS","Language","Chechen"
"ce-RU","AS","LCID","0000"
"ce-RU","AS","BaseCulture","ce"
"ceb","AS","Region","Cebuano"
"ceb","AS","Language","Cebuano"
"ceb","AS","LCID","0000"
"ceb-PH","AS","Region","Cebuano (Philippines)"
"ceb-PH","AS","Language","Cebuano"
"ceb-PH","AS","LCID","0000"
"ceb-PH","AS","BaseCulture","ceb"
"cgg","AS","Region","Chiga"
"cgg","AS","Language","Chiga"
"cgg","AS","LCID","0000"
"cgg-UG","AS","Region","Chiga (Uganda)"
"cgg-UG","AS","Language","Chiga"
"cgg-UG","AS","LCID","0000"
"cgg-UG","AS","BaseCulture","cgg"
"chr","AS","Region","Cherokee"
"chr","AS","Language","Cherokee"
"chr","AS","LCID","005C"
"chr-US","AS","Region","Cherokee (United States)"
"chr-US","AS","Language","Cherokee"
"chr-US","AS","LCID","045C"
"chr-US","AS","BaseCulture","chr"
"ckb","AS","Region","Central Kurdish"
"ckb","AS","Language","Central Kurdish"
"ckb","AS","LCID","0092"
"ckb-IQ","AS","Region","Central Kurdish (Iraq)"
"ckb-IQ","AS","Language","Central Kurdish"
"ckb-IQ","AS","LCID","0492"
"ckb-IQ","AS","BaseCulture","ckb"
"ckb-IR","AS","Region","Central Kurdish (Iran)"
"ckb-IR","AS","Language","Central Kurdish"
"ckb-IR","AS","LCID","0092"
"ckb-IR","AS","BaseCulture","ckb"
"cs","AS","Region","Czech"
"cs","AS","Language","Czech"
"cs","AS","LCID","0005"
"cs-CZ","AS","Region","Czech (Czechia)"
"cs-CZ","AS","Language","Czech"
"cs-CZ","AS","LCID","0405"
"cs-CZ","AS","BaseCulture","cs"
"cy","AS","Region","Welsh"
"cy","AS","Language","Welsh"
"cy","AS","LCID","0052"
"cy-GB","AS","Region","Welsh (United Kingdom)"
"cy-GB","AS","Language","Welsh"
"cy-GB","AS","LCID","0452"
"cy-GB","AS","BaseCulture","cy"
"da","AS","Region","Danish"
"da","AS","Language","Danish"
"da","AS","LCID","0006"
"da-DK","AS","Region","Danish (Denmark)"
"da-DK","AS","Language","Danish"
"da-DK","AS","LCID","0406"
"da-DK","AS","BaseCulture","da"
"da-GL","AS","Region","Danish (Greenland)"
"da-GL","AS","Language","Danish"
"da-GL","AS","LCID","0006"
"da-GL","AS","BaseCulture","da"
"dav","AS","Region","Taita"
"dav","AS","Language","Taita"
"dav","AS","LCID","0000"
"dav-KE","AS","Region","Taita (Kenya)"
"dav-KE","AS","Language","Taita"
"dav-KE","AS","LCID","0000"
"dav-KE","AS","BaseCulture","dav"
"de","AS","Region","German"
"de","AS","Language","German"
"de","AS","LCID","0007"
"de-AT","AS","Region","German (Austria)"
"de-AT","AS","Language","German"
"de-AT","AS","LCID","0C07"
"de-AT","AS","BaseCulture","de"
"de-BE","AS","Region","German (Belgium)"
"de-BE","AS","Language","German"
"de-BE","AS","LCID","0007"
"de-BE","AS","BaseCulture","de"
"de-CH","AS","Region","German (Switzerland)"
"de-CH","AS","Language","German"
"de-CH","AS","LCID","0807"
"de-CH","AS","BaseCulture","de"
"de-DE","AS","Region","German (Germany)"
"de-DE","AS","Language","German"
"de-DE","AS","LCID","0407"
"de-DE","AS","BaseCulture","de"
"de-IT","AS","Region","German (Italy)"
"de-IT","AS","Language","German"
"de-IT","AS","LCID","0007"
"de-IT","AS","BaseCulture","de"
"de-LI","AS","Region","German (Liechtenstein)"
"de-LI","AS","Language","German"
"de-LI","AS","LCID","1407"
"de-LI","AS","BaseCulture","de"
"de-LU","AS","Region","German (Luxembourg)"
"de-LU","AS","Language","German"
"de-LU","AS","LCID","1007"
"de-LU","AS","BaseCulture","de"
"dje","AS","Region","Zarma"
"dje","AS","Language","Zarma"
"dje","AS","LCID","0000"
"dje-NE","AS","Region","Zarma (Niger)"
"dje-NE","AS","Language","Zarma"
"dje-NE","AS","LCID","0000"
"dje-NE","AS","BaseCulture","dje"
"doi","AS","Region","Dogri"
"doi","AS","Language","Dogri"
"doi","AS","LCID","0000"
"doi-IN","AS","Region","Dogri (India)"
"doi-IN","AS","Language","Dogri"
"doi-IN","AS","LCID","0000"
"doi-IN","AS","BaseCulture","doi"
"dsb","AS","Region","Lower Sorbian"
"dsb","AS","Language","Lower Sorbian"
"dsb","AS","LCID","7C2E"
"dsb-DE","AS","Region","Lower Sorbian (Germany)"
"dsb-DE","AS","Language","Lower Sorbian"
"dsb-DE","AS","LCID","082E"
"dsb-DE","AS","BaseCulture","dsb"
"dua","AS","Region","Duala"
"dua","AS","Language","Duala"
"dua","AS","LCID","0000"
"dua-CM","AS","Region","Duala (Cameroon)"
"dua-CM","AS","Language","Duala"
"dua-CM","AS","LCID","0000"
"dua-CM","AS","BaseCulture","dua"
"dyo","AS","Region","Jola-Fonyi"
"dyo","AS","Language","Jola-Fonyi"
"dyo","AS","LCID","0000"
"dyo-SN","AS","Region","Jola-Fonyi (Senegal)"
"dyo-SN","AS","Language","Jola-Fonyi"
"dyo-SN","AS","LCID","0000"
"dyo-SN","AS","BaseCulture","dyo"
"dz","AS","Region","Dzongkha"
"dz","AS","Language","Dzongkha"
"dz","AS","LCID","0000"
"dz-BT","AS","Region","Dzongkha (Bhutan)"
"dz-BT","AS","Language","Dzongkha"
"dz-BT","AS","LCID","0C51"
"dz-BT","AS","BaseCulture","dz"
"ebu","AS","Region","Embu"
"ebu","AS","Language","Embu"
"ebu","AS","LCID","0000"
"ebu-KE","AS","Region","Embu (Kenya)"
"ebu-KE","AS","Language","Embu"
"ebu-KE","AS","LCID","0000"
"ebu-KE","AS","BaseCulture","ebu"
"ee","AS","Region","Ewe"
"ee","AS","Language","Ewe"
"ee","AS","LCID","0000"
"ee-GH","AS","Region","Ewe (Ghana)"
"ee-GH","AS","Language","Ewe"
"ee-GH","AS","LCID","0000"
"ee-GH","AS","BaseCulture","ee"
"ee-TG","AS","Region","Ewe (Togo)"
"ee-TG","AS","Language","Ewe"
"ee-TG","AS","LCID","0000"
"ee-TG","AS","BaseCulture","ee"
"el","AS","Region","Greek"
"el","AS","Language","Greek"
"el","AS","LCID","0008"
"el-CY","AS","Region","Greek (Cyprus)"
"el-CY","AS","Language","Greek"
"el-CY","AS","LCID","0008"
"el-CY","AS","BaseCulture","el"
"el-GR","AS","Region","Greek (Greece)"
"el-GR","AS","Language","Greek"
"el-GR","AS","LCID","0408"
"el-GR","AS","BaseCulture","el"
"en","AS","Region","English"
"en","AS","Language","English"
"en","AS","LCID","0009"
"en-001","AS","Region","English (World)"
"en-001","AS","Language","English"
"en-001","AS","LCID","0009"
"en-001","AS","BaseCulture","en"
"en-150","AS","Region","English (Europe)"
"en-150","AS","Language","English"
"en-150","AS","LCID","0009"
"en-150","AS","BaseCulture","en"
"en-AE","AS","Region","English (United Arab Emirates)"
"en-AE","AS","Language","English"
"en-AE","AS","LCID","4C09"
"en-AE","AS","BaseCulture","en"
"en-AG","AS","Region","English (Antigua & Barbuda)"
"en-AG","AS","Language","English"
"en-AG","AS","LCID","0009"
"en-AG","AS","BaseCulture","en"
"en-AI","AS","Region","English (Anguilla)"
"en-AI","AS","Language","English"
"en-AI","AS","LCID","0009"
"en-AI","AS","BaseCulture","en"
"en-AS","AS","Region","English (American Samoa)"
"en-AS","AS","Language","English"
"en-AS","AS","LCID","0409"
"en-AS","AS","BaseCulture","en"
"en-AT","AS","Region","English (Austria)"
"en-AT","AS","Language","English"
"en-AT","AS","LCID","0009"
"en-AT","AS","BaseCulture","en"
"en-AU","AS","Region","English (Australia)"
"en-AU","AS","Language","English"
"en-AU","AS","LCID","0C09"
"en-AU","AS","BaseCulture","en"
"en-BB","AS","Region","English (Barbados)"
"en-BB","AS","Language","English"
"en-BB","AS","LCID","0009"
"en-BB","AS","BaseCulture","en"
"en-BE","AS","Region","English (Belgium)"
"en-BE","AS","Language","English"
"en-BE","AS","LCID","0009"
"en-BE","AS","BaseCulture","en"
"en-BI","AS","Region","English (Burundi)"
"en-BI","AS","Language","English"
"en-BI","AS","LCID","0009"
"en-BI","AS","BaseCulture","en"
"en-BM","AS","Region","English (Bermuda)"
"en-BM","AS","Language","English"
"en-BM","AS","LCID","0009"
"en-BM","AS","BaseCulture","en"
"en-BS","AS","Region","English (Bahamas)"
"en-BS","AS","Language","English"
"en-BS","AS","LCID","0009"
"en-BS","AS","BaseCulture","en"
"en-BW","AS","Region","English (Botswana)"
"en-BW","AS","Language","English"
"en-BW","AS","LCID","0009"
"en-BW","AS","BaseCulture","en"
"en-BZ","AS","Region","English (Belize)"
"en-BZ","AS","Language","English"
"en-BZ","AS","LCID","2809"
"en-BZ","AS","BaseCulture","en"
"en-CA","AS","Region","English (Canada)"
"en-CA","AS","Language","English"
"en-CA","AS","LCID","1009"
"en-CA","AS","BaseCulture","en"
"en-CC","AS","Region","English (Cocos [Keeling] Islands)"
"en-CC","AS","Language","English"
"en-CC","AS","LCID","0009"
"en-CC","AS","BaseCulture","en"
"en-CH","AS","Region","English (Switzerland)"
"en-CH","AS","Language","English"
"en-CH","AS","LCID","0009"
"en-CH","AS","BaseCulture","en"
"en-CK","AS","Region","English (Cook Islands)"
"en-CK","AS","Language","English"
"en-CK","AS","LCID","0009"
"en-CK","AS","BaseCulture","en"
"en-CM","AS","Region","English (Cameroon)"
"en-CM","AS","Language","English"
"en-CM","AS","LCID","0009"
"en-CM","AS","BaseCulture","en"
"en-CX","AS","Region","English (Christmas Island)"
"en-CX","AS","Language","English"
"en-CX","AS","LCID","0009"
"en-CX","AS","BaseCulture","en"
"en-CY","AS","Region","English (Cyprus)"
"en-CY","AS","Language","English"
"en-CY","AS","LCID","0009"
"en-CY","AS","BaseCulture","en"
"en-DE","AS","Region","English (Germany)"
"en-DE","AS","Language","English"
"en-DE","AS","LCID","0009"
"en-DE","AS","BaseCulture","en"
"en-DG","AS","Region","English (Diego Garcia)"
"en-DG","AS","Language","English"
"en-DG","AS","LCID","0009"
"en-DG","AS","BaseCulture","en"
"en-DK","AS","Region","English (Denmark)"
"en-DK","AS","Language","English"
"en-DK","AS","LCID","0009"
"en-DK","AS","BaseCulture","en"
"en-DM","AS","Region","English (Dominica)"
"en-DM","AS","Language","English"
"en-DM","AS","LCID","0009"
"en-DM","AS","BaseCulture","en"
"en-ER","AS","Region","English (Eritrea)"
"en-ER","AS","Language","English"
"en-ER","AS","LCID","0009"
"en-ER","AS","BaseCulture","en"
"en-FI","AS","Region","English (Finland)"
"en-FI","AS","Language","English"
"en-FI","AS","LCID","0009"
"en-FI","AS","BaseCulture","en"
"en-FJ","AS","Region","English (Fiji)"
"en-FJ","AS","Language","English"
"en-FJ","AS","LCID","0009"
"en-FJ","AS","BaseCulture","en"
"en-FK","AS","Region","English (Falkland Islands)"
"en-FK","AS","Language","English"
"en-FK","AS","LCID","0009"
"en-FK","AS","BaseCulture","en"
"en-FM","AS","Region","English (Micronesia)"
"en-FM","AS","Language","English"
"en-FM","AS","LCID","0009"
"en-FM","AS","BaseCulture","en"
"en-GB","AS","Region","English (United Kingdom)"
"en-GB","AS","Language","English"
"en-GB","AS","LCID","0809"
"en-GB","AS","BaseCulture","en"
"en-GD","AS","Region","English (Grenada)"
"en-GD","AS","Language","English"
"en-GD","AS","LCID","0009"
"en-GD","AS","BaseCulture","en"
"en-GG","AS","Region","English (Guernsey)"
"en-GG","AS","Language","English"
"en-GG","AS","LCID","0009"
"en-GG","AS","BaseCulture","en"
"en-GH","AS","Region","English (Ghana)"
"en-GH","AS","Language","English"
"en-GH","AS","LCID","0009"
"en-GH","AS","BaseCulture","en"
"en-GI","AS","Region","English (Gibraltar)"
"en-GI","AS","Language","English"
"en-GI","AS","LCID","0009"
"en-GI","AS","BaseCulture","en"
"en-GM","AS","Region","English (Gambia)"
"en-GM","AS","Language","English"
"en-GM","AS","LCID","0009"
"en-GM","AS","BaseCulture","en"
"en-GU","AS","Region","English (Guam)"
"en-GU","AS","Language","English"
"en-GU","AS","LCID","0409"
"en-GU","AS","BaseCulture","en"
"en-GY","AS","Region","English (Guyana)"
"en-GY","AS","Language","English"
"en-GY","AS","LCID","0009"
"en-GY","AS","BaseCulture","en"
"en-HK","AS","Region","English (Hong Kong SAR China)"
"en-HK","AS","Language","English"
"en-HK","AS","LCID","3C09"
"en-HK","AS","BaseCulture","en"
"en-IE","AS","Region","English (Ireland)"
"en-IE","AS","Language","English"
"en-IE","AS","LCID","1809"
"en-IE","AS","BaseCulture","en"
"en-IL","AS","Region","English (Israel)"
"en-IL","AS","Language","English"
"en-IL","AS","LCID","0009"
"en-IL","AS","BaseCulture","en"
"en-IM","AS","Region","English (Isle of Man)"
"en-IM","AS","Language","English"
"en-IM","AS","LCID","0009"
"en-IM","AS","BaseCulture","en"
"en-IN","AS","Region","English (India)"
"en-IN","AS","Language","English"
"en-IN","AS","LCID","4009"
"en-IN","AS","BaseCulture","en"
"en-IO","AS","Region","English (British Indian Ocean Territory)"
"en-IO","AS","Language","English"
"en-IO","AS","LCID","0009"
"en-IO","AS","BaseCulture","en"
"en-JE","AS","Region","English (Jersey)"
"en-JE","AS","Language","English"
"en-JE","AS","LCID","0009"
"en-JE","AS","BaseCulture","en"
"en-JM","AS","Region","English (Jamaica)"
"en-JM","AS","Language","English"
"en-JM","AS","LCID","2009"
"en-JM","AS","BaseCulture","en"
"en-KE","AS","Region","English (Kenya)"
"en-KE","AS","Language","English"
"en-KE","AS","LCID","0009"
"en-KE","AS","BaseCulture","en"
"en-KI","AS","Region","English (Kiribati)"
"en-KI","AS","Language","English"
"en-KI","AS","LCID","0009"
"en-KI","AS","BaseCulture","en"
"en-KN","AS","Region","English (St. Kitts & Nevis)"
"en-KN","AS","Language","English"
"en-KN","AS","LCID","0009"
"en-KN","AS","BaseCulture","en"
"en-KY","AS","Region","English (Cayman Islands)"
"en-KY","AS","Language","English"
"en-KY","AS","LCID","0009"
"en-KY","AS","BaseCulture","en"
"en-LC","AS","Region","English (St. Lucia)"
"en-LC","AS","Language","English"
"en-LC","AS","LCID","0009"
"en-LC","AS","BaseCulture","en"
"en-LR","AS","Region","English (Liberia)"
"en-LR","AS","Language","English"
"en-LR","AS","LCID","0009"
"en-LR","AS","BaseCulture","en"
"en-LS","AS","Region","English (Lesotho)"
"en-LS","AS","Language","English"
"en-LS","AS","LCID","0009"
"en-LS","AS","BaseCulture","en"
"en-MG","AS","Region","English (Madagascar)"
"en-MG","AS","Language","English"
"en-MG","AS","LCID","0009"
"en-MG","AS","BaseCulture","en"
"en-MH","AS","Region","English (Marshall Islands)"
"en-MH","AS","Language","English"
"en-MH","AS","LCID","0409"
"en-MH","AS","BaseCulture","en"
"en-MO","AS","Region","English (Macao SAR China)"
"en-MO","AS","Language","English"
"en-MO","AS","LCID","0009"
"en-MO","AS","BaseCulture","en"
"en-MP","AS","Region","English (Northern Mariana Islands)"
"en-MP","AS","Language","English"
"en-MP","AS","LCID","0409"
"en-MP","AS","BaseCulture","en"
"en-MS","AS","Region","English (Montserrat)"
"en-MS","AS","Language","English"
"en-MS","AS","LCID","0009"
"en-MS","AS","BaseCulture","en"
"en-MT","AS","Region","English (Malta)"
"en-MT","AS","Language","English"
"en-MT","AS","LCID","0009"
"en-MT","AS","BaseCulture","en"
"en-MU","AS","Region","English (Mauritius)"
"en-MU","AS","Language","English"
"en-MU","AS","LCID","0009"
"en-MU","AS","BaseCulture","en"
"en-MW","AS","Region","English (Malawi)"
"en-MW","AS","Language","English"
"en-MW","AS","LCID","0009"
"en-MW","AS","BaseCulture","en"
"en-MY","AS","Region","English (Malaysia)"
"en-MY","AS","Language","English"
"en-MY","AS","LCID","4409"
"en-MY","AS","BaseCulture","en"
"en-NA","AS","Region","English (Namibia)"
"en-NA","AS","Language","English"
"en-NA","AS","LCID","0009"
"en-NA","AS","BaseCulture","en"
"en-NF","AS","Region","English (Norfolk Island)"
"en-NF","AS","Language","English"
"en-NF","AS","LCID","0009"
"en-NF","AS","BaseCulture","en"
"en-NG","AS","Region","English (Nigeria)"
"en-NG","AS","Language","English"
"en-NG","AS","LCID","0009"
"en-NG","AS","BaseCulture","en"
"en-NL","AS","Region","English (Netherlands)"
"en-NL","AS","Language","English"
"en-NL","AS","LCID","0009"
"en-NL","AS","BaseCulture","en"
"en-NR","AS","Region","English (Nauru)"
"en-NR","AS","Language","English"
"en-NR","AS","LCID","0009"
"en-NR","AS","BaseCulture","en"
"en-NU","AS","Region","English (Niue)"
"en-NU","AS","Language","English"
"en-NU","AS","LCID","0009"
"en-NU","AS","BaseCulture","en"
"en-NZ","AS","Region","English (New Zealand)"
"en-NZ","AS","Language","English"
"en-NZ","AS","LCID","1409"
"en-NZ","AS","BaseCulture","en"
"en-PG","AS","Region","English (Papua New Guinea)"
"en-PG","AS","Language","English"
"en-PG","AS","LCID","0009"
"en-PG","AS","BaseCulture","en"
"en-PH","AS","Region","English (Philippines)"
"en-PH","AS","Language","English"
"en-PH","AS","LCID","3409"
"en-PH","AS","BaseCulture","en"
"en-PK","AS","Region","English (Pakistan)"
"en-PK","AS","Language","English"
"en-PK","AS","LCID","0009"
"en-PK","AS","BaseCulture","en"
"en-PN","AS","Region","English (Pitcairn Islands)"
"en-PN","AS","Language","English"
"en-PN","AS","LCID","0009"
"en-PN","AS","BaseCulture","en"
"en-PR","AS","Region","English (Puerto Rico)"
"en-PR","AS","Language","English"
"en-PR","AS","LCID","0009"
"en-PR","AS","BaseCulture","en"
"en-PW","AS","Region","English (Palau)"
"en-PW","AS","Language","English"
"en-PW","AS","LCID","0009"
"en-PW","AS","BaseCulture","en"
"en-RW","AS","Region","English (Rwanda)"
"en-RW","AS","Language","English"
"en-RW","AS","LCID","0009"
"en-RW","AS","BaseCulture","en"
"en-SB","AS","Region","English (Solomon Islands)"
"en-SB","AS","Language","English"
"en-SB","AS","LCID","0009"
"en-SB","AS","BaseCulture","en"
"en-SC","AS","Region","English (Seychelles)"
"en-SC","AS","Language","English"
"en-SC","AS","LCID","0009"
"en-SC","AS","BaseCulture","en"
"en-SD","AS","Region","English (Sudan)"
"en-SD","AS","Language","English"
"en-SD","AS","LCID","0009"
"en-SD","AS","BaseCulture","en"
"en-SE","AS","Region","English (Sweden)"
"en-SE","AS","Language","English"
"en-SE","AS","LCID","0009"
"en-SE","AS","BaseCulture","en"
"en-SG","AS","Region","English (Singapore)"
"en-SG","AS","Language","English"
"en-SG","AS","LCID","4809"
"en-SG","AS","BaseCulture","en"
"en-SH","AS","Region","English (St. Helena)"
"en-SH","AS","Language","English"
"en-SH","AS","LCID","0009"
"en-SH","AS","BaseCulture","en"
"en-SI","AS","Region","English (Slovenia)"
"en-SI","AS","Language","English"
"en-SI","AS","LCID","0009"
"en-SI","AS","BaseCulture","en"
"en-SL","AS","Region","English (Sierra Leone)"
"en-SL","AS","Language","English"
"en-SL","AS","LCID","0009"
"en-SL","AS","BaseCulture","en"
"en-SS","AS","Region","English (South Sudan)"
"en-SS","AS","Language","English"
"en-SS","AS","LCID","0009"
"en-SS","AS","BaseCulture","en"
"en-SX","AS","Region","English (Sint Maarten)"
"en-SX","AS","Language","English"
"en-SX","AS","LCID","0009"
"en-SX","AS","BaseCulture","en"
"en-SZ","AS","Region","English (Eswatini)"
"en-SZ","AS","Language","English"
"en-SZ","AS","LCID","0009"
"en-SZ","AS","BaseCulture","en"
"en-TC","AS","Region","English (Turks & Caicos Islands)"
"en-TC","AS","Language","English"
"en-TC","AS","LCID","0009"
"en-TC","AS","BaseCulture","en"
"en-TK","AS","Region","English (Tokelau)"
"en-TK","AS","Language","English"
"en-TK","AS","LCID","0009"
"en-TK","AS","BaseCulture","en"
"en-TO","AS","Region","English (Tonga)"
"en-TO","AS","Language","English"
"en-TO","AS","LCID","0009"
"en-TO","AS","BaseCulture","en"
"en-TT","AS","Region","English (Trinidad & Tobago)"
"en-TT","AS","Language","English"
"en-TT","AS","LCID","2C09"
"en-TT","AS","BaseCulture","en"
"en-TV","AS","Region","English (Tuvalu)"
"en-TV","AS","Language","English"
"en-TV","AS","LCID","0009"
"en-TV","AS","BaseCulture","en"
"en-TZ","AS","Region","English (Tanzania)"
"en-TZ","AS","Language","English"
"en-TZ","AS","LCID","0009"
"en-TZ","AS","BaseCulture","en"
"en-UG","AS","Region","English (Uganda)"
"en-UG","AS","Language","English"
"en-UG","AS","LCID","0009"
"en-UG","AS","BaseCulture","en"
"en-UM","AS","Region","English (US Outlying Islands)"
"en-UM","AS","Language","English"
"en-UM","AS","LCID","0409"
"en-UM","AS","BaseCulture","en"
"en-US","AS","Region","English (United States)"
"en-US","AS","Language","English"
"en-US","AS","LCID","0409"
"en-US","AS","BaseCulture","en"
"en-US-u-va-posix","AS","Region","English (United States, Computer)"
"en-US-u-va-posix","AS","Language","English"
"en-US-u-va-posix","AS","LCID","007F"
"en-US-u-va-posix","AS","BaseCulture","en"
"en-VC","AS","Region","English (St. Vincent & Grenadines)"
"en-VC","AS","Language","English"
"en-VC","AS","LCID","0009"
"en-VC","AS","BaseCulture","en"
"en-VG","AS","Region","English (British Virgin Islands)"
"en-VG","AS","Language","English"
"en-VG","AS","LCID","0009"
"en-VG","AS","BaseCulture","en"
"en-VI","AS","Region","English (US Virgin Islands)"
"en-VI","AS","Language","English"
"en-VI","AS","LCID","2409"
"en-VI","AS","BaseCulture","en"
"en-VU","AS","Region","English (Vanuatu)"
"en-VU","AS","Language","English"
"en-VU","AS","LCID","0009"
"en-VU","AS","BaseCulture","en"
"en-WS","AS","Region","English (Samoa)"
"en-WS","AS","Language","English"
"en-WS","AS","LCID","0009"
"en-WS","AS","BaseCulture","en"
"en-ZA","AS","Region","English (South Africa)"
"en-ZA","AS","Language","English"
"en-ZA","AS","LCID","1C09"
"en-ZA","AS","BaseCulture","en"
"en-ZM","AS","Region","English (Zambia)"
"en-ZM","AS","Language","English"
"en-ZM","AS","LCID","0009"
"en-ZM","AS","BaseCulture","en"
"en-ZW","AS","Region","English (Zimbabwe)"
"en-ZW","AS","Language","English"
"en-ZW","AS","LCID","3009"
"en-ZW","AS","BaseCulture","en"
"eo","AS","Region","Esperanto"
"eo","AS","Language","Esperanto"
"eo","AS","LCID","0000"
"eo-001","AS","Region","Esperanto (World)"
"eo-001","AS","Language","Esperanto"
"eo-001","AS","LCID","0000"
"eo-001","AS","BaseCulture","eo"
"es","AS","Region","Spanish"
"es","AS","Language","Spanish"
"es","AS","LCID","000A"
"es-419","AS","Region","Spanish (Latin America)"
"es-419","AS","Language","Spanish"
"es-419","AS","LCID","580A"
"es-419","AS","BaseCulture","es"
"es-AR","AS","Region","Spanish (Argentina)"
"es-AR","AS","Language","Spanish"
"es-AR","AS","LCID","2C0A"
"es-AR","AS","BaseCulture","es"
"es-BO","AS","Region","Spanish (Bolivia)"
"es-BO","AS","Language","Spanish"
"es-BO","AS","LCID","400A"
"es-BO","AS","BaseCulture","es"
"es-BR","AS","Region","Spanish (Brazil)"
"es-BR","AS","Language","Spanish"
"es-BR","AS","LCID","000A"
"es-BR","AS","BaseCulture","es"
"es-BZ","AS","Region","Spanish (Belize)"
"es-BZ","AS","Language","Spanish"
"es-BZ","AS","LCID","000A"
"es-BZ","AS","BaseCulture","es"
"es-CL","AS","Region","Spanish (Chile)"
"es-CL","AS","Language","Spanish"
"es-CL","AS","LCID","340A"
"es-CL","AS","BaseCulture","es"
"es-CO","AS","Region","Spanish (Colombia)"
"es-CO","AS","Language","Spanish"
"es-CO","AS","LCID","240A"
"es-CO","AS","BaseCulture","es"
"es-CR","AS","Region","Spanish (Costa Rica)"
"es-CR","AS","Language","Spanish"
"es-CR","AS","LCID","140A"
"es-CR","AS","BaseCulture","es"
"es-CU","AS","Region","Spanish (Cuba)"
"es-CU","AS","Language","Spanish"
"es-CU","AS","LCID","5C0A"
"es-CU","AS","BaseCulture","es"
"es-DO","AS","Region","Spanish (Dominican Republic)"
"es-DO","AS","Language","Spanish"
"es-DO","AS","LCID","1C0A"
"es-DO","AS","BaseCulture","es"
"es-EA","AS","Region","Spanish (Ceuta & Melilla)"
"es-EA","AS","Language","Spanish"
"es-EA","AS","LCID","000A"
"es-EA","AS","BaseCulture","es"
"es-EC","AS","Region","Spanish (Ecuador)"
"es-EC","AS","Language","Spanish"
"es-EC","AS","LCID","300A"
"es-EC","AS","BaseCulture","es"
"es-ES","AS","Region","Spanish (Spain)"
"es-ES","AS","Language","Spanish"
"es-ES","AS","LCID","0C0A"
"es-ES","AS","BaseCulture","es"
"es-GQ","AS","Region","Spanish (Equatorial Guinea)"
"es-GQ","AS","Language","Spanish"
"es-GQ","AS","LCID","000A"
"es-GQ","AS","BaseCulture","es"
"es-GT","AS","Region","Spanish (Guatemala)"
"es-GT","AS","Language","Spanish"
"es-GT","AS","LCID","100A"
"es-GT","AS","BaseCulture","es"
"es-HN","AS","Region","Spanish (Honduras)"
"es-HN","AS","Language","Spanish"
"es-HN","AS","LCID","480A"
"es-HN","AS","BaseCulture","es"
"es-IC","AS","Region","Spanish (Canary Islands)"
"es-IC","AS","Language","Spanish"
"es-IC","AS","LCID","000A"
"es-IC","AS","BaseCulture","es"
"es-MX","AS","Region","Spanish (Mexico)"
"es-MX","AS","Language","Spanish"
"es-MX","AS","LCID","080A"
"es-MX","AS","BaseCulture","es"
"es-NI","AS","Region","Spanish (Nicaragua)"
"es-NI","AS","Language","Spanish"
"es-NI","AS","LCID","4C0A"
"es-NI","AS","BaseCulture","es"
"es-PA","AS","Region","Spanish (Panama)"
"es-PA","AS","Language","Spanish"
"es-PA","AS","LCID","180A"
"es-PA","AS","BaseCulture","es"
"es-PE","AS","Region","Spanish (Peru)"
"es-PE","AS","Language","Spanish"
"es-PE","AS","LCID","280A"
"es-PE","AS","BaseCulture","es"
"es-PH","AS","Region","Spanish (Philippines)"
"es-PH","AS","Language","Spanish"
"es-PH","AS","LCID","000A"
"es-PH","AS","BaseCulture","es"
"es-PR","AS","Region","Spanish (Puerto Rico)"
"es-PR","AS","Language","Spanish"
"es-PR","AS","LCID","500A"
"es-PR","AS","BaseCulture","es"
"es-PY","AS","Region","Spanish (Paraguay)"
"es-PY","AS","Language","Spanish"
"es-PY","AS","LCID","3C0A"
"es-PY","AS","BaseCulture","es"
"es-SV","AS","Region","Spanish (El Salvador)"
"es-SV","AS","Language","Spanish"
"es-SV","AS","LCID","440A"
"es-SV","AS","BaseCulture","es"
"es-US","AS","Region","Spanish (United States)"
"es-US","AS","Language","Spanish"
"es-US","AS","LCID","540A"
"es-US","AS","BaseCulture","es"
"es-UY","AS","Region","Spanish (Uruguay)"
"es-UY","AS","Language","Spanish"
"es-UY","AS","LCID","380A"
"es-UY","AS","BaseCulture","es"
"es-VE","AS","Region","Spanish (Venezuela)"
"es-VE","AS","Language","Spanish"
"es-VE","AS","LCID","200A"
"es-VE","AS","BaseCulture","es"
"et","AS","Region","Estonian"
"et","AS","Language","Estonian"
"et","AS","LCID","0025"
"et-EE","AS","Region","Estonian (Estonia)"
"et-EE","AS","Language","Estonian"
"et-EE","AS","LCID","0425"
"et-EE","AS","BaseCulture","et"
"eu","AS","Region","Basque"
"eu","AS","Language","Basque"
"eu","AS","LCID","002D"
"eu-ES","AS","Region","Basque (Spain)"
"eu-ES","AS","Language","Basque"
"eu-ES","AS","LCID","042D"
"eu-ES","AS","BaseCulture","eu"
"ewo","AS","Region","Ewondo"
"ewo","AS","Language","Ewondo"
"ewo","AS","LCID","0000"
"ewo-CM","AS","Region","Ewondo (Cameroon)"
"ewo-CM","AS","Language","Ewondo"
"ewo-CM","AS","LCID","0000"
"ewo-CM","AS","BaseCulture","ewo"
"fa","AS","Region","Persian"
"fa","AS","Language","Persian"
"fa","AS","LCID","0029"
"fa-AF","AS","Region","Persian (Afghanistan)"
"fa-AF","AS","Language","Persian"
"fa-AF","AS","LCID","048C"
"fa-AF","AS","BaseCulture","fa"
"fa-IR","AS","Region","Persian (Iran)"
"fa-IR","AS","Language","Persian"
"fa-IR","AS","LCID","0429"
"fa-IR","AS","BaseCulture","fa"
"ff","AS","Region","Fulah"
"ff","AS","Language","Fulah"
"ff","AS","LCID","0067"
"ff-Adlm","AS","Region","Fulah (Adlam)"
"ff-Adlm","AS","Language","Fulah (Adlam)"
"ff-Adlm","AS","LCID","0067"
"ff-Adlm","AS","BaseCulture","ff"
"ff-Adlm-BF","AS","Region","Fulah (Adlam, Burkina Faso)"
"ff-Adlm-BF","AS","Language","Fulah (Adlam)"
"ff-Adlm-BF","AS","LCID","0067"
"ff-Adlm-BF","AS","BaseCulture","ff"
"ff-Adlm-CM","AS","Region","Fulah (Adlam, Cameroon)"
"ff-Adlm-CM","AS","Language","Fulah (Adlam)"
"ff-Adlm-CM","AS","LCID","0067"
"ff-Adlm-CM","AS","BaseCulture","ff"
"ff-Adlm-GH","AS","Region","Fulah (Adlam, Ghana)"
"ff-Adlm-GH","AS","Language","Fulah (Adlam)"
"ff-Adlm-GH","AS","LCID","0067"
"ff-Adlm-GH","AS","BaseCulture","ff"
"ff-Adlm-GM","AS","Region","Fulah (Adlam, Gambia)"
"ff-Adlm-GM","AS","Language","Fulah (Adlam)"
"ff-Adlm-GM","AS","LCID","0067"
"ff-Adlm-GM","AS","BaseCulture","ff"
"ff-Adlm-GN","AS","Region","Fulah (Adlam, Guinea)"
"ff-Adlm-GN","AS","Language","Fulah (Adlam)"
"ff-Adlm-GN","AS","LCID","0067"
"ff-Adlm-GN","AS","BaseCulture","ff"
"ff-Adlm-GW","AS","Region","Fulah (Adlam, Guinea-Bissau)"
"ff-Adlm-GW","AS","Language","Fulah (Adlam)"
"ff-Adlm-GW","AS","LCID","0067"
"ff-Adlm-GW","AS","BaseCulture","ff"
"ff-Adlm-LR","AS","Region","Fulah (Adlam, Liberia)"
"ff-Adlm-LR","AS","Language","Fulah (Adlam)"
"ff-Adlm-LR","AS","LCID","0067"
"ff-Adlm-LR","AS","BaseCulture","ff"
"ff-Adlm-MR","AS","Region","Fulah (Adlam, Mauritania)"
"ff-Adlm-MR","AS","Language","Fulah (Adlam)"
"ff-Adlm-MR","AS","LCID","0067"
"ff-Adlm-MR","AS","BaseCulture","ff"
"ff-Adlm-NE","AS","Region","Fulah (Adlam, Niger)"
"ff-Adlm-NE","AS","Language","Fulah (Adlam)"
"ff-Adlm-NE","AS","LCID","0067"
"ff-Adlm-NE","AS","BaseCulture","ff"
"ff-Adlm-NG","AS","Region","Fulah (Adlam, Nigeria)"
"ff-Adlm-NG","AS","Language","Fulah (Adlam)"
"ff-Adlm-NG","AS","LCID","0067"
"ff-Adlm-NG","AS","BaseCulture","ff"
"ff-Adlm-SL","AS","Region","Fulah (Adlam, Sierra Leone)"
"ff-Adlm-SL","AS","Language","Fulah (Adlam)"
"ff-Adlm-SL","AS","LCID","0067"
"ff-Adlm-SL","AS","BaseCulture","ff"
"ff-Adlm-SN","AS","Region","Fulah (Adlam, Senegal)"
"ff-Adlm-SN","AS","Language","Fulah (Adlam)"
"ff-Adlm-SN","AS","LCID","0067"
"ff-Adlm-SN","AS","BaseCulture","ff"
"ff-Latn","AS","Region","Fulah (Latin)"
"ff-Latn","AS","Language","Fulah (Latin)"
"ff-Latn","AS","LCID","7C67"
"ff-Latn","AS","BaseCulture","ff"
"ff-Latn-BF","AS","Region","Fulah (Latin, Burkina Faso)"
"ff-Latn-BF","AS","Language","Fulah (Latin)"
"ff-Latn-BF","AS","LCID","7C67"
"ff-Latn-BF","AS","BaseCulture","ff"
"ff-Latn-CM","AS","Region","Fulah (Latin, Cameroon)"
"ff-Latn-CM","AS","Language","Fulah (Latin)"
"ff-Latn-CM","AS","LCID","7C67"
"ff-Latn-CM","AS","BaseCulture","ff"
"ff-Latn-GH","AS","Region","Fulah (Latin, Ghana)"
"ff-Latn-GH","AS","Language","Fulah (Latin)"
"ff-Latn-GH","AS","LCID","7C67"
"ff-Latn-GH","AS","BaseCulture","ff"
"ff-Latn-GM","AS","Region","Fulah (Latin, Gambia)"
"ff-Latn-GM","AS","Language","Fulah (Latin)"
"ff-Latn-GM","AS","LCID","7C67"
"ff-Latn-GM","AS","BaseCulture","ff"
"ff-Latn-GN","AS","Region","Fulah (Latin, Guinea)"
"ff-Latn-GN","AS","Language","Fulah (Latin)"
"ff-Latn-GN","AS","LCID","7C67"
"ff-Latn-GN","AS","BaseCulture","ff"
"ff-Latn-GW","AS","Region","Fulah (Latin, Guinea-Bissau)"
"ff-Latn-GW","AS","Language","Fulah (Latin)"
"ff-Latn-GW","AS","LCID","7C67"
"ff-Latn-GW","AS","BaseCulture","ff"
"ff-Latn-LR","AS","Region","Fulah (Latin, Liberia)"
"ff-Latn-LR","AS","Language","Fulah (Latin)"
"ff-Latn-LR","AS","LCID","7C67"
"ff-Latn-LR","AS","BaseCulture","ff"
"ff-Latn-MR","AS","Region","Fulah (Latin, Mauritania)"
"ff-Latn-MR","AS","Language","Fulah (Latin)"
"ff-Latn-MR","AS","LCID","7C67"
"ff-Latn-MR","AS","BaseCulture","ff"
"ff-Latn-NE","AS","Region","Fulah (Latin, Niger)"
"ff-Latn-NE","AS","Language","Fulah (Latin)"
"ff-Latn-NE","AS","LCID","7C67"
"ff-Latn-NE","AS","BaseCulture","ff"
"ff-Latn-NG","AS","Region","Fulah (Latin, Nigeria)"
"ff-Latn-NG","AS","Language","Fulah (Latin)"
"ff-Latn-NG","AS","LCID","0467"
"ff-Latn-NG","AS","BaseCulture","ff"
"ff-Latn-SL","AS","Region","Fulah (Latin, Sierra Leone)"
"ff-Latn-SL","AS","Language","Fulah (Latin)"
"ff-Latn-SL","AS","LCID","7C67"
"ff-Latn-SL","AS","BaseCulture","ff"
"ff-Latn-SN","AS","Region","Fulah (Latin, Senegal)"
"ff-Latn-SN","AS","Language","Fulah (Latin)"
"ff-Latn-SN","AS","LCID","0867"
"ff-Latn-SN","AS","BaseCulture","ff"
"fi","AS","Region","Finnish"
"fi","AS","Language","Finnish"
"fi","AS","LCID","000B"
"fi-FI","AS","Region","Finnish (Finland)"
"fi-FI","AS","Language","Finnish"
"fi-FI","AS","LCID","040B"
"fi-FI","AS","BaseCulture","fi"
"fil","AS","Region","Filipino"
"fil","AS","Language","Filipino"
"fil","AS","LCID","0064"
"fil-PH","AS","Region","Filipino (Philippines)"
"fil-PH","AS","Language","Filipino"
"fil-PH","AS","LCID","0464"
"fil-PH","AS","BaseCulture","fil"
"fo","AS","Region","Faroese"
"fo","AS","Language","Faroese"
"fo","AS","LCID","0038"
"fo-DK","AS","Region","Faroese (Denmark)"
"fo-DK","AS","Language","Faroese"
"fo-DK","AS","LCID","0038"
"fo-DK","AS","BaseCulture","fo"
"fo-FO","AS","Region","Faroese (Faroe Islands)"
"fo-FO","AS","Language","Faroese"
"fo-FO","AS","LCID","0438"
"fo-FO","AS","BaseCulture","fo"
"fr","AS","Region","French"
"fr","AS","Language","French"
"fr","AS","LCID","000C"
"fr-BE","AS","Region","French (Belgium)"
"fr-BE","AS","Language","French"
"fr-BE","AS","LCID","080C"
"fr-BE","AS","BaseCulture","fr"
"fr-BF","AS","Region","French (Burkina Faso)"
"fr-BF","AS","Language","French"
"fr-BF","AS","LCID","000C"
"fr-BF","AS","BaseCulture","fr"
"fr-BI","AS","Region","French (Burundi)"
"fr-BI","AS","Language","French"
"fr-BI","AS","LCID","000C"
"fr-BI","AS","BaseCulture","fr"
"fr-BJ","AS","Region","French (Benin)"
"fr-BJ","AS","Language","French"
"fr-BJ","AS","LCID","000C"
"fr-BJ","AS","BaseCulture","fr"
"fr-BL","AS","Region","French (St. Barthélemy)"
"fr-BL","AS","Language","French"
"fr-BL","AS","LCID","000C"
"fr-BL","AS","BaseCulture","fr"
"fr-CA","AS","Region","French (Canada)"
"fr-CA","AS","Language","French"
"fr-CA","AS","LCID","0C0C"
"fr-CA","AS","BaseCulture","fr"
"fr-CD","AS","Region","French (Congo - Kinshasa)"
"fr-CD","AS","Language","French"
"fr-CD","AS","LCID","240C"
"fr-CD","AS","BaseCulture","fr"
"fr-CF","AS","Region","French (Central African Republic)"
"fr-CF","AS","Language","French"
"fr-CF","AS","LCID","000C"
"fr-CF","AS","BaseCulture","fr"
"fr-CG","AS","Region","French (Congo - Brazzaville)"
"fr-CG","AS","Language","French"
"fr-CG","AS","LCID","240C"
"fr-CG","AS","BaseCulture","fr"
"fr-CH","AS","Region","French (Switzerland)"
"fr-CH","AS","Language","French"
"fr-CH","AS","LCID","100C"
"fr-CH","AS","BaseCulture","fr"
"fr-CI","AS","Region","French (Côte d’Ivoire)"
"fr-CI","AS","Language","French"
"fr-CI","AS","LCID","300C"
"fr-CI","AS","BaseCulture","fr"
"fr-CM","AS","Region","French (Cameroon)"
"fr-CM","AS","Language","French"
"fr-CM","AS","LCID","2C0C"
"fr-CM","AS","BaseCulture","fr"
"fr-DJ","AS","Region","French (Djibouti)"
"fr-DJ","AS","Language","French"
"fr-DJ","AS","LCID","000C"
"fr-DJ","AS","BaseCulture","fr"
"fr-DZ","AS","Region","French (Algeria)"
"fr-DZ","AS","Language","French"
"fr-DZ","AS","LCID","000C"
"fr-DZ","AS","BaseCulture","fr"
"fr-FR","AS","Region","French (France)"
"fr-FR","AS","Language","French"
"fr-FR","AS","LCID","040C"
"fr-FR","AS","BaseCulture","fr"
"fr-GA","AS","Region","French (Gabon)"
"fr-GA","AS","Language","French"
"fr-GA","AS","LCID","000C"
"fr-GA","AS","BaseCulture","fr"
"fr-GF","AS","Region","French (French Guiana)"
"fr-GF","AS","Language","French"
"fr-GF","AS","LCID","000C"
"fr-GF","AS","BaseCulture","fr"
"fr-GN","AS","Region","French (Guinea)"
"fr-GN","AS","Language","French"
"fr-GN","AS","LCID","000C"
"fr-GN","AS","BaseCulture","fr"
"fr-GP","AS","Region","French (Guadeloupe)"
"fr-GP","AS","Language","French"
"fr-GP","AS","LCID","000C"
"fr-GP","AS","BaseCulture","fr"
"fr-GQ","AS","Region","French (Equatorial Guinea)"
"fr-GQ","AS","Language","French"
"fr-GQ","AS","LCID","000C"
"fr-GQ","AS","BaseCulture","fr"
"fr-HT","AS","Region","French (Haiti)"
"fr-HT","AS","Language","French"
"fr-HT","AS","LCID","3C0C"
"fr-HT","AS","BaseCulture","fr"
"fr-KM","AS","Region","French (Comoros)"
"fr-KM","AS","Language","French"
"fr-KM","AS","LCID","000C"
"fr-KM","AS","BaseCulture","fr"
"fr-LU","AS","Region","French (Luxembourg)"
"fr-LU","AS","Language","French"
"fr-LU","AS","LCID","140C"
"fr-LU","AS","BaseCulture","fr"
"fr-MA","AS","Region","French (Morocco)"
"fr-MA","AS","Language","French"
"fr-MA","AS","LCID","380C"
"fr-MA","AS","BaseCulture","fr"
"fr-MC","AS","Region","French (Monaco)"
"fr-MC","AS","Language","French"
"fr-MC","AS","LCID","180C"
"fr-MC","AS","BaseCulture","fr"
"fr-MF","AS","Region","French (St. Martin)"
"fr-MF","AS","Language","French"
"fr-MF","AS","LCID","000C"
"fr-MF","AS","BaseCulture","fr"
"fr-MG","AS","Region","French (Madagascar)"
"fr-MG","AS","Language","French"
"fr-MG","AS","LCID","000C"
"fr-MG","AS","BaseCulture","fr"
"fr-ML","AS","Region","French (Mali)"
"fr-ML","AS","Language","French"
"fr-ML","AS","LCID","340C"
"fr-ML","AS","BaseCulture","fr"
"fr-MQ","AS","Region","French (Martinique)"
"fr-MQ","AS","Language","French"
"fr-MQ","AS","LCID","000C"
"fr-MQ","AS","BaseCulture","fr"
"fr-MR","AS","Region","French (Mauritania)"
"fr-MR","AS","Language","French"
"fr-MR","AS","LCID","000C"
"fr-MR","AS","BaseCulture","fr"
"fr-MU","AS","Region","French (Mauritius)"
"fr-MU","AS","Language","French"
"fr-MU","AS","LCID","000C"
"fr-MU","AS","BaseCulture","fr"
"fr-NC","AS","Region","French (New Caledonia)"
"fr-NC","AS","Language","French"
"fr-NC","AS","LCID","000C"
"fr-NC","AS","BaseCulture","fr"
"fr-NE","AS","Region","French (Niger)"
"fr-NE","AS","Language","French"
"fr-NE","AS","LCID","000C"
"fr-NE","AS","BaseCulture","fr"
"fr-PF","AS","Region","French (French Polynesia)"
"fr-PF","AS","Language","French"
"fr-PF","AS","LCID","000C"
"fr-PF","AS","BaseCulture","fr"
"fr-PM","AS","Region","French (St. Pierre & Miquelon)"
"fr-PM","AS","Language","French"
"fr-PM","AS","LCID","000C"
"fr-PM","AS","BaseCulture","fr"
"fr-RE","AS","Region","French (Réunion)"
"fr-RE","AS","Language","French"
"fr-RE","AS","LCID","200C"
"fr-RE","AS","BaseCulture","fr"
"fr-RW","AS","Region","French (Rwanda)"
"fr-RW","AS","Language","French"
"fr-RW","AS","LCID","000C"
"fr-RW","AS","BaseCulture","fr"
"fr-SC","AS","Region","French (Seychelles)"
"fr-SC","AS","Language","French"
"fr-SC","AS","LCID","000C"
"fr-SC","AS","BaseCulture","fr"
"fr-SN","AS","Region","French (Senegal)"
"fr-SN","AS","Language","French"
"fr-SN","AS","LCID","280C"
"fr-SN","AS","BaseCulture","fr"
"fr-SY","AS","Region","French (Syria)"
"fr-SY","AS","Language","French"
"fr-SY","AS","LCID","000C"
"fr-SY","AS","BaseCulture","fr"
"fr-TD","AS","Region","French (Chad)"
"fr-TD","AS","Language","French"
"fr-TD","AS","LCID","000C"
"fr-TD","AS","BaseCulture","fr"
"fr-TG","AS","Region","French (Togo)"
"fr-TG","AS","Language","French"
"fr-TG","AS","LCID","000C"
"fr-TG","AS","BaseCulture","fr"
"fr-TN","AS","Region","French (Tunisia)"
"fr-TN","AS","Language","French"
"fr-TN","AS","LCID","000C"
"fr-TN","AS","BaseCulture","fr"
"fr-VU","AS","Region","French (Vanuatu)"
"fr-VU","AS","Language","French"
"fr-VU","AS","LCID","000C"
"fr-VU","AS","BaseCulture","fr"
"fr-WF","AS","Region","French (Wallis & Futuna)"
"fr-WF","AS","Language","French"
"fr-WF","AS","LCID","000C"
"fr-WF","AS","BaseCulture","fr"
"fr-YT","AS","Region","French (Mayotte)"
"fr-YT","AS","Language","French"
"fr-YT","AS","LCID","000C"
"fr-YT","AS","BaseCulture","fr"
"fur","AS","Region","Friulian"
"fur","AS","Language","Friulian"
"fur","AS","LCID","0000"
"fur-IT","AS","Region","Friulian (Italy)"
"fur-IT","AS","Language","Friulian"
"fur-IT","AS","LCID","0000"
"fur-IT","AS","BaseCulture","fur"
"fy","AS","Region","Western Frisian"
"fy","AS","Language","Western Frisian"
"fy","AS","LCID","0062"
"fy-NL","AS","Region","Western Frisian (Netherlands)"
"fy-NL","AS","Language","Western Frisian"
"fy-NL","AS","LCID","0462"
"fy-NL","AS","BaseCulture","fy"
"ga","AS","Region","Irish"
"ga","AS","Language","Irish"
"ga","AS","LCID","003C"
"ga-GB","AS","Region","Irish (United Kingdom)"
"ga-GB","AS","Language","Irish"
"ga-GB","AS","LCID","003C"
"ga-GB","AS","BaseCulture","ga"
"ga-IE","AS","Region","Irish (Ireland)"
"ga-IE","AS","Language","Irish"
"ga-IE","AS","LCID","083C"
"ga-IE","AS","BaseCulture","ga"
"gd","AS","Region","Scottish Gaelic"
"gd","AS","Language","Scottish Gaelic"
"gd","AS","LCID","0091"
"gd-GB","AS","Region","Scottish Gaelic (United Kingdom)"
"gd-GB","AS","Language","Scottish Gaelic"
"gd-GB","AS","LCID","0491"
"gd-GB","AS","BaseCulture","gd"
"gl","AS","Region","Galician"
"gl","AS","Language","Galician"
"gl","AS","LCID","0056"
"gl-ES","AS","Region","Galician (Spain)"
"gl-ES","AS","Language","Galician"
"gl-ES","AS","LCID","0456"
"gl-ES","AS","BaseCulture","gl"
"gsw","AS","Region","Swiss German"
"gsw","AS","Language","Swiss German"
"gsw","AS","LCID","0084"
"gsw-CH","AS","Region","Swiss German (Switzerland)"
"gsw-CH","AS","Language","Swiss German"
"gsw-CH","AS","LCID","0084"
"gsw-CH","AS","BaseCulture","gsw"
"gsw-FR","AS","Region","Swiss German (France)"
"gsw-FR","AS","Language","Swiss German"
"gsw-FR","AS","LCID","0484"
"gsw-FR","AS","BaseCulture","gsw"
"gsw-LI","AS","Region","Swiss German (Liechtenstein)"
"gsw-LI","AS","Language","Swiss German"
"gsw-LI","AS","LCID","0084"
"gsw-LI","AS","BaseCulture","gsw"
"gu","AS","Region","Gujarati"
"gu","AS","Language","Gujarati"
"gu","AS","LCID","0047"
"gu-IN","AS","Region","Gujarati (India)"
"gu-IN","AS","Language","Gujarati"
"gu-IN","AS","LCID","0447"
"gu-IN","AS","BaseCulture","gu"
"guz","AS","Region","Gusii"
"guz","AS","Language","Gusii"
"guz","AS","LCID","0000"
"guz-KE","AS","Region","Gusii (Kenya)"
"guz-KE","AS","Language","Gusii"
"guz-KE","AS","LCID","0000"
"guz-KE","AS","BaseCulture","guz"
"gv","AS","Region","Manx"
"gv","AS","Language","Manx"
"gv","AS","LCID","0000"
"gv-IM","AS","Region","Manx (Isle of Man)"
"gv-IM","AS","Language","Manx"
"gv-IM","AS","LCID","0000"
"gv-IM","AS","BaseCulture","gv"
"ha","AS","Region","Hausa"
"ha","AS","Language","Hausa"
"ha","AS","LCID","0068"
"ha-GH","AS","Region","Hausa (Ghana)"
"ha-GH","AS","Language","Hausa"
"ha-GH","AS","LCID","0068"
"ha-GH","AS","BaseCulture","ha"
"ha-NE","AS","Region","Hausa (Niger)"
"ha-NE","AS","Language","Hausa"
"ha-NE","AS","LCID","0068"
"ha-NE","AS","BaseCulture","ha"
"ha-NG","AS","Region","Hausa (Nigeria)"
"ha-NG","AS","Language","Hausa"
"ha-NG","AS","LCID","0468"
"ha-NG","AS","BaseCulture","ha"
"haw","AS","Region","Hawaiian"
"haw","AS","Language","Hawaiian"
"haw","AS","LCID","0075"
"haw-US","AS","Region","Hawaiian (United States)"
"haw-US","AS","Language","Hawaiian"
"haw-US","AS","LCID","0475"
"haw-US","AS","BaseCulture","haw"
"he","AS","Region","Hebrew"
"he","AS","Language","Hebrew"
"he","AS","LCID","000D"
"he-IL","AS","Region","Hebrew (Israel)"
"he-IL","AS","Language","Hebrew"
"he-IL","AS","LCID","040D"
"he-IL","AS","BaseCulture","he"
"hi","AS","Region","Hindi"
"hi","AS","Language","Hindi"
"hi","AS","LCID","0039"
"hi-IN","AS","Region","Hindi (India)"
"hi-IN","AS","Language","Hindi"
"hi-IN","AS","LCID","0439"
"hi-IN","AS","BaseCulture","hi"
"hr","AS","Region","Croatian"
"hr","AS","Language","Croatian"
"hr","AS","LCID","001A"
"hr-BA","AS","Region","Croatian (Bosnia & Herzegovina)"
"hr-BA","AS","Language","Croatian"
"hr-BA","AS","LCID","101A"
"hr-BA","AS","BaseCulture","hr"
"hr-HR","AS","Region","Croatian (Croatia)"
"hr-HR","AS","Language","Croatian"
"hr-HR","AS","LCID","041A"
"hr-HR","AS","BaseCulture","hr"
"hsb","AS","Region","Upper Sorbian"
"hsb","AS","Language","Upper Sorbian"
"hsb","AS","LCID","002E"
"hsb-DE","AS","Region","Upper Sorbian (Germany)"
"hsb-DE","AS","Language","Upper Sorbian"
"hsb-DE","AS","LCID","042E"
"hsb-DE","AS","BaseCulture","hsb"
"hu","AS","Region","Hungarian"
"hu","AS","Language","Hungarian"
"hu","AS","LCID","000E"
"hu-HU","AS","Region","Hungarian (Hungary)"
"hu-HU","AS","Language","Hungarian"
"hu-HU","AS","LCID","040E"
"hu-HU","AS","BaseCulture","hu"
"hy","AS","Region","Armenian"
"hy","AS","Language","Armenian"
"hy","AS","LCID","002B"
"hy-AM","AS","Region","Armenian (Armenia)"
"hy-AM","AS","Language","Armenian"
"hy-AM","AS","LCID","042B"
"hy-AM","AS","BaseCulture","hy"
"ia","AS","Region","Interlingua"
"ia","AS","Language","Interlingua"
"ia","AS","LCID","0000"
"ia-001","AS","Region","Interlingua (World)"
"ia-001","AS","Language","Interlingua"
"ia-001","AS","LCID","0000"
"ia-001","AS","BaseCulture","ia"
"id","AS","Region","Indonesian"
"id","AS","Language","Indonesian"
"id","AS","LCID","0021"
"id-ID","AS","Region","Indonesian (Indonesia)"
"id-ID","AS","Language","Indonesian"
"id-ID","AS","LCID","0421"
"id-ID","AS","BaseCulture","id"
"ig","AS","Region","Igbo"
"ig","AS","Language","Igbo"
"ig","AS","LCID","0070"
"ig-NG","AS","Region","Igbo (Nigeria)"
"ig-NG","AS","Language","Igbo"
"ig-NG","AS","LCID","0470"
"ig-NG","AS","BaseCulture","ig"
"ii","AS","Region","Sichuan Yi"
"ii","AS","Language","Sichuan Yi"
"ii","AS","LCID","0078"
"ii-CN","AS","Region","Sichuan Yi (China)"
"ii-CN","AS","Language","Sichuan Yi"
"ii-CN","AS","LCID","0478"
"ii-CN","AS","BaseCulture","ii"
"is","AS","Region","Icelandic"
"is","AS","Language","Icelandic"
"is","AS","LCID","000F"
"is-IS","AS","Region","Icelandic (Iceland)"
"is-IS","AS","Language","Icelandic"
"is-IS","AS","LCID","040F"
"is-IS","AS","BaseCulture","is"
"it","AS","Region","Italian"
"it","AS","Language","Italian"
"it","AS","LCID","0010"
"it-CH","AS","Region","Italian (Switzerland)"
"it-CH","AS","Language","Italian"
"it-CH","AS","LCID","0810"
"it-CH","AS","BaseCulture","it"
"it-IT","AS","Region","Italian (Italy)"
"it-IT","AS","Language","Italian"
"it-IT","AS","LCID","0410"
"it-IT","AS","BaseCulture","it"
"it-SM","AS","Region","Italian (San Marino)"
"it-SM","AS","Language","Italian"
"it-SM","AS","LCID","0010"
"it-SM","AS","BaseCulture","it"
"it-VA","AS","Region","Italian (Vatican City)"
"it-VA","AS","Language","Italian"
"it-VA","AS","LCID","0010"
"it-VA","AS","BaseCulture","it"
"ja","AS","Region","Japanese"
"ja","AS","Language","Japanese"
"ja","AS","LCID","0011"
"ja-JP","AS","Region","Japanese (Japan)"
"ja-JP","AS","Language","Japanese"
"ja-JP","AS","LCID","0411"
"ja-JP","AS","BaseCulture","ja"
"jgo","AS","Region","Ngomba"
"jgo","AS","Language","Ngomba"
"jgo","AS","LCID","0000"
"jgo-CM","AS","Region","Ngomba (Cameroon)"
"jgo-CM","AS","Language","Ngomba"
"jgo-CM","AS","LCID","0000"
"jgo-CM","AS","BaseCulture","jgo"
"jmc","AS","Region","Machame"
"jmc","AS","Language","Machame"
"jmc","AS","LCID","0000"
"jmc-TZ","AS","Region","Machame (Tanzania)"
"jmc-TZ","AS","Language","Machame"
"jmc-TZ","AS","LCID","0000"
"jmc-TZ","AS","BaseCulture","jmc"
"jv","AS","Region","Javanese"
"jv","AS","Language","Javanese"
"jv","AS","LCID","0000"
"jv-ID","AS","Region","Javanese (Indonesia)"
"jv-ID","AS","Language","Javanese"
"jv-ID","AS","LCID","0000"
"jv-ID","AS","BaseCulture","jv"
"ka","AS","Region","Georgian"
"ka","AS","Language","Georgian"
"ka","AS","LCID","0037"
"ka-GE","AS","Region","Georgian (Georgia)"
"ka-GE","AS","Language","Georgian"
"ka-GE","AS","LCID","0437"
"ka-GE","AS","BaseCulture","ka"
"kab","AS","Region","Kabyle"
"kab","AS","Language","Kabyle"
"kab","AS","LCID","0000"
"kab-DZ","AS","Region","Kabyle (Algeria)"
"kab-DZ","AS","Language","Kabyle"
"kab-DZ","AS","LCID","0000"
"kab-DZ","AS","BaseCulture","kab"
"kam","AS","Region","Kamba"
"kam","AS","Language","Kamba"
"kam","AS","LCID","0000"
"kam-KE","AS","Region","Kamba (Kenya)"
"kam-KE","AS","Language","Kamba"
"kam-KE","AS","LCID","0000"
"kam-KE","AS","BaseCulture","kam"
"kde","AS","Region","Makonde"
"kde","AS","Language","Makonde"
"kde","AS","LCID","0000"
"kde-TZ","AS","Region","Makonde (Tanzania)"
"kde-TZ","AS","Language","Makonde"
"kde-TZ","AS","LCID","0000"
"kde-TZ","AS","BaseCulture","kde"
"kea","AS","Region","Kabuverdianu"
"kea","AS","Language","Kabuverdianu"
"kea","AS","LCID","0000"
"kea-CV","AS","Region","Kabuverdianu (Cape Verde)"
"kea-CV","AS","Language","Kabuverdianu"
"kea-CV","AS","LCID","0000"
"kea-CV","AS","BaseCulture","kea"
"khq","AS","Region","Koyra Chiini"
"khq","AS","Language","Koyra Chiini"
"khq","AS","LCID","0000"
"khq-ML","AS","Region","Koyra Chiini (Mali)"
"khq-ML","AS","Language","Koyra Chiini"
"khq-ML","AS","LCID","0000"
"khq-ML","AS","BaseCulture","khq"
"ki","AS","Region","Kikuyu"
"ki","AS","Language","Kikuyu"
"ki","AS","LCID","0000"
"ki-KE","AS","Region","Kikuyu (Kenya)"
"ki-KE","AS","Language","Kikuyu"
"ki-KE","AS","LCID","0000"
"ki-KE","AS","BaseCulture","ki"
"kk","AS","Region","Kazakh"
"kk","AS","Language","Kazakh"
"kk","AS","LCID","003F"
"kk-KZ","AS","Region","Kazakh (Kazakhstan)"
"kk-KZ","AS","Language","Kazakh"
"kk-KZ","AS","LCID","043F"
"kk-KZ","AS","BaseCulture","kk"
"kkj","AS","Region","Kako"
"kkj","AS","Language","Kako"
"kkj","AS","LCID","0000"
"kkj-CM","AS","Region","Kako (Cameroon)"
"kkj-CM","AS","Language","Kako"
"kkj-CM","AS","LCID","0000"
"kkj-CM","AS","BaseCulture","kkj"
"kl","AS","Region","Kalaallisut"
"kl","AS","Language","Kalaallisut"
"kl","AS","LCID","006F"
"kl-GL","AS","Region","Kalaallisut (Greenland)"
"kl-GL","AS","Language","Kalaallisut"
"kl-GL","AS","LCID","046F"
"kl-GL","AS","BaseCulture","kl"
"kln","AS","Region","Kalenjin"
"kln","AS","Language","Kalenjin"
"kln","AS","LCID","0000"
"kln-KE","AS","Region","Kalenjin (Kenya)"
"kln-KE","AS","Language","Kalenjin"
"kln-KE","AS","LCID","0000"
"kln-KE","AS","BaseCulture","kln"
"km","AS","Region","Khmer"
"km","AS","Language","Khmer"
"km","AS","LCID","0053"
"km-KH","AS","Region","Khmer (Cambodia)"
"km-KH","AS","Language","Khmer"
"km-KH","AS","LCID","0453"
"km-KH","AS","BaseCulture","km"
"kn","AS","Region","Kannada"
"kn","AS","Language","Kannada"
"kn","AS","LCID","004B"
"kn-IN","AS","Region","Kannada (India)"
"kn-IN","AS","Language","Kannada"
"kn-IN","AS","LCID","044B"
"kn-IN","AS","BaseCulture","kn"
"ko","AS","Region","Korean"
"ko","AS","Language","Korean"
"ko","AS","LCID","0012"
"ko-KP","AS","Region","Korean (North Korea)"
"ko-KP","AS","Language","Korean"
"ko-KP","AS","LCID","0812"
"ko-KP","AS","BaseCulture","ko"
"ko-KR","AS","Region","Korean (South Korea)"
"ko-KR","AS","Language","Korean"
"ko-KR","AS","LCID","0412"
"ko-KR","AS","BaseCulture","ko"
"kok","AS","Region","Konkani"
"kok","AS","Language","Konkani"
"kok","AS","LCID","0057"
"kok-IN","AS","Region","Konkani (India)"
"kok-IN","AS","Language","Konkani"
"kok-IN","AS","LCID","0457"
"kok-IN","AS","BaseCulture","kok"
"ks","AS","Region","Kashmiri"
"ks","AS","Language","Kashmiri"
"ks","AS","LCID","0060"
"ks-Arab","AS","Region","Kashmiri (Arabic)"
"ks-Arab","AS","Language","Kashmiri (Arabic)"
"ks-Arab","AS","LCID","0460"
"ks-Arab","AS","BaseCulture","ks"
"ks-Arab-IN","AS","Region","Kashmiri (Arabic, India)"
"ks-Arab-IN","AS","Language","Kashmiri (Arabic)"
"ks-Arab-IN","AS","LCID","0460"
"ks-Arab-IN","AS","BaseCulture","ks"
"ksb","AS","Region","Shambala"
"ksb","AS","Language","Shambala"
"ksb","AS","LCID","0000"
"ksb-TZ","AS","Region","Shambala (Tanzania)"
"ksb-TZ","AS","Language","Shambala"
"ksb-TZ","AS","LCID","0000"
"ksb-TZ","AS","BaseCulture","ksb"
"ksf","AS","Region","Bafia"
"ksf","AS","Language","Bafia"
"ksf","AS","LCID","0000"
"ksf-CM","AS","Region","Bafia (Cameroon)"
"ksf-CM","AS","Language","Bafia"
"ksf-CM","AS","LCID","0000"
"ksf-CM","AS","BaseCulture","ksf"
"ksh","AS","Region","Colognian"
"ksh","AS","Language","Colognian"
"ksh","AS","LCID","0000"
"ksh-DE","AS","Region","Colognian (Germany)"
"ksh-DE","AS","Language","Colognian"
"ksh-DE","AS","LCID","0000"
"ksh-DE","AS","BaseCulture","ksh"
"ku","AS","Region","Kurdish"
"ku","AS","Language","Kurdish"
"ku","AS","LCID","0092"
"ku-TR","AS","Region","Kurdish (Turkey)"
"ku-TR","AS","Language","Kurdish"
"ku-TR","AS","LCID","0000"
"ku-TR","AS","BaseCulture","ku"
"kw","AS","Region","Cornish"
"kw","AS","Language","Cornish"
"kw","AS","LCID","0000"
"kw-GB","AS","Region","Cornish (United Kingdom)"
"kw-GB","AS","Language","Cornish"
"kw-GB","AS","LCID","0000"
"kw-GB","AS","BaseCulture","kw"
"ky","AS","Region","Kyrgyz"
"ky","AS","Language","Kyrgyz"
"ky","AS","LCID","0040"
"ky-KG","AS","Region","Kyrgyz (Kyrgyzstan)"
"ky-KG","AS","Language","Kyrgyz"
"ky-KG","AS","LCID","0440"
"ky-KG","AS","BaseCulture","ky"
"lag","AS","Region","Langi"
"lag","AS","Language","Langi"
"lag","AS","LCID","0000"
"lag-TZ","AS","Region","Langi (Tanzania)"
"lag-TZ","AS","Language","Langi"
"lag-TZ","AS","LCID","0000"
"lag-TZ","AS","BaseCulture","lag"
"lb","AS","Region","Luxembourgish"
"lb","AS","Language","Luxembourgish"
"lb","AS","LCID","006E"
"lb-LU","AS","Region","Luxembourgish (Luxembourg)"
"lb-LU","AS","Language","Luxembourgish"
"lb-LU","AS","LCID","046E"
"lb-LU","AS","BaseCulture","lb"
"lg","AS","Region","Ganda"
"lg","AS","Language","Ganda"
"lg","AS","LCID","0000"
"lg-UG","AS","Region","Ganda (Uganda)"
"lg-UG","AS","Language","Ganda"
"lg-UG","AS","LCID","0000"
"lg-UG","AS","BaseCulture","lg"
"lkt","AS","Region","Lakota"
"lkt","AS","Language","Lakota"
"lkt","AS","LCID","0000"
"lkt-US","AS","Region","Lakota (United States)"
"lkt-US","AS","Language","Lakota"
"lkt-US","AS","LCID","0000"
"lkt-US","AS","BaseCulture","lkt"
"ln","AS","Region","Lingala"
"ln","AS","Language","Lingala"
"ln","AS","LCID","0000"
"ln-AO","AS","Region","Lingala (Angola)"
"ln-AO","AS","Language","Lingala"
"ln-AO","AS","LCID","0000"
"ln-AO","AS","BaseCulture","ln"
"ln-CD","AS","Region","Lingala (Congo - Kinshasa)"
"ln-CD","AS","Language","Lingala"
"ln-CD","AS","LCID","0000"
"ln-CD","AS","BaseCulture","ln"
"ln-CF","AS","Region","Lingala (Central African Republic)"
"ln-CF","AS","Language","Lingala"
"ln-CF","AS","LCID","0000"
"ln-CF","AS","BaseCulture","ln"
"ln-CG","AS","Region","Lingala (Congo - Brazzaville)"
"ln-CG","AS","Language","Lingala"
"ln-CG","AS","LCID","0000"
"ln-CG","AS","BaseCulture","ln"
"lo","AS","Region","Lao"
"lo","AS","Language","Lao"
"lo","AS","LCID","0054"
"lo-LA","AS","Region","Lao (Laos)"
"lo-LA","AS","Language","Lao"
"lo-LA","AS","LCID","0454"
"lo-LA","AS","BaseCulture","lo"
"lrc","AS","Region","Northern Luri"
"lrc","AS","Language","Northern Luri"
"lrc","AS","LCID","0000"
"lrc-IQ","AS","Region","Northern Luri (Iraq)"
"lrc-IQ","AS","Language","Northern Luri"
"lrc-IQ","AS","LCID","0000"
"lrc-IQ","AS","BaseCulture","lrc"
"lrc-IR","AS","Region","Northern Luri (Iran)"
"lrc-IR","AS","Language","Northern Luri"
"lrc-IR","AS","LCID","0000"
"lrc-IR","AS","BaseCulture","lrc"
"lt","AS","Region","Lithuanian"
"lt","AS","Language","Lithuanian"
"lt","AS","LCID","0027"
"lt-LT","AS","Region","Lithuanian (Lithuania)"
"lt-LT","AS","Language","Lithuanian"
"lt-LT","AS","LCID","0427"
"lt-LT","AS","BaseCulture","lt"
"lu","AS","Region","Luba-Katanga"
"lu","AS","Language","Luba-Katanga"
"lu","AS","LCID","0000"
"lu-CD","AS","Region","Luba-Katanga (Congo - Kinshasa)"
"lu-CD","AS","Language","Luba-Katanga"
"lu-CD","AS","LCID","0000"
"lu-CD","AS","BaseCulture","lu"
"luo","AS","Region","Luo"
"luo","AS","Language","Luo"
"luo","AS","LCID","0000"
"luo-KE","AS","Region","Luo (Kenya)"
"luo-KE","AS","Language","Luo"
"luo-KE","AS","LCID","0000"
"luo-KE","AS","BaseCulture","luo"
"luy","AS","Region","Luyia"
"luy","AS","Language","Luyia"
"luy","AS","LCID","0000"
"luy-KE","AS","Region","Luyia (Kenya)"
"luy-KE","AS","Language","Luyia"
"luy-KE","AS","LCID","0000"
"luy-KE","AS","BaseCulture","luy"
"lv","AS","Region","Latvian"
"lv","AS","Language","Latvian"
"lv","AS","LCID","0026"
"lv-LV","AS","Region","Latvian (Latvia)"
"lv-LV","AS","Language","Latvian"
"lv-LV","AS","LCID","0426"
"lv-LV","AS","BaseCulture","lv"
"mai","AS","Region","Maithili"
"mai","AS","Language","Maithili"
"mai","AS","LCID","0000"
"mai-IN","AS","Region","Maithili (India)"
"mai-IN","AS","Language","Maithili"
"mai-IN","AS","LCID","0000"
"mai-IN","AS","BaseCulture","mai"
"mas","AS","Region","Masai"
"mas","AS","Language","Masai"
"mas","AS","LCID","0000"
"mas-KE","AS","Region","Masai (Kenya)"
"mas-KE","AS","Language","Masai"
"mas-KE","AS","LCID","0000"
"mas-KE","AS","BaseCulture","mas"
"mas-TZ","AS","Region","Masai (Tanzania)"
"mas-TZ","AS","Language","Masai"
"mas-TZ","AS","LCID","0000"
"mas-TZ","AS","BaseCulture","mas"
"mer","AS","Region","Meru"
"mer","AS","Language","Meru"
"mer","AS","LCID","0000"
"mer-KE","AS","Region","Meru (Kenya)"
"mer-KE","AS","Language","Meru"
"mer-KE","AS","LCID","0000"
"mer-KE","AS","BaseCulture","mer"
"mfe","AS","Region","Mauritian"
"mfe","AS","Language","Mauritian"
"mfe","AS","LCID","0000"
"mfe-MU","AS","Region","Mauritian (Mauritius)"
"mfe-MU","AS","Language","Mauritian"
"mfe-MU","AS","LCID","0000"
"mfe-MU","AS","BaseCulture","mfe"
"mg","AS","Region","Malagasy"
"mg","AS","Language","Malagasy"
"mg","AS","LCID","0000"
"mg-MG","AS","Region","Malagasy (Madagascar)"
"mg-MG","AS","Language","Malagasy"
"mg-MG","AS","LCID","0000"
"mg-MG","AS","BaseCulture","mg"
"mgh","AS","Region","Makhuwa-Meetto"
"mgh","AS","Language","Makhuwa-Meetto"
"mgh","AS","LCID","0000"
"mgh-MZ","AS","Region","Makhuwa-Meetto (Mozambique)"
"mgh-MZ","AS","Language","Makhuwa-Meetto"
"mgh-MZ","AS","LCID","0000"
"mgh-MZ","AS","BaseCulture","mgh"
"mgo","AS","Region","Meta?"
"mgo","AS","Language","Meta?"
"mgo","AS","LCID","0000"
"mgo-CM","AS","Region","Meta? (Cameroon)"
"mgo-CM","AS","Language","Meta?"
"mgo-CM","AS","LCID","0000"
"mgo-CM","AS","BaseCulture","mgo"
"mi","AS","Region","Maori"
"mi","AS","Language","Maori"
"mi","AS","LCID","0081"
"mi-NZ","AS","Region","Maori (New Zealand)"
"mi-NZ","AS","Language","Maori"
"mi-NZ","AS","LCID","0481"
"mi-NZ","AS","BaseCulture","mi"
"mk","AS","Region","Macedonian"
"mk","AS","Language","Macedonian"
"mk","AS","LCID","002F"
"mk-MK","AS","Region","Macedonian (North Macedonia)"
"mk-MK","AS","Language","Macedonian"
"mk-MK","AS","LCID","042F"
"mk-MK","AS","BaseCulture","mk"
"ml","AS","Region","Malayalam"
"ml","AS","Language","Malayalam"
"ml","AS","LCID","004C"
"ml-IN","AS","Region","Malayalam (India)"
"ml-IN","AS","Language","Malayalam"
"ml-IN","AS","LCID","044C"
"ml-IN","AS","BaseCulture","ml"
"mn","AS","Region","Mongolian"
"mn","AS","Language","Mongolian"
"mn","AS","LCID","0050"
"mn-MN","AS","Region","Mongolian (Mongolia)"
"mn-MN","AS","Language","Mongolian"
"mn-MN","AS","LCID","0450"
"mn-MN","AS","BaseCulture","mn"
"mni","AS","Region","Manipuri"
"mni","AS","Language","Manipuri"
"mni","AS","LCID","0058"
"mni-Beng","AS","Region","Manipuri (Bangla)"
"mni-Beng","AS","Language","Manipuri (Bangla)"
"mni-Beng","AS","LCID","0058"
"mni-Beng","AS","BaseCulture","mni"
"mni-Beng-IN","AS","Region","Manipuri (Bangla, India)"
"mni-Beng-IN","AS","Language","Manipuri (Bangla)"
"mni-Beng-IN","AS","LCID","0058"
"mni-Beng-IN","AS","BaseCulture","mni"
"mr","AS","Region","Marathi"
"mr","AS","Language","Marathi"
"mr","AS","LCID","004E"
"mr-IN","AS","Region","Marathi (India)"
"mr-IN","AS","Language","Marathi"
"mr-IN","AS","LCID","044E"
"mr-IN","AS","BaseCulture","mr"
"ms","AS","Region","Malay"
"ms","AS","Language","Malay"
"ms","AS","LCID","003E"
"ms-BN","AS","Region","Malay (Brunei)"
"ms-BN","AS","Language","Malay"
"ms-BN","AS","LCID","083E"
"ms-BN","AS","BaseCulture","ms"
"ms-ID","AS","Region","Malay (Indonesia)"
"ms-ID","AS","Language","Malay"
"ms-ID","AS","LCID","003E"
"ms-ID","AS","BaseCulture","ms"
"ms-MY","AS","Region","Malay (Malaysia)"
"ms-MY","AS","Language","Malay"
"ms-MY","AS","LCID","043E"
"ms-MY","AS","BaseCulture","ms"
"ms-SG","AS","Region","Malay (Singapore)"
"ms-SG","AS","Language","Malay"
"ms-SG","AS","LCID","003E"
"ms-SG","AS","BaseCulture","ms"
"mt","AS","Region","Maltese"
"mt","AS","Language","Maltese"
"mt","AS","LCID","003A"
"mt-MT","AS","Region","Maltese (Malta)"
"mt-MT","AS","Language","Maltese"
"mt-MT","AS","LCID","043A"
"mt-MT","AS","BaseCulture","mt"
"mua","AS","Region","Mundang"
"mua","AS","Language","Mundang"
"mua","AS","LCID","0000"
"mua-CM","AS","Region","Mundang (Cameroon)"
"mua-CM","AS","Language","Mundang"
"mua-CM","AS","LCID","0000"
"mua-CM","AS","BaseCulture","mua"
"my","AS","Region","Burmese"
"my","AS","Language","Burmese"
"my","AS","LCID","0055"
"my-MM","AS","Region","Burmese (Myanmar [Burma])"
"my-MM","AS","Language","Burmese"
"my-MM","AS","LCID","0455"
"my-MM","AS","BaseCulture","my"
"mzn","AS","Region","Mazanderani"
"mzn","AS","Language","Mazanderani"
"mzn","AS","LCID","0000"
"mzn-IR","AS","Region","Mazanderani (Iran)"
"mzn-IR","AS","Language","Mazanderani"
"mzn-IR","AS","LCID","0000"
"mzn-IR","AS","BaseCulture","mzn"
"naq","AS","Region","Nama"
"naq","AS","Language","Nama"
"naq","AS","LCID","0000"
"naq-NA","AS","Region","Nama (Namibia)"
"naq-NA","AS","Language","Nama"
"naq-NA","AS","LCID","0000"
"naq-NA","AS","BaseCulture","naq"
"nb","AS","Region","Norwegian Bokmål"
"nb","AS","Language","Norwegian Bokmål"
"nb","AS","LCID","7C14"
"nb-NO","AS","Region","Norwegian Bokmål (Norway)"
"nb-NO","AS","Language","Norwegian Bokmål"
"nb-NO","AS","LCID","0414"
"nb-NO","AS","BaseCulture","nb"
"nb-SJ","AS","Region","Norwegian Bokmål (Svalbard & Jan Mayen)"
"nb-SJ","AS","Language","Norwegian Bokmål"
"nb-SJ","AS","LCID","7C14"
"nb-SJ","AS","BaseCulture","nb"
"nd","AS","Region","North Ndebele"
"nd","AS","Language","North Ndebele"
"nd","AS","LCID","0000"
"nd-ZW","AS","Region","North Ndebele (Zimbabwe)"
"nd-ZW","AS","Language","North Ndebele"
"nd-ZW","AS","LCID","0000"
"nd-ZW","AS","BaseCulture","nd"
"ne","AS","Region","Nepali"
"ne","AS","Language","Nepali"
"ne","AS","LCID","0061"
"ne-IN","AS","Region","Nepali (India)"
"ne-IN","AS","Language","Nepali"
"ne-IN","AS","LCID","0861"
"ne-IN","AS","BaseCulture","ne"
"ne-NP","AS","Region","Nepali (Nepal)"
"ne-NP","AS","Language","Nepali"
"ne-NP","AS","LCID","0461"
"ne-NP","AS","BaseCulture","ne"
"nl","AS","Region","Dutch"
"nl","AS","Language","Dutch"
"nl","AS","LCID","0013"
"nl-AW","AS","Region","Dutch (Aruba)"
"nl-AW","AS","Language","Dutch"
"nl-AW","AS","LCID","0013"
"nl-AW","AS","BaseCulture","nl"
"nl-BE","AS","Region","Dutch (Belgium)"
"nl-BE","AS","Language","Dutch"
"nl-BE","AS","LCID","0813"
"nl-BE","AS","BaseCulture","nl"
"nl-BQ","AS","Region","Dutch (Caribbean Netherlands)"
"nl-BQ","AS","Language","Dutch"
"nl-BQ","AS","LCID","0013"
"nl-BQ","AS","BaseCulture","nl"
"nl-CW","AS","Region","Dutch (Curaçao)"
"nl-CW","AS","Language","Dutch"
"nl-CW","AS","LCID","0013"
"nl-CW","AS","BaseCulture","nl"
"nl-NL","AS","Region","Dutch (Netherlands)"
"nl-NL","AS","Language","Dutch"
"nl-NL","AS","LCID","0413"
"nl-NL","AS","BaseCulture","nl"
"nl-SR","AS","Region","Dutch (Suriname)"
"nl-SR","AS","Language","Dutch"
"nl-SR","AS","LCID","0013"
"nl-SR","AS","BaseCulture","nl"
"nl-SX","AS","Region","Dutch (Sint Maarten)"
"nl-SX","AS","Language","Dutch"
"nl-SX","AS","LCID","0013"
"nl-SX","AS","BaseCulture","nl"
"nmg","AS","Region","Kwasio"
"nmg","AS","Language","Kwasio"
"nmg","AS","LCID","0000"
"nmg-CM","AS","Region","Kwasio (Cameroon)"
"nmg-CM","AS","Language","Kwasio"
"nmg-CM","AS","LCID","0000"
"nmg-CM","AS","BaseCulture","nmg"
"nn","AS","Region","Norwegian Nynorsk"
"nn","AS","Language","Norwegian Nynorsk"
"nn","AS","LCID","7814"
"nn-NO","AS","Region","Norwegian Nynorsk (Norway)"
"nn-NO","AS","Language","Norwegian Nynorsk"
"nn-NO","AS","LCID","0814"
"nn-NO","AS","BaseCulture","nn"
"nnh","AS","Region","Ngiemboon"
"nnh","AS","Language","Ngiemboon"
"nnh","AS","LCID","0000"
"nnh-CM","AS","Region","Ngiemboon (Cameroon)"
"nnh-CM","AS","Language","Ngiemboon"
"nnh-CM","AS","LCID","0000"
"nnh-CM","AS","BaseCulture","nnh"
"nus","AS","Region","Nuer"
"nus","AS","Language","Nuer"
"nus","AS","LCID","0000"
"nus-SS","AS","Region","Nuer (South Sudan)"
"nus-SS","AS","Language","Nuer"
"nus-SS","AS","LCID","0000"
"nus-SS","AS","BaseCulture","nus"
"nyn","AS","Region","Nyankole"
"nyn","AS","Language","Nyankole"
"nyn","AS","LCID","0000"
"nyn-UG","AS","Region","Nyankole (Uganda)"
"nyn-UG","AS","Language","Nyankole"
"nyn-UG","AS","LCID","0000"
"nyn-UG","AS","BaseCulture","nyn"
"om","AS","Region","Oromo"
"om","AS","Language","Oromo"
"om","AS","LCID","0072"
"om-ET","AS","Region","Oromo (Ethiopia)"
"om-ET","AS","Language","Oromo"
"om-ET","AS","LCID","0472"
"om-ET","AS","BaseCulture","om"
"om-KE","AS","Region","Oromo (Kenya)"
"om-KE","AS","Language","Oromo"
"om-KE","AS","LCID","0072"
"om-KE","AS","BaseCulture","om"
"or","AS","Region","Odia"
"or","AS","Language","Odia"
"or","AS","LCID","0048"
"or-IN","AS","Region","Odia (India)"
"or-IN","AS","Language","Odia"
"or-IN","AS","LCID","0448"
"or-IN","AS","BaseCulture","or"
"os","AS","Region","Ossetic"
"os","AS","Language","Ossetic"
"os","AS","LCID","0000"
"os-GE","AS","Region","Ossetic (Georgia)"
"os-GE","AS","Language","Ossetic"
"os-GE","AS","LCID","0000"
"os-GE","AS","BaseCulture","os"
"os-RU","AS","Region","Ossetic (Russia)"
"os-RU","AS","Language","Ossetic"
"os-RU","AS","LCID","0000"
"os-RU","AS","BaseCulture","os"
"pa","AS","Region","Punjabi"
"pa","AS","Language","Punjabi"
"pa","AS","LCID","0046"
"pa-Arab","AS","Region","Punjabi (Arabic)"
"pa-Arab","AS","Language","Punjabi (Arabic)"
"pa-Arab","AS","LCID","7C46"
"pa-Arab","AS","BaseCulture","pa"
"pa-Arab-PK","AS","Region","Punjabi (Arabic, Pakistan)"
"pa-Arab-PK","AS","Language","Punjabi (Arabic)"
"pa-Arab-PK","AS","LCID","0846"
"pa-Arab-PK","AS","BaseCulture","pa"
"pa-Guru","AS","Region","Punjabi (Gurmukhi)"
"pa-Guru","AS","Language","Punjabi (Gurmukhi)"
"pa-Guru","AS","LCID","0046"
"pa-Guru","AS","BaseCulture","pa"
"pa-Guru-IN","AS","Region","Punjabi (Gurmukhi, India)"
"pa-Guru-IN","AS","Language","Punjabi (Gurmukhi)"
"pa-Guru-IN","AS","LCID","0446"
"pa-Guru-IN","AS","BaseCulture","pa"
"pcm","AS","Region","Nigerian Pidgin"
"pcm","AS","Language","Nigerian Pidgin"
"pcm","AS","LCID","0000"
"pcm-NG","AS","Region","Nigerian Pidgin (Nigeria)"
"pcm-NG","AS","Language","Nigerian Pidgin"
"pcm-NG","AS","LCID","0000"
"pcm-NG","AS","BaseCulture","pcm"
"pl","AS","Region","Polish"
"pl","AS","Language","Polish"
"pl","AS","LCID","0015"
"pl-PL","AS","Region","Polish (Poland)"
"pl-PL","AS","Language","Polish"
"pl-PL","AS","LCID","0415"
"pl-PL","AS","BaseCulture","pl"
"ps","AS","Region","Pashto"
"ps","AS","Language","Pashto"
"ps","AS","LCID","0063"
"ps-AF","AS","Region","Pashto (Afghanistan)"
"ps-AF","AS","Language","Pashto"
"ps-AF","AS","LCID","0463"
"ps-AF","AS","BaseCulture","ps"
"ps-PK","AS","Region","Pashto (Pakistan)"
"ps-PK","AS","Language","Pashto"
"ps-PK","AS","LCID","0063"
"ps-PK","AS","BaseCulture","ps"
"pt","AS","Region","Portuguese"
"pt","AS","Language","Portuguese"
"pt","AS","LCID","0016"
"pt-AO","AS","Region","Portuguese (Angola)"
"pt-AO","AS","Language","Portuguese"
"pt-AO","AS","LCID","0016"
"pt-AO","AS","BaseCulture","pt"
"pt-BR","AS","Region","Portuguese (Brazil)"
"pt-BR","AS","Language","Portuguese"
"pt-BR","AS","LCID","0416"
"pt-BR","AS","BaseCulture","pt"
"pt-CH","AS","Region","Portuguese (Switzerland)"
"pt-CH","AS","Language","Portuguese"
"pt-CH","AS","LCID","0016"
"pt-CH","AS","BaseCulture","pt"
"pt-CV","AS","Region","Portuguese (Cape Verde)"
"pt-CV","AS","Language","Portuguese"
"pt-CV","AS","LCID","0016"
"pt-CV","AS","BaseCulture","pt"
"pt-GQ","AS","Region","Portuguese (Equatorial Guinea)"
"pt-GQ","AS","Language","Portuguese"
"pt-GQ","AS","LCID","0016"
"pt-GQ","AS","BaseCulture","pt"
"pt-GW","AS","Region","Portuguese (Guinea-Bissau)"
"pt-GW","AS","Language","Portuguese"
"pt-GW","AS","LCID","0016"
"pt-GW","AS","BaseCulture","pt"
"pt-LU","AS","Region","Portuguese (Luxembourg)"
"pt-LU","AS","Language","Portuguese"
"pt-LU","AS","LCID","0016"
"pt-LU","AS","BaseCulture","pt"
"pt-MO","AS","Region","Portuguese (Macao SAR China)"
"pt-MO","AS","Language","Portuguese"
"pt-MO","AS","LCID","0016"
"pt-MO","AS","BaseCulture","pt"
"pt-MZ","AS","Region","Portuguese (Mozambique)"
"pt-MZ","AS","Language","Portuguese"
"pt-MZ","AS","LCID","0016"
"pt-MZ","AS","BaseCulture","pt"
"pt-PT","AS","Region","Portuguese (Portugal)"
"pt-PT","AS","Language","Portuguese"
"pt-PT","AS","LCID","0816"
"pt-PT","AS","BaseCulture","pt"
"pt-ST","AS","Region","Portuguese (São Tomé & Príncipe)"
"pt-ST","AS","Language","Portuguese"
"pt-ST","AS","LCID","0016"
"pt-ST","AS","BaseCulture","pt"
"pt-TL","AS","Region","Portuguese (Timor-Leste)"
"pt-TL","AS","Language","Portuguese"
"pt-TL","AS","LCID","0016"
"pt-TL","AS","BaseCulture","pt"
"qu","AS","Region","Quechua"
"qu","AS","Language","Quechua"
"qu","AS","LCID","006B"
"qu-BO","AS","Region","Quechua (Bolivia)"
"qu-BO","AS","Language","Quechua"
"qu-BO","AS","LCID","046B"
"qu-BO","AS","BaseCulture","qu"
"qu-EC","AS","Region","Quechua (Ecuador)"
"qu-EC","AS","Language","Quechua"
"qu-EC","AS","LCID","086B"
"qu-EC","AS","BaseCulture","qu"
"qu-PE","AS","Region","Quechua (Peru)"
"qu-PE","AS","Language","Quechua"
"qu-PE","AS","LCID","0C6B"
"qu-PE","AS","BaseCulture","qu"
"rm","AS","Region","Romansh"
"rm","AS","Language","Romansh"
"rm","AS","LCID","0017"
"rm-CH","AS","Region","Romansh (Switzerland)"
"rm-CH","AS","Language","Romansh"
"rm-CH","AS","LCID","0417"
"rm-CH","AS","BaseCulture","rm"
"rn","AS","Region","Rundi"
"rn","AS","Language","Rundi"
"rn","AS","LCID","0000"
"rn-BI","AS","Region","Rundi (Burundi)"
"rn-BI","AS","Language","Rundi"
"rn-BI","AS","LCID","0000"
"rn-BI","AS","BaseCulture","rn"
"ro","AS","Region","Romanian"
"ro","AS","Language","Romanian"
"ro","AS","LCID","0018"
"ro-MD","AS","Region","Romanian (Moldova)"
"ro-MD","AS","Language","Romanian"
"ro-MD","AS","LCID","0818"
"ro-MD","AS","BaseCulture","ro"
"ro-RO","AS","Region","Romanian (Romania)"
"ro-RO","AS","Language","Romanian"
"ro-RO","AS","LCID","0418"
"ro-RO","AS","BaseCulture","ro"
"rof","AS","Region","Rombo"
"rof","AS","Language","Rombo"
"rof","AS","LCID","0000"
"rof-TZ","AS","Region","Rombo (Tanzania)"
"rof-TZ","AS","Language","Rombo"
"rof-TZ","AS","LCID","0000"
"rof-TZ","AS","BaseCulture","rof"
"ru","AS","Region","Russian"
"ru","AS","Language","Russian"
"ru","AS","LCID","0019"
"ru-BY","AS","Region","Russian (Belarus)"
"ru-BY","AS","Language","Russian"
"ru-BY","AS","LCID","0019"
"ru-BY","AS","BaseCulture","ru"
"ru-KG","AS","Region","Russian (Kyrgyzstan)"
"ru-KG","AS","Language","Russian"
"ru-KG","AS","LCID","0019"
"ru-KG","AS","BaseCulture","ru"
"ru-KZ","AS","Region","Russian (Kazakhstan)"
"ru-KZ","AS","Language","Russian"
"ru-KZ","AS","LCID","0019"
"ru-KZ","AS","BaseCulture","ru"
"ru-MD","AS","Region","Russian (Moldova)"
"ru-MD","AS","Language","Russian"
"ru-MD","AS","LCID","0819"
"ru-MD","AS","BaseCulture","ru"
"ru-RU","AS","Region","Russian (Russia)"
"ru-RU","AS","Language","Russian"
"ru-RU","AS","LCID","0419"
"ru-RU","AS","BaseCulture","ru"
"ru-UA","AS","Region","Russian (Ukraine)"
"ru-UA","AS","Language","Russian"
"ru-UA","AS","LCID","0019"
"ru-UA","AS","BaseCulture","ru"
"rw","AS","Region","Kinyarwanda"
"rw","AS","Language","Kinyarwanda"
"rw","AS","LCID","0087"
"rw-RW","AS","Region","Kinyarwanda (Rwanda)"
"rw-RW","AS","Language","Kinyarwanda"
"rw-RW","AS","LCID","0487"
"rw-RW","AS","BaseCulture","rw"
"rwk","AS","Region","Rwa"
"rwk","AS","Language","Rwa"
"rwk","AS","LCID","0000"
"rwk-TZ","AS","Region","Rwa (Tanzania)"
"rwk-TZ","AS","Language","Rwa"
"rwk-TZ","AS","LCID","0000"
"rwk-TZ","AS","BaseCulture","rwk"
"sa","AS","Region","Sanskrit"
"sa","AS","Language","Sanskrit"
"sa","AS","LCID","004F"
"sa-IN","AS","Region","Sanskrit (India)"
"sa-IN","AS","Language","Sanskrit"
"sa-IN","AS","LCID","044F"
"sa-IN","AS","BaseCulture","sa"
"sah","AS","Region","Yakut"
"sah","AS","Language","Yakut"
"sah","AS","LCID","0085"
"sah-RU","AS","Region","Yakut (Russia)"
"sah-RU","AS","Language","Yakut"
"sah-RU","AS","LCID","0485"
"sah-RU","AS","BaseCulture","sah"
"saq","AS","Region","Samburu"
"saq","AS","Language","Samburu"
"saq","AS","LCID","0000"
"saq-KE","AS","Region","Samburu (Kenya)"
"saq-KE","AS","Language","Samburu"
"saq-KE","AS","LCID","0000"
"saq-KE","AS","BaseCulture","saq"
"sat","AS","Region","Santali"
"sat","AS","Language","Santali"
"sat","AS","LCID","0000"
"sat-Olck","AS","Region","Santali (Ol Chiki)"
"sat-Olck","AS","Language","Santali (Ol Chiki)"
"sat-Olck","AS","LCID","0000"
"sat-Olck","AS","BaseCulture","sat"
"sat-Olck-IN","AS","Region","Santali (Ol Chiki, India)"
"sat-Olck-IN","AS","Language","Santali (Ol Chiki)"
"sat-Olck-IN","AS","LCID","0000"
"sat-Olck-IN","AS","BaseCulture","sat"
"sbp","AS","Region","Sangu"
"sbp","AS","Language","Sangu"
"sbp","AS","LCID","0000"
"sbp-TZ","AS","Region","Sangu (Tanzania)"
"sbp-TZ","AS","Language","Sangu"
"sbp-TZ","AS","LCID","0000"
"sbp-TZ","AS","BaseCulture","sbp"
"sd","AS","Region","Sindhi"
"sd","AS","Language","Sindhi"
"sd","AS","LCID","0059"
"sd-Arab","AS","Region","Sindhi (Arabic)"
"sd-Arab","AS","Language","Sindhi (Arabic)"
"sd-Arab","AS","LCID","7C59"
"sd-Arab","AS","BaseCulture","sd"
"sd-Arab-PK","AS","Region","Sindhi (Arabic, Pakistan)"
"sd-Arab-PK","AS","Language","Sindhi (Arabic)"
"sd-Arab-PK","AS","LCID","0859"
"sd-Arab-PK","AS","BaseCulture","sd"
"sd-Deva","AS","Region","Sindhi (Devanagari)"
"sd-Deva","AS","Language","Sindhi (Devanagari)"
"sd-Deva","AS","LCID","0059"
"sd-Deva","AS","BaseCulture","sd"
"sd-Deva-IN","AS","Region","Sindhi (Devanagari, India)"
"sd-Deva-IN","AS","Language","Sindhi (Devanagari)"
"sd-Deva-IN","AS","LCID","0459"
"sd-Deva-IN","AS","BaseCulture","sd"
"se","AS","Region","Northern Sami"
"se","AS","Language","Northern Sami"
"se","AS","LCID","003B"
"se-FI","AS","Region","Northern Sami (Finland)"
"se-FI","AS","Language","Northern Sami"
"se-FI","AS","LCID","0C3B"
"se-FI","AS","BaseCulture","se"
"se-NO","AS","Region","Northern Sami (Norway)"
"se-NO","AS","Language","Northern Sami"
"se-NO","AS","LCID","043B"
"se-NO","AS","BaseCulture","se"
"se-SE","AS","Region","Northern Sami (Sweden)"
"se-SE","AS","Language","Northern Sami"
"se-SE","AS","LCID","083B"
"se-SE","AS","BaseCulture","se"
"seh","AS","Region","Sena"
"seh","AS","Language","Sena"
"seh","AS","LCID","0000"
"seh-MZ","AS","Region","Sena (Mozambique)"
"seh-MZ","AS","Language","Sena"
"seh-MZ","AS","LCID","0000"
"seh-MZ","AS","BaseCulture","seh"
"ses","AS","Region","Koyraboro Senni"
"ses","AS","Language","Koyraboro Senni"
"ses","AS","LCID","0000"
"ses-ML","AS","Region","Koyraboro Senni (Mali)"
"ses-ML","AS","Language","Koyraboro Senni"
"ses-ML","AS","LCID","0000"
"ses-ML","AS","BaseCulture","ses"
"sg","AS","Region","Sango"
"sg","AS","Language","Sango"
"sg","AS","LCID","0000"
"sg-CF","AS","Region","Sango (Central African Republic)"
"sg-CF","AS","Language","Sango"
"sg-CF","AS","LCID","0000"
"sg-CF","AS","BaseCulture","sg"
"shi","AS","Region","Tachelhit"
"shi","AS","Language","Tachelhit"
"shi","AS","LCID","0000"
"shi-Latn","AS","Region","Tachelhit (Latin)"
"shi-Latn","AS","Language","Tachelhit (Latin)"
"shi-Latn","AS","LCID","0000"
"shi-Latn","AS","BaseCulture","shi"
"shi-Latn-MA","AS","Region","Tachelhit (Latin, Morocco)"
"shi-Latn-MA","AS","Language","Tachelhit (Latin)"
"shi-Latn-MA","AS","LCID","0000"
"shi-Latn-MA","AS","BaseCulture","shi"
"shi-Tfng","AS","Region","Tachelhit (Tifinagh)"
"shi-Tfng","AS","Language","Tachelhit (Tifinagh)"
"shi-Tfng","AS","LCID","0000"
"shi-Tfng","AS","BaseCulture","shi"
"shi-Tfng-MA","AS","Region","Tachelhit (Tifinagh, Morocco)"
"shi-Tfng-MA","AS","Language","Tachelhit (Tifinagh)"
"shi-Tfng-MA","AS","LCID","0000"
"shi-Tfng-MA","AS","BaseCulture","shi"
"si","AS","Region","Sinhala"
"si","AS","Language","Sinhala"
"si","AS","LCID","005B"
"si-LK","AS","Region","Sinhala (Sri Lanka)"
"si-LK","AS","Language","Sinhala"
"si-LK","AS","LCID","045B"
"si-LK","AS","BaseCulture","si"
"sk","AS","Region","Slovak"
"sk","AS","Language","Slovak"
"sk","AS","LCID","001B"
"sk-SK","AS","Region","Slovak (Slovakia)"
"sk-SK","AS","Language","Slovak"
"sk-SK","AS","LCID","041B"
"sk-SK","AS","BaseCulture","sk"
"sl","AS","Region","Slovenian"
"sl","AS","Language","Slovenian"
"sl","AS","LCID","0024"
"sl-SI","AS","Region","Slovenian (Slovenia)"
"sl-SI","AS","Language","Slovenian"
"sl-SI","AS","LCID","0424"
"sl-SI","AS","BaseCulture","sl"
"smn","AS","Region","Inari Sami"
"smn","AS","Language","Inari Sami"
"smn","AS","LCID","703B"
"smn-FI","AS","Region","Inari Sami (Finland)"
"smn-FI","AS","Language","Inari Sami"
"smn-FI","AS","LCID","243B"
"smn-FI","AS","BaseCulture","smn"
"sn","AS","Region","Shona"
"sn","AS","Language","Shona"
"sn","AS","LCID","0000"
"sn-ZW","AS","Region","Shona (Zimbabwe)"
"sn-ZW","AS","Language","Shona"
"sn-ZW","AS","LCID","0000"
"sn-ZW","AS","BaseCulture","sn"
"so","AS","Region","Somali"
"so","AS","Language","Somali"
"so","AS","LCID","0077"
"so-DJ","AS","Region","Somali (Djibouti)"
"so-DJ","AS","Language","Somali"
"so-DJ","AS","LCID","0077"
"so-DJ","AS","BaseCulture","so"
"so-ET","AS","Region","Somali (Ethiopia)"
"so-ET","AS","Language","Somali"
"so-ET","AS","LCID","0077"
"so-ET","AS","BaseCulture","so"
"so-KE","AS","Region","Somali (Kenya)"
"so-KE","AS","Language","Somali"
"so-KE","AS","LCID","0077"
"so-KE","AS","BaseCulture","so"
"so-SO","AS","Region","Somali (Somalia)"
"so-SO","AS","Language","Somali"
"so-SO","AS","LCID","0477"
"so-SO","AS","BaseCulture","so"
"sq","AS","Region","Albanian"
"sq","AS","Language","Albanian"
"sq","AS","LCID","001C"
"sq-AL","AS","Region","Albanian (Albania)"
"sq-AL","AS","Language","Albanian"
"sq-AL","AS","LCID","041C"
"sq-AL","AS","BaseCulture","sq"
"sq-MK","AS","Region","Albanian (North Macedonia)"
"sq-MK","AS","Language","Albanian"
"sq-MK","AS","LCID","001C"
"sq-MK","AS","BaseCulture","sq"
"sq-XK","AS","Region","Albanian (Kosovo)"
"sq-XK","AS","Language","Albanian"
"sq-XK","AS","LCID","001C"
"sq-XK","AS","BaseCulture","sq"
"sr","AS","Region","Serbian"
"sr","AS","Language","Serbian"
"sr","AS","LCID","7C1A"
"sr-Cyrl","AS","Region","Serbian (Cyrillic)"
"sr-Cyrl","AS","Language","Serbian (Cyrillic)"
"sr-Cyrl","AS","LCID","6C1A"
"sr-Cyrl","AS","BaseCulture","sr"
"sr-Cyrl-BA","AS","Region","Serbian (Cyrillic, Bosnia & Herzegovina)"
"sr-Cyrl-BA","AS","Language","Serbian (Cyrillic)"
"sr-Cyrl-BA","AS","LCID","1C1A"
"sr-Cyrl-BA","AS","BaseCulture","sr"
"sr-Cyrl-ME","AS","Region","Serbian (Cyrillic, Montenegro)"
"sr-Cyrl-ME","AS","Language","Serbian (Cyrillic)"
"sr-Cyrl-ME","AS","LCID","301A"
"sr-Cyrl-ME","AS","BaseCulture","sr"
"sr-Cyrl-RS","AS","Region","Serbian (Cyrillic, Serbia)"
"sr-Cyrl-RS","AS","Language","Serbian (Cyrillic)"
"sr-Cyrl-RS","AS","LCID","281A"
"sr-Cyrl-RS","AS","BaseCulture","sr"
"sr-Cyrl-XK","AS","Region","Serbian (Cyrillic, Kosovo)"
"sr-Cyrl-XK","AS","Language","Serbian (Cyrillic)"
"sr-Cyrl-XK","AS","LCID","6C1A"
"sr-Cyrl-XK","AS","BaseCulture","sr"
"sr-Latn","AS","Region","Serbian (Latin)"
"sr-Latn","AS","Language","Serbian (Latin)"
"sr-Latn","AS","LCID","701A"
"sr-Latn","AS","BaseCulture","sr"
"sr-Latn-BA","AS","Region","Serbian (Latin, Bosnia & Herzegovina)"
"sr-Latn-BA","AS","Language","Serbian (Latin)"
"sr-Latn-BA","AS","LCID","181A"
"sr-Latn-BA","AS","BaseCulture","sr"
"sr-Latn-ME","AS","Region","Serbian (Latin, Montenegro)"
"sr-Latn-ME","AS","Language","Serbian (Latin)"
"sr-Latn-ME","AS","LCID","2C1A"
"sr-Latn-ME","AS","BaseCulture","sr"
"sr-Latn-RS","AS","Region","Serbian (Latin, Serbia)"
"sr-Latn-RS","AS","Language","Serbian (Latin)"
"sr-Latn-RS","AS","LCID","241A"
"sr-Latn-RS","AS","BaseCulture","sr"
"sr-Latn-XK","AS","Region","Serbian (Latin, Kosovo)"
"sr-Latn-XK","AS","Language","Serbian (Latin)"
"sr-Latn-XK","AS","LCID","701A"
"sr-Latn-XK","AS","BaseCulture","sr"
"su","AS","Region","Sundanese"
"su","AS","Language","Sundanese"
"su","AS","LCID","0000"
"su-Latn","AS","Region","Sundanese (Latin)"
"su-Latn","AS","Language","Sundanese (Latin)"
"su-Latn","AS","LCID","0000"
"su-Latn","AS","BaseCulture","su"
"su-Latn-ID","AS","Region","Sundanese (Latin, Indonesia)"
"su-Latn-ID","AS","Language","Sundanese (Latin)"
"su-Latn-ID","AS","LCID","0000"
"su-Latn-ID","AS","BaseCulture","su"
"sv","AS","Region","Swedish"
"sv","AS","Language","Swedish"
"sv","AS","LCID","001D"
"sv-AX","AS","Region","Swedish (Åland Islands)"
"sv-AX","AS","Language","Swedish"
"sv-AX","AS","LCID","001D"
"sv-AX","AS","BaseCulture","sv"
"sv-FI","AS","Region","Swedish (Finland)"
"sv-FI","AS","Language","Swedish"
"sv-FI","AS","LCID","081D"
"sv-FI","AS","BaseCulture","sv"
"sv-SE","AS","Region","Swedish (Sweden)"
"sv-SE","AS","Language","Swedish"
"sv-SE","AS","LCID","041D"
"sv-SE","AS","BaseCulture","sv"
"sw","AS","Region","Swahili"
"sw","AS","Language","Swahili"
"sw","AS","LCID","0041"
"sw-CD","AS","Region","Swahili (Congo - Kinshasa)"
"sw-CD","AS","Language","Swahili"
"sw-CD","AS","LCID","0041"
"sw-CD","AS","BaseCulture","sw"
"sw-KE","AS","Region","Swahili (Kenya)"
"sw-KE","AS","Language","Swahili"
"sw-KE","AS","LCID","0441"
"sw-KE","AS","BaseCulture","sw"
"sw-TZ","AS","Region","Swahili (Tanzania)"
"sw-TZ","AS","Language","Swahili"
"sw-TZ","AS","LCID","0041"
"sw-TZ","AS","BaseCulture","sw"
"sw-UG","AS","Region","Swahili (Uganda)"
"sw-UG","AS","Language","Swahili"
"sw-UG","AS","LCID","0041"
"sw-UG","AS","BaseCulture","sw"
"ta","AS","Region","Tamil"
"ta","AS","Language","Tamil"
"ta","AS","LCID","0049"
"ta-IN","AS","Region","Tamil (India)"
"ta-IN","AS","Language","Tamil"
"ta-IN","AS","LCID","0449"
"ta-IN","AS","BaseCulture","ta"
"ta-LK","AS","Region","Tamil (Sri Lanka)"
"ta-LK","AS","Language","Tamil"
"ta-LK","AS","LCID","0849"
"ta-LK","AS","BaseCulture","ta"
"ta-MY","AS","Region","Tamil (Malaysia)"
"ta-MY","AS","Language","Tamil"
"ta-MY","AS","LCID","0049"
"ta-MY","AS","BaseCulture","ta"
"ta-SG","AS","Region","Tamil (Singapore)"
"ta-SG","AS","Language","Tamil"
"ta-SG","AS","LCID","0049"
"ta-SG","AS","BaseCulture","ta"
"te","AS","Region","Telugu"
"te","AS","Language","Telugu"
"te","AS","LCID","004A"
"te-IN","AS","Region","Telugu (India)"
"te-IN","AS","Language","Telugu"
"te-IN","AS","LCID","044A"
"te-IN","AS","BaseCulture","te"
"teo","AS","Region","Teso"
"teo","AS","Language","Teso"
"teo","AS","LCID","0000"
"teo-KE","AS","Region","Teso (Kenya)"
"teo-KE","AS","Language","Teso"
"teo-KE","AS","LCID","0000"
"teo-KE","AS","BaseCulture","teo"
"teo-UG","AS","Region","Teso (Uganda)"
"teo-UG","AS","Language","Teso"
"teo-UG","AS","LCID","0000"
"teo-UG","AS","BaseCulture","teo"
"tg","AS","Region","Tajik"
"tg","AS","Language","Tajik"
"tg","AS","LCID","0028"
"tg-TJ","AS","Region","Tajik (Tajikistan)"
"tg-TJ","AS","Language","Tajik"
"tg-TJ","AS","LCID","0428"
"tg-TJ","AS","BaseCulture","tg"
"th","AS","Region","Thai"
"th","AS","Language","Thai"
"th","AS","LCID","001E"
"th-TH","AS","Region","Thai (Thailand)"
"th-TH","AS","Language","Thai"
"th-TH","AS","LCID","041E"
"th-TH","AS","BaseCulture","th"
"ti","AS","Region","Tigrinya"
"ti","AS","Language","Tigrinya"
"ti","AS","LCID","0073"
"ti-ER","AS","Region","Tigrinya (Eritrea)"
"ti-ER","AS","Language","Tigrinya"
"ti-ER","AS","LCID","0873"
"ti-ER","AS","BaseCulture","ti"
"ti-ET","AS","Region","Tigrinya (Ethiopia)"
"ti-ET","AS","Language","Tigrinya"
"ti-ET","AS","LCID","0473"
"ti-ET","AS","BaseCulture","ti"
"tk","AS","Region","Turkmen"
"tk","AS","Language","Turkmen"
"tk","AS","LCID","0042"
"tk-TM","AS","Region","Turkmen (Turkmenistan)"
"tk-TM","AS","Language","Turkmen"
"tk-TM","AS","LCID","0442"
"tk-TM","AS","BaseCulture","tk"
"to","AS","Region","Tongan"
"to","AS","Language","Tongan"
"to","AS","LCID","0000"
"to-TO","AS","Region","Tongan (Tonga)"
"to-TO","AS","Language","Tongan"
"to-TO","AS","LCID","0000"
"to-TO","AS","BaseCulture","to"
"tr","AS","Region","Turkish"
"tr","AS","Language","Turkish"
"tr","AS","LCID","001F"
"tr-CY","AS","Region","Turkish (Cyprus)"
"tr-CY","AS","Language","Turkish"
"tr-CY","AS","LCID","001F"
"tr-CY","AS","BaseCulture","tr"
"tr-TR","AS","Region","Turkish (Turkey)"
"tr-TR","AS","Language","Turkish"
"tr-TR","AS","LCID","041F"
"tr-TR","AS","BaseCulture","tr"
"tt","AS","Region","Tatar"
"tt","AS","Language","Tatar"
"tt","AS","LCID","0044"
"tt-RU","AS","Region","Tatar (Russia)"
"tt-RU","AS","Language","Tatar"
"tt-RU","AS","LCID","0444"
"tt-RU","AS","BaseCulture","tt"
"twq","AS","Region","Tasawaq"
"twq","AS","Language","Tasawaq"
"twq","AS","LCID","0000"
"twq-NE","AS","Region","Tasawaq (Niger)"
"twq-NE","AS","Language","Tasawaq"
"twq-NE","AS","LCID","0000"
"twq-NE","AS","BaseCulture","twq"
"tzm","AS","Region","Central Atlas Tamazight"
"tzm","AS","Language","Central Atlas Tamazight"
"tzm","AS","LCID","005F"
"tzm-MA","AS","Region","Central Atlas Tamazight (Morocco)"
"tzm-MA","AS","Language","Central Atlas Tamazight"
"tzm-MA","AS","LCID","005F"
"tzm-MA","AS","BaseCulture","tzm"
"ug","AS","Region","Uyghur"
"ug","AS","Language","Uyghur"
"ug","AS","LCID","0080"
"ug-CN","AS","Region","Uyghur (China)"
"ug-CN","AS","Language","Uyghur"
"ug-CN","AS","LCID","0480"
"ug-CN","AS","BaseCulture","ug"
"uk","AS","Region","Ukrainian"
"uk","AS","Language","Ukrainian"
"uk","AS","LCID","0022"
"uk-UA","AS","Region","Ukrainian (Ukraine)"
"uk-UA","AS","Language","Ukrainian"
"uk-UA","AS","LCID","0422"
"uk-UA","AS","BaseCulture","uk"
"ur","AS","Region","Urdu"
"ur","AS","Language","Urdu"
"ur","AS","LCID","0020"
"ur-IN","AS","Region","Urdu (India)"
"ur-IN","AS","Language","Urdu"
"ur-IN","AS","LCID","0820"
"ur-IN","AS","BaseCulture","ur"
"ur-PK","AS","Region","Urdu (Pakistan)"
"ur-PK","AS","Language","Urdu"
"ur-PK","AS","LCID","0420"
"ur-PK","AS","BaseCulture","ur"
"uz","AS","Region","Uzbek"
"uz","AS","Language","Uzbek"
"uz","AS","LCID","0043"
"uz-Arab","AS","Region","Uzbek (Arabic)"
"uz-Arab","AS","Language","Uzbek (Arabic)"
"uz-Arab","AS","LCID","0043"
"uz-Arab","AS","BaseCulture","uz"
"uz-Arab-AF","AS","Region","Uzbek (Arabic, Afghanistan)"
"uz-Arab-AF","AS","Language","Uzbek (Arabic)"
"uz-Arab-AF","AS","LCID","0043"
"uz-Arab-AF","AS","BaseCulture","uz"
"uz-Cyrl","AS","Region","Uzbek (Cyrillic)"
"uz-Cyrl","AS","Language","Uzbek (Cyrillic)"
"uz-Cyrl","AS","LCID","7843"
"uz-Cyrl","AS","BaseCulture","uz"
"uz-Cyrl-UZ","AS","Region","Uzbek (Cyrillic, Uzbekistan)"
"uz-Cyrl-UZ","AS","Language","Uzbek (Cyrillic)"
"uz-Cyrl-UZ","AS","LCID","0843"
"uz-Cyrl-UZ","AS","BaseCulture","uz"
"uz-Latn","AS","Region","Uzbek (Latin)"
"uz-Latn","AS","Language","Uzbek (Latin)"
"uz-Latn","AS","LCID","7C43"
"uz-Latn","AS","BaseCulture","uz"
"uz-Latn-UZ","AS","Region","Uzbek (Latin, Uzbekistan)"
"uz-Latn-UZ","AS","Language","Uzbek (Latin)"
"uz-Latn-UZ","AS","LCID","0443"
"uz-Latn-UZ","AS","BaseCulture","uz"
"vai","AS","Region","Vai"
"vai","AS","Language","Vai"
"vai","AS","LCID","0000"
"vai-Latn","AS","Region","Vai (Latin)"
"vai-Latn","AS","Language","Vai (Latin)"
"vai-Latn","AS","LCID","0000"
"vai-Latn","AS","BaseCulture","vai"
"vai-Latn-LR","AS","Region","Vai (Latin, Liberia)"
"vai-Latn-LR","AS","Language","Vai (Latin)"
"vai-Latn-LR","AS","LCID","0000"
"vai-Latn-LR","AS","BaseCulture","vai"
"vai-Vaii","AS","Region","Vai (Vai)"
"vai-Vaii","AS","Language","Vai (Vai)"
"vai-Vaii","AS","LCID","0000"
"vai-Vaii","AS","BaseCulture","vai"
"vai-Vaii-LR","AS","Region","Vai (Vai, Liberia)"
"vai-Vaii-LR","AS","Language","Vai (Vai)"
"vai-Vaii-LR","AS","LCID","0000"
"vai-Vaii-LR","AS","BaseCulture","vai"
"vi","AS","Region","Vietnamese"
"vi","AS","Language","Vietnamese"
"vi","AS","LCID","002A"
"vi-VN","AS","Region","Vietnamese (Vietnam)"
"vi-VN","AS","Language","Vietnamese"
"vi-VN","AS","LCID","042A"
"vi-VN","AS","BaseCulture","vi"
"vun","AS","Region","Vunjo"
"vun","AS","Language","Vunjo"
"vun","AS","LCID","0000"
"vun-TZ","AS","Region","Vunjo (Tanzania)"
"vun-TZ","AS","Language","Vunjo"
"vun-TZ","AS","LCID","0000"
"vun-TZ","AS","BaseCulture","vun"
"wae","AS","Region","Walser"
"wae","AS","Language","Walser"
"wae","AS","LCID","0000"
"wae-CH","AS","Region","Walser (Switzerland)"
"wae-CH","AS","Language","Walser"
"wae-CH","AS","LCID","0000"
"wae-CH","AS","BaseCulture","wae"
"wo","AS","Region","Wolof"
"wo","AS","Language","Wolof"
"wo","AS","LCID","0088"
"wo-SN","AS","Region","Wolof (Senegal)"
"wo-SN","AS","Language","Wolof"
"wo-SN","AS","LCID","0488"
"wo-SN","AS","BaseCulture","wo"
"xh","AS","Region","Xhosa"
"xh","AS","Language","Xhosa"
"xh","AS","LCID","0034"
"xh-ZA","AS","Region","Xhosa (South Africa)"
"xh-ZA","AS","Language","Xhosa"
"xh-ZA","AS","LCID","0434"
"xh-ZA","AS","BaseCulture","xh"
"xog","AS","Region","Soga"
"xog","AS","Language","Soga"
"xog","AS","LCID","0000"
"xog-UG","AS","Region","Soga (Uganda)"
"xog-UG","AS","Language","Soga"
"xog-UG","AS","LCID","0000"
"xog-UG","AS","BaseCulture","xog"
"yav","AS","Region","Yangben"
"yav","AS","Language","Yangben"
"yav","AS","LCID","0000"
"yav-CM","AS","Region","Yangben (Cameroon)"
"yav-CM","AS","Language","Yangben"
"yav-CM","AS","LCID","0000"
"yav-CM","AS","BaseCulture","yav"
"yi","AS","Region","Yiddish"
"yi","AS","Language","Yiddish"
"yi","AS","LCID","003D"
"yi-001","AS","Region","Yiddish (World)"
"yi-001","AS","Language","Yiddish"
"yi-001","AS","LCID","043D"
"yi-001","AS","BaseCulture","yi"
"yo","AS","Region","Yoruba"
"yo","AS","Language","Yoruba"
"yo","AS","LCID","006A"
"yo-BJ","AS","Region","Yoruba (Benin)"
"yo-BJ","AS","Language","Yoruba"
"yo-BJ","AS","LCID","006A"
"yo-BJ","AS","BaseCulture","yo"
"yo-NG","AS","Region","Yoruba (Nigeria)"
"yo-NG","AS","Language","Yoruba"
"yo-NG","AS","LCID","046A"
"yo-NG","AS","BaseCulture","yo"
"yue","AS","Region","Cantonese"
"yue","AS","Language","Cantonese"
"yue","AS","LCID","0000"
"yue-Hans","AS","Region","Cantonese (Simplified)"
"yue-Hans","AS","Language","Cantonese (Simplified Han)"
"yue-Hans","AS","LCID","0000"
"yue-Hans","AS","BaseCulture","yue"
"yue-Hans-CN","AS","Region","Cantonese (Simplified, China)"
"yue-Hans-CN","AS","Language","Cantonese (Simplified Han)"
"yue-Hans-CN","AS","LCID","0000"
"yue-Hans-CN","AS","BaseCulture","yue"
"yue-Hant","AS","Region","Cantonese (Traditional)"
"yue-Hant","AS","Language","Cantonese (Traditional Han)"
"yue-Hant","AS","LCID","0000"
"yue-Hant","AS","BaseCulture","yue"
"yue-Hant-HK","AS","Region","Cantonese (Traditional, Hong Kong SAR China)"
"yue-Hant-HK","AS","Language","Cantonese (Traditional Han)"
"yue-Hant-HK","AS","LCID","0000"
"yue-Hant-HK","AS","BaseCulture","yue"
"zgh","AS","Region","Standard Moroccan Tamazight"
"zgh","AS","Language","Standard Moroccan Tamazight"
"zgh","AS","LCID","0000"
"zgh-MA","AS","Region","Standard Moroccan Tamazight (Morocco)"
"zgh-MA","AS","Language","Standard Moroccan Tamazight"
"zgh-MA","AS","LCID","0000"
"zgh-MA","AS","BaseCulture","zgh"
"zh","AS","Region","Chinese"
"zh","AS","Language","Chinese"
"zh","AS","LCID","7804"
"zh-Hans","AS","Region","Chinese (Simplified)"
"zh-Hans","AS","Language","Chinese (Simplified Han)"
"zh-Hans","AS","LCID","0004"
"zh-Hans","AS","BaseCulture","zh"
"zh-Hans-CN","AS","Region","Chinese (Simplified, China)"
"zh-Hans-CN","AS","Language","Chinese (Simplified Han)"
"zh-Hans-CN","AS","LCID","0804"
"zh-Hans-CN","AS","BaseCulture","zh"
"zh-Hans-HK","AS","Region","Chinese (Simplified, Hong Kong SAR China)"
"zh-Hans-HK","AS","Language","Chinese (Simplified Han)"
"zh-Hans-HK","AS","LCID","0004"
"zh-Hans-HK","AS","BaseCulture","zh"
"zh-Hans-MO","AS","Region","Chinese (Simplified, Macao SAR China)"
"zh-Hans-MO","AS","Language","Chinese (Simplified Han)"
"zh-Hans-MO","AS","LCID","0004"
"zh-Hans-MO","AS","BaseCulture","zh"
"zh-Hans-SG","AS","Region","Chinese (Simplified, Singapore)"
"zh-Hans-SG","AS","Language","Chinese (Simplified Han)"
"zh-Hans-SG","AS","LCID","1004"
"zh-Hans-SG","AS","BaseCulture","zh"
"zh-Hant","AS","Region","Chinese (Traditional)"
"zh-Hant","AS","Language","Chinese (Traditional Han)"
"zh-Hant","AS","LCID","7C04"
"zh-Hant","AS","BaseCulture","zh"
"zh-Hant-HK","AS","Region","Chinese (Traditional, Hong Kong SAR China)"
"zh-Hant-HK","AS","Language","Chinese (Traditional Han)"
"zh-Hant-HK","AS","LCID","0C04"
"zh-Hant-HK","AS","BaseCulture","zh"
"zh-Hant-MO","AS","Region","Chinese (Traditional, Macao SAR China)"
"zh-Hant-MO","AS","Language","Chinese (Traditional Han)"
"zh-Hant-MO","AS","LCID","1404"
"zh-Hant-MO","AS","BaseCulture","zh"
"zh-Hant-TW","AS","Region","Chinese (Traditional, Taiwan)"
"zh-Hant-TW","AS","Language","Chinese (Traditional Han)"
"zh-Hant-TW","AS","LCID","0404"
"zh-Hant-TW","AS","BaseCulture","zh"
"zu","AS","Region","Zulu"
"zu","AS","Language","Zulu"
"zu","AS","LCID","0035"
"zu-ZA","AS","Region","Zulu (South Africa)"
"zu-ZA","AS","Language","Zulu"
"zu-ZA","AS","LCID","0435"
"zu-ZA","AS","BaseCulture","zu"
